#include "../../../lvgl.h"
#if LV_USE_QOI && LV_BUILD_EXAMPLES

#ifndef LV_ATTRIBUTE_MEM_ALIGN
    #define LV_ATTRIBUTE_MEM_ALIGN
#endif

#ifndef LV_ATTRIBUTE_IMG_QOI_DEMO
    #define LV_ATTRIBUTE_IMG_QOI_DEMO
#endif

static const
LV_ATTRIBUTE_MEM_ALIGN LV_ATTRIBUTE_LARGE_CONST LV_ATTRIBUTE_IMG_QOI_DEMO
uint8_t img_qoi_demo_map[] = {
    0x71, 0x6f, 0x69, 0x66, 0x00, 0x00, 0x00, 0xa3, 0x00, 0x00, 0x00, 0xa3, 0x04, 0x00, 0x55, 0xc0,
    0x55, 0x26, 0x88, 0x88, 0xfe, 0x2c, 0x2c, 0x2c, 0xfe, 0x00, 0x00, 0x00, 0xa4, 0x88, 0x35, 0xc3,
    0x31, 0x35, 0xfe, 0xbb, 0xbb, 0xbb, 0x26, 0x40, 0x26, 0xc3, 0x9c, 0x88, 0x26, 0xfe, 0x7f, 0x7f,
    0x7f, 0x35, 0xa6, 0x88, 0x35, 0xc3, 0x31, 0x35, 0xfe, 0x58, 0x58, 0x58, 0xfe, 0xff, 0xff, 0xff,
    0x2a, 0x26, 0xc3, 0x2a, 0x26, 0xfe, 0xbf, 0xbf, 0xbf, 0xfe, 0x0e, 0x0e, 0x0e, 0x93, 0x88, 0x7f,
    0x35, 0xc4, 0xaf, 0x88, 0xfe, 0xeb, 0xeb, 0xeb, 0xb4, 0x88, 0x17, 0x26, 0xc2, 0x17, 0x40, 0x26,
    0xfe, 0x41, 0x41, 0x41, 0x35, 0xa3, 0x88, 0x35, 0xc3, 0x22, 0x35, 0xfe, 0x8c, 0x8c, 0x8c, 0x26,
    0x9a, 0x88, 0x26, 0xc3, 0x0c, 0x26, 0x29, 0x35, 0x22, 0x35, 0xc3, 0x22, 0x35, 0x04, 0x26, 0x39,
    0x17, 0x26, 0xc2, 0x17, 0x26, 0x3a, 0x16, 0x35, 0xc4, 0x13, 0x55, 0x07, 0xfe, 0xbf, 0xbf, 0xbf,
    0xfe, 0xff, 0xff, 0xff, 0x2a, 0x26, 0xc3, 0x2a, 0x26, 0x1d, 0x35, 0x31, 0x35, 0xc3, 0x0f, 0x35,
    0xfe, 0x7f, 0x7f, 0x7f, 0xfe, 0xff, 0xff, 0xff, 0x2a, 0x26, 0xc3, 0x08, 0x26, 0xfe, 0xbb, 0xbb,
    0xbb, 0x35, 0x31, 0x35, 0xc3, 0x31, 0x35, 0x09, 0x3e, 0x26, 0x17, 0x26, 0xc2, 0x17, 0x26, 0x3e,
    0x09, 0x35, 0x31, 0x35, 0xc3, 0x31, 0x35, 0x2a, 0x26, 0x08, 0x26, 0xc3, 0x9c, 0x88, 0x26, 0xfe,
    0x7f, 0x7f, 0x7f, 0x35, 0x0f, 0x35, 0xc3, 0x31, 0x35, 0x1d, 0xfe, 0xff, 0xff, 0xff, 0x2a, 0x26,
    0xc3, 0x2a, 0x26, 0xfe, 0xbf, 0xbf, 0xbf, 0x07, 0x04, 0x13, 0x35, 0xc4, 0x16, 0x3a, 0xb4, 0x88,
    0x17, 0x26, 0xc2, 0x17, 0x39, 0x26, 0xfe, 0x41, 0x41, 0x41, 0x35, 0x22, 0x35, 0xc3, 0x22, 0x35,
    0x29, 0x26, 0x0c, 0x26, 0xc3, 0x0c, 0x26, 0x29, 0x35, 0x22, 0x35, 0xc3, 0x22, 0x35, 0x04, 0x26,
    0x39, 0x17, 0x26, 0xc2, 0x17, 0x26, 0x3a, 0x16, 0x35, 0xc4, 0x13, 0x55, 0x07, 0xfe, 0xbf, 0xbf,
    0xbf, 0xfe, 0xff, 0xff, 0xff, 0x2a, 0x26, 0xc3, 0x2a, 0x26, 0x1d, 0x35, 0x31, 0x35, 0xc3, 0x0f,
    0x35, 0xfe, 0x7f, 0x7f, 0x7f, 0xfe, 0xff, 0xff, 0xff, 0x2a, 0x26, 0xc3, 0x08, 0x26, 0xfe, 0xbb,
    0xbb, 0xbb, 0x35, 0x31, 0x35, 0xc3, 0x31, 0x35, 0x09, 0x3e, 0x26, 0x17, 0x26, 0xc0, 0x17, 0xc0,
    0x08, 0x17, 0x88, 0x88, 0xfe, 0x2d, 0x2d, 0x2d, 0x04, 0xa4, 0x88, 0x04, 0xc3, 0x00, 0x04, 0x2a,
    0x26, 0x08, 0x26, 0xc3, 0x9c, 0x88, 0x26, 0xfe, 0x80, 0x80, 0x80, 0x04, 0xa6, 0x88, 0x04, 0xc3,
    0x00, 0x04, 0xfe, 0x59, 0x59, 0x59, 0x26, 0x2a, 0x26, 0xc3, 0x2a, 0x26, 0xfe, 0xbf, 0xbf, 0xbf,
    0x16, 0x13, 0x22, 0x04, 0xc4, 0xaf, 0x88, 0x3a, 0xb4, 0x88, 0x17, 0x26, 0xc2, 0x17, 0x39, 0x26,
    0xfe, 0x42, 0x42, 0x42, 0x04, 0x31, 0x04, 0xc3, 0x31, 0x04, 0xfe, 0x8d, 0x8d, 0x8d, 0x26, 0x0c,
    0x26, 0xc3, 0x0c, 0x26, 0x38, 0x04, 0x31, 0x04, 0xc3, 0x31, 0x04, 0x13, 0x26, 0x39, 0x17, 0x26,
    0xc2, 0x17, 0x26, 0x3a, 0x25, 0x04, 0xc4, 0x22, 0x55, 0x16, 0xfe, 0xbf, 0xbf, 0xbf, 0xfe, 0xff,
    0xff, 0xff, 0x2a, 0x26, 0xc3, 0x2a, 0x26, 0x2c, 0x04, 0x00, 0x04, 0xc3, 0x1e, 0x04, 0x35, 0x26,
    0x2a, 0x26, 0xc3, 0x08, 0x26, 0xfe, 0xbb, 0xbb, 0xbb, 0x04, 0x00, 0x04, 0xc3, 0x00, 0x04, 0x18,
    0x2f, 0x17, 0x08, 0x17, 0xc0, 0x26, 0xc2, 0x89, 0x88, 0xfe, 0x2b, 0x2b, 0x2b, 0xfe, 0x00, 0x00,
    0x00, 0xc7, 0x2a, 0x08, 0x40, 0x08, 0xc3, 0x9b, 0x88, 0x08, 0xfe, 0x7e, 0x7e, 0x7e, 0x35, 0x13,
    0x35, 0xc5, 0xfe, 0x56, 0x56, 0x56, 0x08, 0x3d, 0x08, 0xc3, 0x0c, 0x08, 0xfe, 0xbe, 0xbe, 0xbe,
    0xfe, 0x0b, 0x0b, 0x0b, 0x35, 0xc6, 0x07, 0xfe, 0xea, 0xea, 0xea, 0x08, 0x39, 0x08, 0xc2, 0x39,
    0x0c, 0xa5, 0x88, 0xfe, 0x40, 0x40, 0x40, 0xfe, 0x00, 0x00, 0x00, 0x04, 0x35, 0xc5, 0xfe, 0x8b,
    0x8b, 0x8b, 0x08, 0x9a, 0x88, 0x08, 0xc3, 0x2e, 0x08, 0x1a, 0x35, 0x04, 0x35, 0xc5, 0xfe, 0x40,
    0x40, 0x40, 0x17, 0x0c, 0x39, 0x08, 0xc2, 0x39, 0x08, 0x2b, 0x07, 0x92, 0x88, 0xc6, 0xab, 0x88,
    0xfe, 0xbe, 0xbe, 0xbe, 0x08, 0x0c, 0x08, 0xc3, 0x3d, 0x08, 0x3f, 0x35, 0xc5, 0x13, 0x35, 0xfe,
    0x7e, 0x7e, 0x7e, 0x08, 0x3d, 0x08, 0xc3, 0x2a, 0x08, 0xfe, 0xbb, 0xbb, 0xbb, 0x35, 0xc7, 0x3a,
    0x0d, 0x26, 0xc2, 0x3e, 0xc0, 0x2f, 0x3e, 0x8b, 0x88, 0xfe, 0x38, 0x38, 0x38, 0x87, 0x88, 0xa3,
    0x88, 0x40, 0xc2, 0x06, 0xa5, 0x88, 0x96, 0x88, 0xfe, 0xc0, 0xc0, 0xc0, 0x26, 0xc7, 0xfe, 0x89,
    0x89, 0x89, 0xfe, 0x1c, 0x1c, 0x1c, 0xa9, 0x88, 0x15, 0xc3, 0x7f, 0x06, 0xfe, 0x5f, 0x5f, 0x5f,
    0x26, 0xc7, 0x35, 0xfe, 0x23, 0x23, 0x23, 0x24, 0xc0, 0x15, 0xc4, 0xa7, 0x88, 0xfe, 0xec, 0xec,
    0xec, 0x26, 0xc7, 0xfe, 0x52, 0x52, 0x52, 0xfe, 0x1e, 0x1e, 0x1e, 0x7f, 0x9a, 0x88, 0x9d, 0x88,
    0x55, 0x3f, 0xa2, 0x88, 0xa3, 0x88, 0x3b, 0xfe, 0x8e, 0x8e, 0x8e, 0x26, 0xc7, 0x07, 0x2c, 0xc0,
    0x40, 0x30, 0x3f, 0x1d, 0x0a, 0x24, 0x06, 0x03, 0x26, 0xc7, 0x09, 0x3e, 0x15, 0xc4, 0x24, 0xc0,
    0x02, 0x35, 0x26, 0xc7, 0xfe, 0x5f, 0x5f, 0x5f, 0xfe, 0x1f, 0x1f, 0x1f, 0x24, 0x15, 0xc3, 0x20,
    0x19, 0x3c, 0x26, 0xc7, 0x35, 0x3b, 0x11, 0x06, 0x15, 0xc2, 0x33, 0x06, 0x3d, 0xfe, 0xd2, 0xd2,
    0xd2, 0xb5, 0x88, 0x2f, 0x3e, 0xc0, 0xfe, 0x2c, 0x2c, 0x2c, 0xc0, 0x18, 0x09, 0xb1, 0x88, 0xfe,
    0xb6, 0xb6, 0xb6, 0xa8, 0x88, 0x99, 0x88, 0x2a, 0xc2, 0x7f, 0x2e, 0xae, 0x88, 0xfe, 0xf4, 0xf4,
    0xf4, 0x82, 0x88, 0xc0, 0x7f, 0xc2, 0x7f, 0x9d, 0x88, 0xa9, 0x88, 0xab, 0x88, 0x2a, 0x40, 0x2a,
    0xc5, 0xfe, 0xe0, 0xe0, 0xe0, 0xa3, 0x88, 0x30, 0x1d, 0x0e, 0xc1, 0x1d, 0x0e, 0x3f, 0xb5, 0x88,
    0x80, 0x88, 0x8d, 0x88, 0x2a, 0xc3, 0x39, 0x99, 0x88, 0xbf, 0x88, 0xbf, 0x88, 0x80, 0x88, 0x1d,
    0xc0, 0x7f, 0xa2, 0x88, 0x1d, 0x21, 0x96, 0x88, 0x2f, 0x99, 0x88, 0xfe, 0xb1, 0xb1, 0xb1, 0xb2,
    0x88, 0x03, 0xab, 0x88, 0xa4, 0x88, 0x06, 0x3f, 0x9a, 0x88, 0x9d, 0x88, 0x0d, 0x9a, 0x88, 0x98,
    0x88, 0x2c, 0x0e, 0xc0, 0x1d, 0x0a, 0x7f, 0xa8, 0x88, 0x1c, 0x25, 0x12, 0x28, 0x24, 0x06, 0x3f,
    0x93, 0x88, 0x0c, 0x96, 0x88, 0x06, 0x2f, 0x86, 0x88, 0x0e, 0x3b, 0xc0, 0x1d, 0x0e, 0x1d, 0x12,
    0x32, 0x21, 0x10, 0x39, 0x2a, 0xc3, 0x3d, 0x1a, 0x3a, 0x3f, 0x0e, 0x1d, 0x0e, 0xc1, 0x1d, 0x30,
    0x02, 0x15, 0x2a, 0xc5, 0x0c, 0x2a, 0x1c, 0x37, 0x30, 0x1d, 0x0e, 0xc2, 0x3f, 0xc0, 0x01, 0x00,
    0x2e, 0x39, 0x2a, 0xc2, 0x2e, 0x17, 0x1f, 0x08, 0x09, 0x18, 0x09, 0xc0, 0xfe, 0x00, 0x00, 0x00,
    0xc2, 0xbd, 0x88, 0xfe, 0xc2, 0xc2, 0xc2, 0xfe, 0x8c, 0x8c, 0x8c, 0x94, 0x88, 0xa8, 0x88, 0x40,
    0xc1, 0xa5, 0x88, 0x8d, 0x88, 0xfe, 0xbd, 0xbd, 0xbd, 0xfe, 0xfd, 0xfd, 0xfd, 0x3d, 0xc0, 0x7f,
    0xc2, 0xa2, 0x88, 0x97, 0x88, 0xfe, 0x92, 0x92, 0x92, 0x26, 0xfe, 0x9a, 0x9a, 0x9a, 0x84, 0x88,
    0xab, 0x88, 0x0f, 0xc1, 0x7f, 0x9c, 0x88, 0x1a, 0xfe, 0xf2, 0xf2, 0xf2, 0xfe, 0xa3, 0xa3, 0xa3,
    0xfe, 0x6f, 0x6f, 0x6f, 0xae, 0x88, 0x0c, 0xc1, 0x2a, 0x0c, 0x9b, 0x88, 0x11, 0x13, 0xfe, 0x7a,
    0x7a, 0x7a, 0x2d, 0x0f, 0xc1, 0x55, 0xa5, 0x88, 0x3d, 0x24, 0x06, 0xfe, 0x6c, 0x6c, 0x6c, 0x08,
    0x1b, 0x01, 0x9a, 0x88, 0xa8, 0x88, 0xae, 0x88, 0x1e, 0xfe, 0xcb, 0xcb, 0xcb, 0x26, 0xfe, 0xcc,
    0xcc, 0xcc, 0x1a, 0x9b, 0x88, 0x9b, 0x88, 0x2e, 0x14, 0x98, 0x88, 0x8f, 0x88, 0x14, 0xfe, 0xf5,
    0xf5, 0xf5, 0xfe, 0x8d, 0x8d, 0x8d, 0x0c, 0x17, 0x0c, 0xc0, 0x1b, 0x35, 0x1b, 0xb6, 0x88, 0x10,
    0xfe, 0xb5, 0xb5, 0xb5, 0x87, 0x88, 0xb3, 0x88, 0xa5, 0x88, 0xa9, 0x88, 0xa7, 0x88, 0xa5, 0x88,
    0xa6, 0x88, 0x0f, 0x26, 0x31, 0xfe, 0x7d, 0x7d, 0x7d, 0xc0, 0x92, 0x88, 0xa2, 0x88, 0x3d, 0x1b,
    0x17, 0x09, 0x06, 0x24, 0x3d, 0x0b, 0x00, 0x7f, 0xc1, 0x2d, 0x1b, 0x13, 0x11, 0xfe, 0x74, 0x74,
    0x74, 0x0c, 0x2a, 0x0c, 0xc1, 0x08, 0x36, 0x02, 0x23, 0xfe, 0x8b, 0x8b, 0x8b, 0x22, 0x1e, 0x0f,
    0xc1, 0xa3, 0x88, 0x17, 0x3b, 0x26, 0x03, 0x80, 0x88, 0x2a, 0x0c, 0xc2, 0x3d, 0xc0, 0xfe, 0xfd,
    0xfd, 0xfd, 0xfe, 0xbd, 0xbd, 0xbd, 0x3d, 0x1a, 0x0f, 0xc1, 0x2d, 0x35, 0xac, 0x88, 0x13, 0x28,
    0x83, 0x88, 0xc2, 0xa4, 0x88, 0xc1, 0x55, 0xfe, 0x23, 0x23, 0x23, 0x2e, 0xfe, 0x81, 0x81, 0x81,
    0x1f, 0xa6, 0x88, 0x2a, 0xc1, 0xa4, 0x88, 0x27, 0xfe, 0xad, 0xad, 0xad, 0xfe, 0xf9, 0xf9, 0xf9,
    0x26, 0x7f, 0x04, 0xc3, 0x3d, 0xfe, 0x99, 0x99, 0x99, 0xfe, 0xfe, 0xfe, 0xfe, 0x29, 0x01, 0xa9,
    0x88, 0x2a, 0xc1, 0x39, 0x3d, 0x26, 0xfe, 0xed, 0xed, 0xed, 0xfe, 0xa8, 0xa8, 0xa8, 0x1f, 0x00,
    0x26, 0x04, 0xc1, 0x35, 0x1b, 0x11, 0xfe, 0xb8, 0xb8, 0xb8, 0xfe, 0x70, 0x70, 0x70, 0x08, 0x2a,
    0xc1, 0x1b, 0x35, 0x27, 0xfe, 0xd2, 0xd2, 0xd2, 0x06, 0x09, 0x39, 0x26, 0xb8, 0x88, 0xbb, 0x88,
    0xaf, 0x88, 0xa8, 0x88, 0x94, 0x88, 0x0a, 0xb5, 0x88, 0x1a, 0x98, 0x88, 0x39, 0x1f, 0x9d, 0x88,
    0x55, 0x1f, 0x27, 0xfe, 0x94, 0x94, 0x94, 0xfe, 0xf2, 0xf2, 0xf2, 0x0b, 0x2a, 0x22, 0x40, 0xc0,
    0x35, 0x22, 0x1b, 0x0b, 0x23, 0xfe, 0x93, 0x93, 0x93, 0xfe, 0x6d, 0x6d, 0x6d, 0xa8, 0x88, 0x9d,
    0x88, 0x01, 0x1b, 0x04, 0xa8, 0x88, 0x21, 0xfe, 0xf1, 0xf1, 0xf1, 0x33, 0xfe, 0xc0, 0xc0, 0xc0,
    0xa4, 0x88, 0x96, 0x88, 0x88, 0x88, 0x0f, 0x94, 0x88, 0xa3, 0x88, 0x36, 0x15, 0x03, 0x27, 0x26,
    0x9a, 0x88, 0x2a, 0xc1, 0x08, 0x93, 0x88, 0x3d, 0x11, 0x1b, 0xa6, 0x88, 0x04, 0xc1, 0x26, 0x00,
    0x1f, 0x0d, 0xfe, 0xed, 0xed, 0xed, 0x26, 0x99, 0x88, 0x39, 0x2a, 0xc1, 0x08, 0x01, 0x29, 0x17,
    0x2c, 0x3d, 0x04, 0xc3, 0x35, 0x26, 0xfe, 0xf9, 0xf9, 0xf9, 0xfe, 0xad, 0xad, 0xad, 0x27, 0x26,
    0x2a, 0xc1, 0x39, 0x1f, 0x04, 0x2e, 0x02, 0x80, 0x88, 0x7f, 0xc1, 0x9c, 0x88, 0xc0, 0x7f, 0x35,
    0xfe, 0x20, 0x20, 0x20, 0xfe, 0xbc, 0xbc, 0xbc, 0x1e, 0x95, 0x88, 0xa6, 0x88, 0x55, 0xc1, 0x00,
    0x10, 0xfe, 0xb3, 0xb3, 0xb3, 0xfe, 0xfa, 0xfa, 0xfa, 0x26, 0x7f, 0x04, 0xc2, 0x13, 0x97, 0x88,
    0x2c, 0xfe, 0xff, 0xff, 0xff, 0x12, 0x87, 0x88, 0xa9, 0x88, 0x04, 0xc1, 0x13, 0x9c, 0x88, 0x00,
    0xfe, 0xf0, 0xf0, 0xf0, 0x1c, 0x1f, 0x00, 0x35, 0x04, 0xc0, 0x13, 0x04, 0x2a, 0xfe, 0xe5, 0xe5,
    0xe5, 0xfe, 0xbd, 0xbd, 0xbd, 0x1f, 0xae, 0x88, 0x04, 0xc0, 0x22, 0x31, 0xc0, 0x09, 0xfe, 0xd4,
    0xd4, 0xd4, 0x20, 0xfe, 0x8f, 0x8f, 0x8f, 0x08, 0xaf, 0x88, 0x96, 0x88, 0x32, 0x8c, 0x88, 0x8d,
    0x88, 0xfe, 0x6b, 0x6b, 0x6b, 0xfe, 0xb8, 0xb8, 0xb8, 0xfe, 0xf4, 0xf4, 0xf4, 0xfe, 0x78, 0x78,
    0x78, 0xa7, 0x88, 0x35, 0x04, 0x7f, 0x22, 0x31, 0x1b, 0xfe, 0x9e, 0x9e, 0x9e, 0x01, 0x38, 0x39,
    0x31, 0x04, 0xc1, 0x31, 0x39, 0x38, 0x01, 0x37, 0x1b, 0x00, 0x22, 0x13, 0x04, 0x35, 0x9d, 0x88,
    0x3d, 0xfe, 0xf5, 0xf5, 0xf5, 0xfe, 0xb8, 0xb8, 0xb8, 0x23, 0x3b, 0xb2, 0x88, 0xb0, 0x88, 0xaf,
    0x88, 0x98, 0x88, 0x87, 0x88, 0x35, 0xfe, 0xe2, 0xe2, 0xe2, 0x30, 0x36, 0x1e, 0x31, 0x04, 0xc0,
    0x13, 0x7f, 0x1f, 0xfe, 0xbd, 0xbd, 0xbd, 0x20, 0x2a, 0x04, 0x13, 0x04, 0xc0, 0x35, 0x00, 0x1f,
    0x1c, 0x05, 0x00, 0x17, 0x13, 0x04, 0xc1, 0x22, 0x1b, 0x12, 0xfe, 0xff, 0xff, 0xff, 0x2c, 0x0c,
    0x13, 0x04, 0xc2, 0x35, 0x55, 0xfe, 0xfa, 0xfa, 0xfa, 0x32, 0xfe, 0x75, 0x75, 0x75, 0x00, 0x04,
    0xc1, 0x13, 0x9a, 0x88, 0x1e, 0xfe, 0xbc, 0xbc, 0xbc, 0x15, 0x80, 0x88, 0x7f, 0x35, 0xc2, 0x04,
    0x35, 0x15, 0xfe, 0xbb, 0xbb, 0xbb, 0x0f, 0x95, 0x88, 0xa6, 0x88, 0x55, 0xc1, 0x31, 0x8f, 0x88,
    0xfe, 0xb2, 0xb2, 0xb2, 0x1b, 0x17, 0x26, 0x35, 0xc2, 0x04, 0x97, 0x88, 0x1d, 0xfe, 0xff, 0xff,
    0xff, 0xfe, 0x92, 0x92, 0x92, 0x0c, 0x13, 0x35, 0xc1, 0x04, 0x9c, 0x88, 0x31, 0x05, 0x0d, 0x10,
    0x31, 0x9b, 0x88, 0x35, 0xc0, 0x04, 0x35, 0x9a, 0x88, 0x20, 0x39, 0xfe, 0x74, 0x74, 0x74, 0x13,
    0x35, 0x22, 0x99, 0x88, 0x10, 0x35, 0xb4, 0x88, 0x11, 0xaf, 0x88, 0xfe, 0xbf, 0xbf, 0xbf, 0x09,
    0x29, 0x17, 0x1f, 0x7f, 0x35, 0x93, 0x88, 0xfe, 0xbd, 0xbd, 0xbd, 0xfe, 0xf4, 0xf4, 0xf4, 0xfe,
    0x7d, 0x7d, 0x7d, 0x35, 0xc3, 0x13, 0x3d, 0x19, 0x01, 0x29, 0x2a, 0x22, 0x35, 0xc1, 0x22, 0x2a,
    0x29, 0x01, 0x19, 0x3d, 0x13, 0x35, 0xc2, 0x04, 0x08, 0x01, 0xfe, 0xbd, 0xbd, 0xbd, 0xfe, 0x72,
    0x72, 0x72, 0xab, 0x88, 0x10, 0x39, 0x1e, 0xb6, 0x88, 0xfe, 0xc1, 0xc1, 0xc1, 0xc0, 0x14, 0x8b,
    0x88, 0x17, 0x0c, 0x2e, 0x13, 0xc0, 0x35, 0x13, 0x92, 0x88, 0xfe, 0xbc, 0xbc, 0xbc, 0x20, 0x1b,
    0x35, 0x7f, 0x35, 0xc0, 0x55, 0x31, 0x10, 0x0d, 0x05, 0x31, 0x08, 0x04, 0x35, 0xc1, 0x13, 0x0c,
    0x03, 0xfe, 0xff, 0xff, 0xff, 0x1d, 0x3d, 0x04, 0x35, 0xc2, 0x55, 0x17, 0xfe, 0xfa, 0xfa, 0xfa,
    0xfe, 0xb2, 0xb2, 0xb2, 0x32, 0x31, 0x35, 0xc1, 0x04, 0x2a, 0x0f, 0xfe, 0xbb, 0xbb, 0xbb, 0x15,
    0x80, 0x88, 0x7f, 0x35, 0xc2, 0x04, 0x35, 0x15, 0x2a, 0x0f, 0x95, 0x88, 0xa6, 0x88, 0x55, 0xc1,
    0x31, 0x32, 0x23, 0x1b, 0x17, 0x26, 0x35, 0xc2, 0x04, 0x3d, 0x1d, 0xfe, 0xff, 0xff, 0xff, 0x03,
    0x0c, 0x13, 0x35, 0xc1, 0x04, 0x08, 0x31, 0x05, 0x0d, 0x10, 0x31, 0x9b, 0x88, 0x35, 0xc0, 0x04,
    0x35, 0x9a, 0x88, 0x20, 0x39, 0x10, 0x22, 0x08, 0x1f, 0x0b, 0x18, 0xbf, 0x88, 0x91, 0x88, 0xfe,
    0xea, 0xea, 0xea, 0x95, 0x88, 0x36, 0x0c, 0xa3, 0x88, 0x35, 0x13, 0xc0, 0x31, 0x8e, 0x88, 0xfe,
    0xbc, 0xbc, 0xbc, 0xfe, 0xf4, 0xf4, 0xf4, 0xfe, 0x7c, 0x7c, 0x7c, 0x35, 0xc3, 0x13, 0x3d, 0xfe,
    0x9c, 0x9c, 0x9c, 0x01, 0xfe, 0x8c, 0x8c, 0x8c, 0x2a, 0x22, 0x35, 0xc1, 0x22, 0x2a, 0x29, 0x01,
    0x19, 0x3d, 0x13, 0x35, 0xc3, 0x39, 0xfe, 0xf5, 0xf5, 0xf5, 0xfe, 0xbc, 0xbc, 0xbc, 0x23, 0x00,
    0x22, 0x35, 0x9d, 0x88, 0x1b, 0x3d, 0x08, 0x33, 0x05, 0xfe, 0xc4, 0xc4, 0xc4, 0x97, 0x88, 0x0e,
    0x0c, 0xc0, 0x35, 0x22, 0x92, 0x88, 0x39, 0x20, 0x1b, 0x35, 0x04, 0x35, 0xc0, 0x26, 0xa5, 0x88,
    0x10, 0x0d, 0x05, 0x31, 0x08, 0x04, 0x35, 0xc1, 0x13, 0x0c, 0x03, 0xfe, 0xff, 0xff, 0xff, 0x1d,
    0x3d, 0x04, 0x35, 0xc2, 0x55, 0x17, 0xfe, 0xfa, 0xfa, 0xfa, 0xfe, 0xb2, 0xb2, 0xb2, 0x32, 0x31,
    0x35, 0xc1, 0x04, 0x9a, 0x88, 0x0f, 0xfe, 0xbb, 0xbb, 0xbb, 0x15, 0x80, 0x88, 0x7f, 0x35, 0xc2,
    0x04, 0x35, 0x15, 0x2a, 0x0f, 0x95, 0x88, 0xa6, 0x88, 0x55, 0xc1, 0x31, 0x32, 0x23, 0x1b, 0x17,
    0x26, 0x35, 0xc2, 0x04, 0x3d, 0x1d, 0xfe, 0xff, 0xff, 0xff, 0x03, 0x3d, 0x13, 0x35, 0xc1, 0x04,
    0x08, 0x31, 0x05, 0x0d, 0xfe, 0x74, 0x74, 0x74, 0x31, 0x9b, 0x88, 0x35, 0xc0, 0x04, 0x26, 0x9b,
    0x88, 0x2f, 0xfe, 0xbb, 0xbb, 0xbb, 0x27, 0xad, 0x88, 0x07, 0x39, 0xb0, 0x88, 0x8e, 0x88, 0x3b,
    0x36, 0xfe, 0xd4, 0xd4, 0xd4, 0xac, 0x88, 0xfe, 0x72, 0x72, 0x72, 0x00, 0x04, 0x35, 0x26, 0xc0,
    0x13, 0x23, 0x39, 0xfe, 0xf4, 0xf4, 0xf4, 0xfe, 0x7c, 0x7c, 0x7c, 0x35, 0xc3, 0x13, 0x3d, 0x19,
    0x01, 0xfe, 0x8c, 0x8c, 0x8c, 0x2a, 0x22, 0x35, 0xc1, 0x22, 0x2a, 0x29, 0x01, 0x19, 0x3d, 0x13,
    0x35, 0xc3, 0x39, 0x01, 0xfe, 0xbc, 0xbc, 0xbc, 0xfe, 0x71, 0x71, 0x71, 0x13, 0x26, 0x35, 0x04,
    0xc0, 0x00, 0x27, 0x06, 0x3f, 0xfe, 0x7c, 0x7c, 0x7c, 0xfe, 0xb2, 0xb2, 0xb2, 0xb6, 0x88, 0x55,
    0x37, 0x17, 0x9c, 0x88, 0x98, 0x88, 0xfe, 0xbd, 0xbd, 0xbd, 0x20, 0x1b, 0x35, 0x04, 0x35, 0xc0,
    0x26, 0x31, 0x90, 0x88, 0x0d, 0x05, 0x31, 0x99, 0x88, 0x04, 0x35, 0xc1, 0x13, 0x3d, 0x03, 0xfe,
    0xff, 0xff, 0xff, 0x1d, 0x3d, 0x04, 0x35, 0xc2, 0x55, 0x17, 0xfe, 0xfa, 0xfa, 0xfa, 0xfe, 0xb2,
    0xb2, 0xb2, 0x32, 0x31, 0x35, 0xc1, 0x04, 0x2a, 0x0f, 0xfe, 0xbb, 0xbb, 0xbb, 0xfe, 0x20, 0x20,
    0x20, 0x80, 0x88, 0x7f, 0x35, 0xc2, 0x04, 0x35, 0x15, 0xfe, 0xbc, 0xbc, 0xbc, 0x0b, 0x96, 0x88,
    0x00, 0x31, 0xc1, 0xa4, 0x88, 0x3d, 0xfe, 0xb5, 0xb5, 0xb5, 0x1b, 0xfe, 0x83, 0x82, 0x83, 0x31,
    0x00, 0xc2, 0x0f, 0x08, 0x19, 0xfe, 0xff, 0xff, 0xff, 0xfe, 0x96, 0x96, 0x96, 0x17, 0x0f, 0x00,
    0xc1, 0x7e, 0x9c, 0x88, 0xa6, 0x99, 0xfe, 0xf1, 0xf1, 0xf1, 0xfe, 0xab, 0xab, 0xab, 0xfe, 0x7a,
    0x7a, 0x7a, 0x2d, 0x22, 0x31, 0xc0, 0x00, 0xc0, 0x97, 0x88, 0x11, 0xfe, 0xbc, 0xbc, 0xbc, 0x07,
    0xfe, 0xc6, 0xc6, 0xc6, 0xad, 0x88, 0x80, 0x88, 0x07, 0x8e, 0x88, 0x13, 0x2e, 0xfe, 0xd9, 0xd9,
    0xd9, 0x24, 0x3d, 0xaf, 0x88, 0x31, 0xc2, 0x1e, 0x2e, 0xfe, 0xbf, 0xbf, 0xbf, 0xfe, 0xf5, 0xf5,
    0xf5, 0x35, 0x31, 0xc3, 0xa2, 0x88, 0x97, 0x88, 0xfe, 0xa0, 0xa0, 0xa0, 0xfe, 0xf4, 0xf4, 0xf4,
    0x25, 0x35, 0x1e, 0x31, 0xc1, 0x1e, 0x35, 0x25, 0x01, 0x15, 0x08, 0x0f, 0x31, 0xc3, 0x35, 0x10,
    0x26, 0x2e, 0x1e, 0x31, 0xc2, 0x1e, 0x3d, 0x33, 0x96, 0x88, 0xfe, 0x73, 0x73, 0x73, 0x35, 0x31,
    0xbd, 0x88, 0xfe, 0xca, 0xca, 0xca, 0xa5, 0x88, 0x3a, 0x3d, 0xfe, 0xb9, 0xb9, 0xb9, 0x2f, 0xfe,
    0x7f, 0x7f, 0x7f, 0x31, 0x00, 0x31, 0xc0, 0x22, 0x2d, 0x1b, 0x3a, 0x14, 0x30, 0x9a, 0x77, 0xa4,
    0x88, 0x00, 0xc1, 0x0f, 0x17, 0x3f, 0xfe, 0xff, 0xff, 0xff, 0x19, 0x81, 0x88, 0x0f, 0x00, 0xc2,
    0x31, 0x22, 0xfe, 0xfa, 0xfa, 0xfa, 0xfe, 0xb5, 0xb5, 0xb5, 0x3d, 0x2d, 0x31, 0xc1, 0x00, 0x35,
    0xaa, 0x88, 0xfe, 0xbc, 0xbc, 0xbc, 0xfe, 0x20, 0x20, 0x20, 0x80, 0x88, 0x04, 0x35, 0xc0, 0xa4,
    0x88, 0xc0, 0x7f, 0x40, 0xfe, 0x24, 0x24, 0x24, 0xfe, 0xb8, 0xb8, 0xb8, 0xfe, 0x79, 0x79, 0x79,
    0x27, 0xa7, 0x88, 0x32, 0xc1, 0xa5, 0x88, 0x8d, 0x88, 0x3a, 0xfe, 0xf8, 0xf8, 0xf8, 0xfe, 0x6e,
    0x70, 0x70, 0x7e, 0x7f, 0xc2, 0xa1, 0x98, 0x96, 0x79, 0xfe, 0x8b, 0x8d, 0x8c, 0xfe, 0xfd, 0xfe,
    0xfe, 0xfe, 0x84, 0x85, 0x86, 0x86, 0x87, 0xa9, 0x99, 0x9d, 0x88, 0xc1, 0xa1, 0x89, 0x9c, 0x87,
    0xa8, 0x67, 0xfe, 0xed, 0xee, 0xef, 0xfe, 0x9f, 0x9f, 0x9f, 0xfe, 0x68, 0x68, 0x68, 0xb0, 0x88,
    0x9a, 0x88, 0x32, 0xc0, 0x10, 0x23, 0x32, 0xfe, 0xe0, 0xe0, 0xe0, 0x40, 0xfe, 0xb7, 0xb7, 0xb7,
    0x89, 0x88, 0x32, 0x98, 0x88, 0xa5, 0x88, 0xa4, 0x88, 0x3d, 0x8c, 0x88, 0x12, 0xaa, 0x88, 0x11,
    0x1f, 0x32, 0xc2, 0xa4, 0x88, 0x8c, 0x88, 0xfe, 0xb5, 0xb5, 0xb5, 0xfe, 0xf3, 0xf3, 0xf3, 0xfe,
    0x6d, 0x6d, 0x6d, 0xa6, 0x88, 0xc3, 0xa2, 0x88, 0x95, 0x88, 0x03, 0xfe, 0xf3, 0xf3, 0xf3, 0xfe,
    0x80, 0x80, 0x80, 0x18, 0x1f, 0x9d, 0x88, 0xc1, 0x1f, 0x18, 0x35, 0xfe, 0xf3, 0xf3, 0xf3, 0x03,
    0x2b, 0x10, 0x40, 0xc3, 0x18, 0xfe, 0xf3, 0xf3, 0xf3, 0xfe, 0xb5, 0xb5, 0xb5, 0x02, 0x2e, 0x9c,
    0x88, 0xc2, 0x1f, 0x11, 0x28, 0x95, 0x88, 0x20, 0xb5, 0x88, 0x97, 0x88, 0x9b, 0x88, 0x18, 0x29,
    0xfe, 0xba, 0xba, 0xba, 0x98, 0x88, 0xbf, 0x88, 0xae, 0x88, 0x27, 0x32, 0xa2, 0x88, 0x32, 0xc0,
    0x55, 0x3d, 0x0d, 0xfe, 0x9f, 0x9f, 0x9f, 0xfe, 0xed, 0xee, 0xef, 0x19, 0x98, 0xa9, 0x31, 0x54,
    0xc1, 0x08, 0x97, 0x77, 0x04, 0xfe, 0xfd, 0xfe, 0xfe, 0xfe, 0x8d, 0x8d, 0x8b, 0xfe, 0x69, 0x69,
    0x67, 0xaa, 0x79, 0x50, 0xc2, 0x55, 0x69, 0xfe, 0xf8, 0xf8, 0xf8, 0xfe, 0xab, 0xab, 0xab, 0x20,
    0xb3, 0x88, 0x32, 0xc1, 0x10, 0x27, 0x0c, 0xfe, 0xb8, 0xb8, 0xb8, 0xfe, 0x24, 0x24, 0x24, 0x22,
    0x00, 0x55, 0xc0, 0x9c, 0x88, 0xc2, 0xb0, 0x88, 0xfe, 0xc1, 0xc1, 0xc1, 0x3d, 0x95, 0x88, 0xa7,
    0x88, 0x40, 0xc1, 0xa3, 0x88, 0x3a, 0x34, 0x26, 0xfe, 0xbd, 0xb6, 0xb8, 0xc4, 0x7f, 0x9b, 0x88,
    0xb3, 0x79, 0x26, 0xfe, 0xc6, 0xc5, 0xbf, 0x8f, 0x9a, 0xa6, 0x88, 0x40, 0xc1, 0xa1, 0x98, 0x9e,
    0x78, 0xa5, 0x87, 0xfe, 0xfb, 0xfa, 0xf9, 0xfe, 0xca, 0xca, 0xca, 0x82, 0x88, 0x01, 0x23, 0x01,
    0x9d, 0x88, 0x40, 0xc0, 0xb1, 0x88, 0xfe, 0xf9, 0xf9, 0xf9, 0x8e, 0x88, 0xfe, 0xb3, 0xb3, 0xb3,
    0x95, 0x88, 0x23, 0x01, 0x32, 0x23, 0x01, 0x96, 0x88, 0x2f, 0xa6, 0x88, 0x2b, 0x01, 0x23, 0xc2,
    0x10, 0x2b, 0xfe, 0xd6, 0xd6, 0xd6, 0xfe, 0xf8, 0xf8, 0xf8, 0xfe, 0xb0, 0xb0, 0xb0, 0x23, 0xc3,
    0x01, 0x9a, 0x88, 0xb5, 0x88, 0x0c, 0xfe, 0xba, 0xba, 0xba, 0x36, 0x01, 0x23, 0xc1, 0x01, 0x36,
    0x1b, 0x0c, 0x22, 0x27, 0x01, 0x23, 0xc3, 0x05, 0x3d, 0x3f, 0x2b, 0x10, 0x23, 0xc2, 0x01, 0x2b,
    0x09, 0x2f, 0x2b, 0x01, 0x23, 0x01, 0xc0, 0x3a, 0x7f, 0xfe, 0xcc, 0xcc, 0xcc, 0x3d, 0x93, 0x88,
    0x14, 0x27, 0x36, 0x01, 0x32, 0x23, 0xa2, 0x89, 0x09, 0x0b, 0x17, 0x1c, 0x18, 0x39, 0x45, 0xc1,
    0xa2, 0x88, 0x9a, 0x88, 0xb1, 0x86, 0x26, 0xfe, 0xc7, 0xc6, 0xcb, 0x8d, 0x89, 0xa5, 0x88, 0x59,
    0xc2, 0x66, 0x7e, 0x26, 0x34, 0xfe, 0xab, 0xab, 0xab, 0x10, 0x9d, 0x88, 0xc1, 0x01, 0x99, 0x88,
    0xab, 0x88, 0x04, 0x25, 0x90, 0x88, 0xc2, 0xfe, 0xbb, 0xbb, 0xbb, 0xc2, 0x04, 0xfe, 0xf1, 0xf1,
    0xf1, 0xaa, 0x88, 0xc0, 0x55, 0xc3, 0x45, 0xa4, 0xa8, 0xfe, 0x9c, 0xc7, 0xbb, 0xfe, 0x79, 0xb6,
    0xa6, 0xa6, 0xc8, 0x45, 0xc3, 0x7b, 0xa0, 0x42, 0xfe, 0x82, 0xa7, 0xb6, 0xfe, 0x98, 0xa6, 0xd6,
    0xa4, 0x20, 0x77, 0xc2, 0x5a, 0xa3, 0x96, 0x95, 0x7d, 0xfe, 0xb4, 0xc1, 0xdd, 0xfe, 0xfd, 0xfd,
    0xfd, 0x9c, 0x79, 0xa4, 0x96, 0x56, 0x97, 0x88, 0x1b, 0xa5, 0x88, 0x08, 0x9c, 0x88, 0x08, 0x9b,
    0x88, 0xc0, 0x26, 0x2a, 0x1b, 0xc1, 0x2a, 0x1b, 0xa4, 0x88, 0xc0, 0x1b, 0xc6, 0x39, 0x26, 0x1b,
    0x2a, 0x1b, 0xc2, 0x2a, 0x1b, 0x39, 0x26, 0x2a, 0xc0, 0x1b, 0xc3, 0x2a, 0xc0, 0x26, 0x39, 0x1b,
    0x2a, 0x1b, 0xc2, 0x2a, 0x1b, 0x26, 0x39, 0x1b, 0xc6, 0x17, 0xc0, 0x1b, 0x2a, 0x1b, 0xc1, 0x08,
    0x39, 0x32, 0x0c, 0x26, 0x1b, 0x26, 0xc0, 0x32, 0x0c, 0x08, 0x9e, 0x87, 0x10, 0x08, 0x21, 0xfe,
    0x8e, 0xa1, 0xcd, 0x2b, 0x9d, 0x79, 0x7a, 0xc2, 0x68, 0xfe, 0x94, 0xa7, 0xd8, 0xfe, 0x94, 0xa2,
    0xa2, 0xfe, 0xa8, 0xad, 0x78, 0xfe, 0xa8, 0xb0, 0x83, 0x68, 0xc3, 0xa1, 0x99, 0x99, 0x75, 0xfe,
    0xb9, 0xbf, 0x9c, 0xfe, 0xfd, 0xfd, 0xfe, 0x9c, 0x86, 0x1b, 0xc3, 0x2a, 0xc0, 0x14, 0x04, 0x9a,
    0x88, 0xc2, 0x26, 0xc3, 0x1d, 0xfe, 0x78, 0x78, 0x78, 0xa8, 0x88, 0x55, 0x55, 0xc1, 0xa5, 0x88,
    0x8d, 0x78, 0xfe, 0xbc, 0xb5, 0xb7, 0xfe, 0x79, 0xb6, 0xa5, 0xfe, 0x2d, 0x87, 0x6e, 0xa9, 0xe9,
    0x45, 0xc4, 0xa2, 0x42, 0xfe, 0x4b, 0x82, 0x96, 0xfe, 0x5c, 0x72, 0xb6, 0xfe, 0x58, 0x75, 0xaf,
    0x77, 0xc2, 0x56, 0xa4, 0x97, 0x90, 0x5d, 0xfe, 0x9b, 0xac, 0xd5, 0xfe, 0xb1, 0xaf, 0xab, 0xfe,
    0x72, 0x74, 0x75, 0xad, 0xa6, 0x93, 0x89, 0xfe, 0x98, 0x98, 0x98, 0xfe, 0xcd, 0xcd, 0xcd, 0x91,
    0x88, 0xfe, 0x85, 0x85, 0x85, 0x92, 0x88, 0xfe, 0xe4, 0xe4, 0xe4, 0xfe, 0xbd, 0xbd, 0xbd, 0x01,
    0xac, 0x88, 0x40, 0xc1, 0x55, 0x22, 0x8d, 0x88, 0x3f, 0xaa, 0x88, 0xfe, 0x71, 0x71, 0x71, 0xb0,
    0x88, 0x17, 0xc2, 0x04, 0x14, 0x2a, 0xfe, 0xf4, 0xf4, 0xf4, 0xfe, 0x7a, 0x7a, 0x7a, 0x26, 0x17,
    0xc2, 0x35, 0x2e, 0xfe, 0x9b, 0x9b, 0x9b, 0xfe, 0xf3, 0xf3, 0xf3, 0xfe, 0x8b, 0x8b, 0x8b, 0x1b,
    0x04, 0x17, 0xc1, 0x04, 0x1b, 0x1a, 0x32, 0x0a, 0x2e, 0x35, 0x17, 0xc2, 0x26, 0x1b, 0x01, 0x2a,
    0x14, 0x04, 0x17, 0xc2, 0x04, 0x14, 0x15, 0x3f, 0x05, 0x22, 0x08, 0x17, 0xc1, 0x04, 0x93, 0x88,
    0x2a, 0xfe, 0xe5, 0xe5, 0xe5, 0xfe, 0x78, 0x78, 0x78, 0xfe, 0xa6, 0xa6, 0xa6, 0x12, 0xfe, 0xae,
    0xae, 0xae, 0xfe, 0x7c, 0x7c, 0x7c, 0x2e, 0xaf, 0x87, 0x8b, 0x7a, 0xfe, 0xb1, 0xaf, 0xaa, 0xfe,
    0x9b, 0xac, 0xd4, 0xfe, 0x4a, 0x67, 0xa7, 0xb0, 0xb2, 0x9c, 0x7a, 0x7e, 0xc2, 0xa0, 0x95, 0xfe,
    0x57, 0x73, 0xba, 0xfe, 0x67, 0x7a, 0x79, 0xfe, 0x76, 0x7e, 0x31, 0xfe, 0x73, 0x7d, 0x3c, 0x68,
    0xc3, 0xa1, 0x89, 0x96, 0x73, 0xfe, 0xa2, 0xab, 0x79, 0xfe, 0xb7, 0xb7, 0xbc, 0xfe, 0x6f, 0x70,
    0x6f, 0x22, 0x17, 0xc1, 0x26, 0x35, 0x3d, 0xfe, 0xd8, 0xd8, 0xd8, 0xfe, 0xff, 0xff, 0xff, 0xc3,
    0x40, 0xc1, 0x40, 0xa3, 0x88, 0x3f, 0x3d, 0x35, 0xc0, 0x55, 0xc1, 0xa5, 0x88, 0x8d, 0x67, 0x33,
    0xfe, 0x83, 0xbc, 0xad, 0xfe, 0x3c, 0x90, 0x78, 0xa8, 0xfa, 0x45, 0xc3, 0x6b, 0xa2, 0x30, 0xfe,
    0x58, 0x8b, 0x9d, 0xfe, 0x69, 0x7b, 0xbc, 0xfe, 0x65, 0x7f, 0xb5, 0x77, 0xc2, 0x56, 0xa4, 0x96,
    0x91, 0x5d, 0xfe, 0xa2, 0xb3, 0xd8, 0xfe, 0xb4, 0xb2, 0xad, 0xfe, 0x6a, 0x6b, 0x6c, 0xba, 0x97,
    0xfe, 0xba, 0xba, 0xba, 0xb6, 0x88, 0xfe, 0x9d, 0x9d, 0x9d, 0xfe, 0x77, 0x77, 0x77, 0xa7, 0x88,
    0x9c, 0x88, 0x20, 0xfe, 0xbb, 0xbb, 0xbb, 0xfe, 0x73, 0x73, 0x73, 0x04, 0x26, 0xc1, 0x17, 0x22,
    0x14, 0xfe, 0xd7, 0xd7, 0xd7, 0xa9, 0x88, 0x14, 0x13, 0x26, 0xc2, 0x13, 0x14, 0x2a, 0xfe, 0xf4,
    0xf4, 0xf4, 0xfe, 0x7b, 0x7b, 0x7b, 0x26, 0xc3, 0x04, 0x2e, 0xfe, 0x9b, 0x9b, 0x9b, 0x01, 0x1a,
    0x1b, 0x13, 0x26, 0xc1, 0x13, 0x1b, 0x1a, 0x01, 0x0a, 0x2e, 0x04, 0x26, 0xc3, 0x2a, 0x01, 0xfe,
    0xbb, 0xbb, 0xbb, 0x14, 0x13, 0x26, 0xc2, 0x13, 0x14, 0x15, 0x0e, 0x14, 0x22, 0x17, 0x26, 0xc1,
    0x04, 0x32, 0xfe, 0xbc, 0xbc, 0xbc, 0x20, 0x1b, 0x9c, 0x88, 0xb3, 0x88, 0xfe, 0xc3, 0xc3, 0xc3,
    0xa8, 0x88, 0xfe, 0x92, 0x92, 0x92, 0x1b, 0x99, 0x79, 0xfe, 0xb4, 0xb1, 0xad, 0xfe, 0xa3, 0xb3,
    0xd7, 0xfe, 0x58, 0x72, 0xad, 0xaf, 0xb3, 0x9c, 0x7a, 0x7e, 0xc2, 0xa0, 0x95, 0xfe, 0x64, 0x7d,
    0xbf, 0xfe, 0x71, 0x84, 0x82, 0xfe, 0x7f, 0x87, 0x40, 0xfe, 0x7d, 0x87, 0x4b, 0x68, 0xc3, 0xa1,
    0x89, 0x2b, 0xfe, 0xa9, 0xb1, 0x83, 0xfe, 0xb7, 0xb7, 0xbc, 0xfe, 0x70, 0x70, 0x6f, 0x31, 0x26,
    0xc1, 0x35, 0xc0, 0x3d, 0xfe, 0xd6, 0xd6, 0xd6, 0xfe, 0xfe, 0xfe, 0xfe, 0x9d, 0x88, 0xa2, 0x88,
    0xc1, 0xa2, 0x88, 0xc1, 0x08, 0x26, 0xfe, 0xd7, 0xd7, 0xd7, 0xfe, 0x79, 0x79, 0x79, 0x04, 0xc0,
    0x35, 0xc1, 0x00, 0x8d, 0x67, 0xfe, 0xbd, 0xb6, 0xb8, 0xfe, 0x81, 0xbb, 0xab, 0xfe, 0x3a, 0x8f,
    0x77, 0xa8, 0xfa, 0x45, 0xc3, 0x6b, 0xa2, 0x30, 0xfe, 0x56, 0x89, 0x9c, 0xfe, 0x67, 0x7a, 0xbc,
    0xfe, 0x63, 0x7e, 0xb5, 0x77, 0xc2, 0x56, 0xa4, 0x96, 0x91, 0x6d, 0xfe, 0xa5, 0xb4, 0xd9, 0xfe,
    0xac, 0xa9, 0xa4, 0x81, 0x4e, 0xfe, 0xd5, 0xd5, 0xd5, 0x84, 0x88, 0x13, 0x2e, 0xad, 0x88, 0x9d,
    0x88, 0x1b, 0x20, 0xfe, 0xbc, 0xbc, 0xbc, 0xfe, 0x74, 0x74, 0x74, 0x13, 0x40, 0xc1, 0x55, 0x31,
    0x8e, 0x88, 0x0e, 0xa9, 0x88, 0x23, 0xb1, 0x88, 0x35, 0xc2, 0x22, 0x23, 0x39, 0xfe, 0xf4, 0xf4,
    0xf4, 0xfe, 0x7c, 0x7c, 0x7c, 0x35, 0xc3, 0x13, 0x3d, 0xfe, 0x9c, 0x9c, 0x9c, 0x01, 0xfe, 0x8c,
    0x8c, 0x8c, 0x8f, 0x88, 0x22, 0x35, 0xc1, 0x22, 0x2a, 0x29, 0x01, 0x19, 0x3d, 0x13, 0x35, 0xc3,
    0x39, 0x01, 0xfe, 0xbc, 0xbc, 0xbc, 0x23, 0x22, 0x35, 0xc2, 0x22, 0x23, 0x15, 0x0e, 0x23, 0x31,
    0x26, 0x35, 0xc1, 0x13, 0x92, 0x88, 0x39, 0x20, 0x1b, 0x22, 0x9a, 0x88, 0x2e, 0xfe, 0xa2, 0xa2,
    0xa2, 0xfe, 0xd2, 0xd2, 0xd2, 0x84, 0x88, 0xfe, 0x6c, 0x6d, 0x6e, 0xfe, 0xaf, 0xad, 0xa8, 0xfe,
    0xa4, 0xb3, 0xd8, 0xfe, 0x56, 0x70, 0xad, 0xb0, 0xa2, 0x9c, 0x7a, 0x7e, 0xc2, 0xa0, 0x95, 0xfe,
    0x62, 0x7c, 0xbf, 0xfe, 0x6f, 0x82, 0x81, 0xfe, 0x7e, 0x86, 0x3e, 0xfe, 0x7c, 0x86, 0x49, 0x68,
    0xc3, 0xa1, 0x89, 0x96, 0x83, 0xfe, 0xa8, 0xb0, 0x81, 0xfe, 0xb8, 0xb8, 0xbd, 0xfe, 0x71, 0x71,
    0x70, 0xb4, 0x89, 0x35, 0xc1, 0x04, 0xc0, 0x98, 0x88, 0xfe, 0xd7, 0xd7, 0xd7, 0xfe, 0xff, 0xff,
    0xff, 0x40, 0x26, 0xc4, 0x08, 0x26, 0x0e, 0x0c, 0x04, 0xc0, 0x35, 0xc1, 0x00, 0x8d, 0x67, 0xfe,
    0xbd, 0xb6, 0xb8, 0xfe, 0x81, 0xbb, 0xab, 0x2f, 0x0a, 0x45, 0xc3, 0x6b, 0xa2, 0x30, 0x28, 0xfe,
    0x67, 0x7a, 0xbc, 0x07, 0x77, 0xc2, 0x56, 0xa6, 0xa5, 0xfe, 0x52, 0x6e, 0xad, 0xfe, 0x94, 0xa6,
    0xcf, 0xfe, 0xdd, 0xdb, 0xd8, 0x8b, 0x6c, 0xfe, 0x9c, 0x9c, 0x9b, 0xfe, 0x76, 0x76, 0x76, 0xa8,
    0x88, 0x31, 0x9d, 0x88, 0x35, 0x1b, 0xfe, 0xe5, 0xe5, 0xe5, 0x39, 0x01, 0xae, 0x88, 0x35, 0xc1,
    0x55, 0x31, 0x23, 0x0e, 0xa9, 0x88, 0x23, 0xb1, 0x88, 0x35, 0xc2, 0x22, 0x23, 0x39, 0xfe, 0xf4,
    0xf4, 0xf4, 0xfe, 0x7c, 0x7c, 0x7c, 0x35, 0xc3, 0x13, 0x96, 0x88, 0x19, 0x01, 0x29, 0x2a, 0x22,
    0x35, 0xc1, 0x22, 0x2a, 0x29, 0x01, 0x19, 0x3d, 0x13, 0x35, 0xc3, 0x39, 0x01, 0xfe, 0xbc, 0xbc,
    0xbc, 0x23, 0x22, 0x35, 0xc2, 0x22, 0x23, 0x15, 0x0e, 0x23, 0x31, 0x26, 0x35, 0xc1, 0x13, 0x92,
    0x88, 0x39, 0x20, 0x1b, 0x26, 0x22, 0x04, 0x96, 0x88, 0x00, 0xfe, 0xc6, 0xc6, 0xc6, 0x95, 0x8a,
    0xa3, 0xa1, 0xfe, 0x9c, 0xae, 0xd3, 0xfe, 0x57, 0x72, 0xae, 0xaf, 0xb3, 0x9b, 0x7a, 0x05, 0xc2,
    0x33, 0xfe, 0x62, 0x7c, 0xbf, 0xfe, 0x6f, 0x82, 0x81, 0xfe, 0x7e, 0x86, 0x3e, 0x06, 0x68, 0xc3,
    0xa1, 0x89, 0x96, 0x83, 0x24, 0xfe, 0xb8, 0xb8, 0xbd, 0x0d, 0xb4, 0x89, 0x35, 0xc1, 0x04, 0xc0,
    0x98, 0x88, 0xfe, 0xd7, 0xd7, 0xd7, 0xfe, 0xff, 0xff, 0xff, 0x08, 0x26, 0xc4, 0x08, 0x26, 0x0e,
    0x0c, 0x04, 0xc0, 0x35, 0xc1, 0x00, 0x8d, 0x67, 0x02, 0xfe, 0x81, 0xbb, 0xab, 0x2f, 0x0a, 0x45,
    0xc3, 0x6b, 0xa2, 0x30, 0x28, 0x30, 0x07, 0x77, 0xc2, 0xa3, 0x86, 0x96, 0x6d, 0xab, 0xb2, 0xfe,
    0xd1, 0xda, 0xeb, 0xfe, 0xcf, 0xce, 0xce, 0xfe, 0x7f, 0x7f, 0x7f, 0x1b, 0x04, 0xc0, 0x35, 0x04,
    0x35, 0x1b, 0xfe, 0xe5, 0xe5, 0xe5, 0x39, 0x01, 0xae, 0x88, 0x35, 0xc1, 0x26, 0x31, 0x23, 0x0e,
    0xa9, 0x88, 0x23, 0x22, 0x35, 0xc2, 0x22, 0x23, 0x39, 0xfe, 0xf4, 0xf4, 0xf4, 0xfe, 0x7c, 0x7c,
    0x7c, 0x35, 0xc3, 0x13, 0x96, 0x88, 0x19, 0x01, 0x29, 0x2a, 0x22, 0x35, 0xc1, 0x22, 0x2a, 0x29,
    0x01, 0x19, 0x3d, 0x13, 0x35, 0xc3, 0x39, 0x01, 0xfe, 0xbc, 0xbc, 0xbc, 0x23, 0x22, 0x35, 0xc2,
    0x22, 0x23, 0x15, 0x0e, 0x23, 0x31, 0x26, 0x35, 0xc1, 0x13, 0x92, 0x88, 0x39, 0x20, 0x1b, 0x35,
    0x04, 0xc0, 0x13, 0x9b, 0x88, 0x2a, 0xfe, 0xa2, 0xa3, 0xa3, 0xfe, 0xee, 0xed, 0xe9, 0xfe, 0xa8,
    0xb6, 0xd6, 0xfe, 0x51, 0x6e, 0xac, 0xb1, 0xd1, 0x46, 0x05, 0xc2, 0x33, 0xfe, 0x62, 0x7c, 0xbf,
    0xfe, 0x6f, 0x82, 0x81, 0xfe, 0x7e, 0x86, 0x3e, 0x06, 0x68, 0xc3, 0xa1, 0x89, 0x96, 0x83, 0x24,
    0xfe, 0xb8, 0xb8, 0xbd, 0x0d, 0xb4, 0x89, 0x35, 0xc1, 0x04, 0xc0, 0x98, 0x88, 0xfe, 0xd7, 0xd7,
    0xd7, 0xfe, 0xff, 0xff, 0xff, 0x40, 0x26, 0xc4, 0x08, 0x26, 0x0e, 0x0c, 0x04, 0xc0, 0x35, 0xc1,
    0x00, 0x8d, 0x67, 0xfe, 0xbd, 0xb6, 0xb8, 0xfe, 0x81, 0xbb, 0xab, 0x2f, 0xa8, 0xfa, 0x45, 0xc3,
    0x6b, 0xa2, 0x30, 0x28, 0x30, 0x07, 0x77, 0xc0, 0x6f, 0xa1, 0xa7, 0x93, 0x5e, 0xfe, 0x85, 0x9a,
    0xc6, 0xfe, 0xbf, 0xc9, 0xdf, 0xb3, 0x95, 0xfe, 0xa6, 0xa5, 0xa2, 0xfe, 0x72, 0x72, 0x73, 0xb4,
    0x87, 0x99, 0x88, 0x35, 0xc0, 0x7f, 0x35, 0x1b, 0xfe, 0xe5, 0xe5, 0xe5, 0x39, 0x01, 0xae, 0x88,
    0x35, 0xc1, 0x26, 0x31, 0x23, 0xfe, 0xd7, 0xd7, 0xd7, 0xa9, 0x88, 0x23, 0x22, 0x35, 0xc2, 0x22,
    0x23, 0x39, 0xfe, 0xf4, 0xf4, 0xf4, 0xfe, 0x7c, 0x7c, 0x7c, 0x35, 0xc3, 0x13, 0x3d, 0x19, 0x01,
    0x29, 0x8f, 0x88, 0x22, 0x35, 0xc1, 0x22, 0x2a, 0x29, 0x01, 0x19, 0x3d, 0x13, 0x35, 0xc3, 0x39,
    0x01, 0xfe, 0xbc, 0xbc, 0xbc, 0x23, 0x22, 0x35, 0xc2, 0x22, 0x23, 0x15, 0x0e, 0x23, 0x31, 0x26,
    0x35, 0xc1, 0x13, 0x92, 0x88, 0x39, 0x20, 0x1b, 0x35, 0x04, 0x35, 0xc1, 0x31, 0x8a, 0x78, 0xfe,
    0xad, 0xad, 0xab, 0xfe, 0xe6, 0xea, 0xf5, 0xfe, 0x9c, 0xac, 0xcf, 0xfe, 0x5d, 0x78, 0xb2, 0xa3,
    0x97, 0xa4, 0x96, 0x05, 0xc1, 0x33, 0xfe, 0x62, 0x7c, 0xbf, 0xfe, 0x6f, 0x82, 0x81, 0xfe, 0x7e,
    0x86, 0x3e, 0x06, 0x68, 0xc3, 0xa1, 0x89, 0x96, 0x83, 0xfe, 0xa8, 0xb0, 0x81, 0xfe, 0xb8, 0xb8,
    0xbd, 0x0d, 0xb4, 0x89, 0x35, 0xc1, 0x04, 0xc0, 0x98, 0x88, 0xfe, 0xd7, 0xd7, 0xd7, 0xfe, 0xff,
    0xff, 0xff, 0x08, 0x26, 0xc4, 0x08, 0x26, 0x0e, 0x1b, 0xa8, 0x88, 0xc0, 0x04, 0xc1, 0x0f, 0x8e,
    0x56, 0xfe, 0xbe, 0xb7, 0xb9, 0xfe, 0x81, 0xbb, 0xab, 0x2f, 0xa8, 0xfa, 0x45, 0xc3, 0x6b, 0x16,
    0x28, 0xfe, 0x67, 0x7a, 0xbc, 0x07, 0x77, 0x14, 0x6b, 0x95, 0x6c, 0xfe, 0x97, 0xa7, 0xce, 0xfe,
    0xd2, 0xd9, 0xea, 0xfe, 0x72, 0x88, 0xbb, 0xfe, 0x96, 0xa8, 0xd3, 0xfe, 0xb7, 0xb4, 0xaf, 0xfe,
    0x74, 0x75, 0x76, 0x00, 0x35, 0x7f, 0xc0, 0x13, 0x04, 0x9a, 0x88, 0xfe, 0xe5, 0xe5, 0xe5, 0xfe,
    0xbd, 0xbd, 0xbd, 0xfe, 0x75, 0x75, 0x75, 0x22, 0x04, 0xc1, 0x35, 0x00, 0x8e, 0x88, 0xfe, 0xd7,
    0xd7, 0xd7, 0xa9, 0x88, 0x32, 0x31, 0x04, 0xc2, 0x31, 0x32, 0xfe, 0xbd, 0xbd, 0xbc, 0xfe, 0xf4,
    0xf4, 0xf4, 0xfe, 0x7d, 0x7d, 0x7d, 0x04, 0xc3, 0x22, 0x96, 0x88, 0xfe, 0x9c, 0x9d, 0x9d, 0x01,
    0xfe, 0x8d, 0x8d, 0x8d, 0x8f, 0x88, 0x31, 0x04, 0xc1, 0x31, 0x39, 0x38, 0x01, 0xfe, 0x9d, 0x9c,
    0x9d, 0x0c, 0x22, 0x04, 0xc3, 0x08, 0x01, 0xfe, 0xbd, 0xbc, 0xbc, 0x32, 0x31, 0x04, 0xc2, 0x31,
    0x32, 0x15, 0x0e, 0x32, 0x00, 0x35, 0x04, 0xc1, 0x22, 0x10, 0xfe, 0xbc, 0xbc, 0xbd, 0x20, 0x2a,
    0x04, 0x13, 0x04, 0xc0, 0x35, 0xa5, 0x88, 0x91, 0x79, 0xfe, 0xaf, 0xae, 0xa9, 0xfe, 0xa8, 0xb7,
    0xda, 0xa1, 0xa3, 0xb1, 0xb1, 0xfe, 0x62, 0x7b, 0xb4, 0x45, 0xa5, 0xa6, 0x05, 0xc0, 0x33, 0xfe,
    0x62, 0x7c, 0xbf, 0xfe, 0x6f, 0x82, 0x81, 0xfe, 0x7e, 0x86, 0x3e, 0x06, 0x68, 0xc3, 0xa1, 0x89,
    0x96, 0x83, 0x24, 0xfe, 0xb9, 0xb9, 0xbe, 0xfe, 0x72, 0x72, 0x71, 0x0f, 0x04, 0xc1, 0x7f, 0xc0,
    0x98, 0x88, 0xfe, 0xd7, 0xd7, 0xd7, 0x26, 0x40, 0x26, 0xc1, 0x9c, 0x88, 0xc1, 0x40, 0xa3, 0x88,
    0xfe, 0xd4, 0xd4, 0xd4, 0xfe, 0x71, 0x71, 0x71, 0xa8, 0x88, 0xc0, 0x3d, 0xc1, 0xa6, 0x88, 0x8b,
    0x67, 0xfe, 0xb9, 0xb2, 0xb4, 0xfe, 0x82, 0xbc, 0xac, 0xfe, 0x3a, 0x8f, 0x77, 0x0a, 0x45, 0xc3,
    0x6b, 0x16, 0xfe, 0x57, 0x8a, 0x9c, 0xfe, 0x68, 0x7c, 0xbb, 0xfe, 0x63, 0x7e, 0xb4, 0xa1, 0xa9,
    0x9d, 0x8a, 0x99, 0x7a, 0xfe, 0xa7, 0xb5, 0xd4, 0xfe, 0xc6, 0xd0, 0xe3, 0xfe, 0x72, 0x88, 0xbb,
    0xfe, 0x4d, 0x69, 0xa9, 0xfe, 0xa6, 0xb6, 0xd9, 0xfe, 0xaf, 0xac, 0xa8, 0xfe, 0x6b, 0x6c, 0x6d,
    0x17, 0x9b, 0x88, 0x7f, 0xc0, 0x7f, 0x1b, 0x9a, 0x88, 0xfe, 0xe3, 0xe3, 0xe3, 0xfe, 0xb8, 0xb8,
    0xb8, 0xfe, 0x6d, 0x6d, 0x6d, 0x2a, 0x0c, 0xc1, 0x55, 0x17, 0x8d, 0x88, 0x21, 0xaa, 0x85, 0xfe,
    0x6b, 0x6b, 0x68, 0xb1, 0x89, 0x9d, 0x88, 0xc2, 0x2b, 0x25, 0xfe, 0xb8, 0xb8, 0xb5, 0xfe, 0xf2,
    0xf3, 0xf2, 0xfe, 0x73, 0x75, 0x75, 0xa4, 0x88, 0xc3, 0xa2, 0x88, 0x96, 0x78, 0xfe, 0x94, 0x97,
    0x97, 0xfe, 0xf0, 0xf3, 0xf1, 0xfe, 0x83, 0x86, 0x83, 0x8e, 0x99, 0xa8, 0x88, 0x9d, 0x88, 0xc1,
    0x25, 0x2d, 0x31, 0xfe, 0xf1, 0xf1, 0xf1, 0xfe, 0x97, 0x94, 0x97, 0xfe, 0x71, 0x6e, 0x71, 0xab,
    0x77, 0x40, 0xc3, 0x9c, 0x88, 0xfe, 0xf3, 0xf0, 0xf2, 0xfe, 0xb8, 0xb5, 0xb5, 0xfe, 0x6b, 0x68,
    0x68, 0xb2, 0x78, 0x9d, 0x88, 0xc2, 0x21, 0x16, 0xfe, 0xde, 0xdb, 0xdb, 0x97, 0x5a, 0xfe, 0x68,
    0x68, 0x6b, 0xb3, 0x88, 0x9b, 0x87, 0x7f, 0xc1, 0xa2, 0x88, 0x91, 0x89, 0xfe, 0xb5, 0xb5, 0xb8,
    0xfe, 0xe0, 0xe0, 0xe1, 0xfe, 0x71, 0x71, 0x71, 0xa6, 0x88, 0x3d, 0x2e, 0xc0, 0x55, 0x2a, 0x8e,
    0x79, 0xfe, 0xae, 0xac, 0xa6, 0xfe, 0x9e, 0xaf, 0xd5, 0xfe, 0x4e, 0x6a, 0xa9, 0xfe, 0xae, 0xbb,
    0xd7, 0xb3, 0xc0, 0xfe, 0x6b, 0x83, 0xb8, 0x94, 0x5d, 0xa9, 0xa4, 0x9d, 0x99, 0xa0, 0x85, 0xfe,
    0x63, 0x7d, 0xbe, 0xfe, 0x71, 0x83, 0x81, 0xfe, 0x7e, 0x86, 0x3e, 0xfe, 0x7c, 0x86, 0x49, 0x68,
    0xc3, 0xa1, 0x89, 0x15, 0xfe, 0xa9, 0xb1, 0x82, 0xfe, 0xb4, 0xb4, 0xb9, 0xfe, 0x68, 0x68, 0x67,
    0x17, 0x3d, 0xc1, 0x0c, 0xc0, 0x14, 0xfe, 0xd4, 0xd4, 0xd4, 0x39, 0x9d, 0x88, 0xa2, 0x88, 0xc1,
    0x26, 0xc3, 0x82, 0x88, 0xfe, 0x93, 0x93, 0x93, 0xa7, 0x88, 0x55, 0x55, 0xc1, 0xa4, 0x88, 0x90,
    0x78, 0xfe, 0xc9, 0xc4, 0xc6, 0xfe, 0x80, 0xb9, 0xa9, 0x2f, 0xa8, 0xfa, 0x45, 0xc4, 0xa3, 0x31,
    0xfe, 0x4f, 0x83, 0x99, 0xfe, 0x5b, 0x71, 0xb6, 0xfe, 0x5c, 0x78, 0xb3, 0x9c, 0x9a, 0xa2, 0x96,
    0xfe, 0xab, 0xb9, 0xd9, 0xa5, 0x96, 0xfe, 0x58, 0x74, 0xb1, 0x66, 0x97, 0x7c, 0xfe, 0x98, 0xa9,
    0xd3, 0xfe, 0xc1, 0xbe, 0xbb, 0xfe, 0x8a, 0x8c, 0x8d, 0x3b, 0x9c, 0x88, 0xc1, 0x7f, 0x3f, 0x9c,
    0x88, 0xfe, 0xea, 0xea, 0xea, 0x82, 0x88, 0x03, 0xab, 0x88, 0x40, 0xc1, 0x3b, 0xa4, 0x88, 0x92,
    0x88, 0xfe, 0xe3, 0xe3, 0xe2, 0xfe, 0xeb, 0xeb, 0xf5, 0xfe, 0x90, 0x90, 0x9f, 0xae, 0x87, 0x9d,
    0x89, 0xc2, 0x19, 0x92, 0x88, 0xfe, 0xcb, 0xcd, 0xd9, 0xfe, 0xff, 0xfb, 0xfd, 0xfe, 0xa6, 0x98,
    0x97, 0xa3, 0x99, 0xc3, 0xa2, 0x78, 0x98, 0x88, 0xbd, 0x87, 0xfe, 0xff, 0xf9, 0xff, 0xfe, 0xb4,
    0xa5, 0xb4, 0x92, 0x88, 0xa7, 0x77, 0x9d, 0x99, 0xc1, 0xa2, 0x88, 0x24, 0xad, 0x99, 0xfe, 0xff,
    0xfd, 0xff, 0xfe, 0xb1, 0xc0, 0xb1, 0x84, 0x88, 0xa7, 0x99, 0x44, 0xc3, 0x9d, 0x87, 0xfe, 0xfb,
    0xff, 0xfd, 0xfe, 0xcd, 0xd9, 0xd9, 0xfe, 0x90, 0x9f, 0x9e, 0xad, 0x99, 0x9e, 0x78, 0xc2, 0x1f,
    0x93, 0x68, 0xfe, 0xeb, 0xf5, 0xf5, 0xfe, 0xf1, 0xf1, 0xe2, 0xfe, 0x9e, 0x9f, 0x90, 0xae, 0x98,
    0x9c, 0x88, 0x7f, 0xc1, 0xa1, 0x89, 0x96, 0x87, 0xfe, 0xd9, 0xd9, 0xcc, 0xfe, 0xf9, 0xf9, 0xf8,
    0xfe, 0xa6, 0xa6, 0xa5, 0xa4, 0x89, 0x7f, 0x2b, 0xc0, 0x55, 0xa4, 0x88, 0x92, 0x79, 0xfe, 0xd4,
    0xd1, 0xce, 0xfe, 0xa0, 0xb2, 0xd9, 0xfe, 0x4b, 0x68, 0xa9, 0xa7, 0x85, 0xfe, 0x8f, 0xa1, 0xca,
    0xfe, 0xc1, 0xcb, 0xe3, 0xfe, 0x72, 0x89, 0xbc, 0xfe, 0x55, 0x6f, 0xad, 0xa8, 0x77, 0x9e, 0x95,
    0xfe, 0x55, 0x73, 0xbb, 0xfe, 0x69, 0x7d, 0x7d, 0xfe, 0x80, 0x87, 0x3e, 0xfe, 0x7c, 0x86, 0x49,
    0x68, 0xc3, 0xa1, 0x89, 0x96, 0x83, 0xfe, 0xa6, 0xae, 0x80, 0xfe, 0xc5, 0xc5, 0xc9, 0xfe, 0x8c,
    0x8c, 0x8b, 0xb0, 0x89, 0x1d, 0xc1, 0x2c, 0x7f, 0x99, 0x88, 0xfe, 0xe1, 0xe1, 0xe1, 0xbe, 0x88,
    0xc3, 0xfe, 0x7f, 0x7f, 0x7f, 0xc2, 0xab, 0x88, 0xfe, 0xe9, 0xe9, 0xe9, 0xb6, 0x88, 0xc7, 0xfe,
    0x77, 0xb2, 0xa1, 0xfe, 0x3c, 0x90, 0x78, 0xa7, 0xeb, 0x44, 0xc3, 0xa1, 0x98, 0x9c, 0x14, 0xfe,
    0x7f, 0xab, 0xaf, 0xfe, 0xbf, 0xc5, 0xe5, 0x9a, 0x11, 0x99, 0x8c, 0xfe, 0xd0, 0xd8, 0xeb, 0xfe,
    0xef, 0xf1, 0xf7, 0xfe, 0xb2, 0xbe, 0xda, 0x56, 0xa7, 0x95, 0x98, 0x6b, 0xfe, 0xcc, 0xd4, 0xe7,
    0x26, 0xc7, 0x99, 0x88, 0x88, 0x88, 0xa3, 0x88, 0xc4, 0x55, 0xa1, 0x89, 0x9c, 0x84, 0xfe, 0xdf,
    0xdf, 0x83, 0xa4, 0x82, 0xc4, 0x5a, 0xa0, 0x9a, 0x9e, 0xb7, 0xfe, 0x96, 0xde, 0xc8, 0xfe, 0x81,
    0xe3, 0xe9, 0xa0, 0x90, 0xa0, 0x7a, 0xc3, 0x69, 0xfe, 0x81, 0xe1, 0xe8, 0xfe, 0x7f, 0xde, 0xa9,
    0xfe, 0x81, 0xe2, 0x81, 0xa1, 0x79, 0x68, 0xc3, 0x9c, 0xee, 0xfe, 0x81, 0xec, 0x81, 0xfe, 0xa9,
    0xb5, 0xa9, 0xfe, 0xe8, 0x81, 0xe8, 0xa1, 0x11, 0x77, 0xc3, 0x68, 0xa1, 0x7f, 0xfe, 0xde, 0x7e,
    0xc8, 0xfe, 0xe1, 0x80, 0x80, 0xa2, 0x89, 0x64, 0xc3, 0x5a, 0xa0, 0xc8, 0xfe, 0xd8, 0x7f, 0x83,
    0xfe, 0x84, 0x7f, 0xdc, 0xa3, 0x2d, 0x64, 0x6b, 0xc2, 0x2b, 0xa1, 0x89, 0x9e, 0x86, 0xfe, 0x7f,
    0x7f, 0x95, 0xfe, 0x81, 0x81, 0x81, 0xa0, 0x8a, 0x04, 0xc2, 0x7a, 0x4a, 0x65, 0xfe, 0x9f, 0xa7,
    0xb9, 0xfe, 0xb3, 0xc0, 0xdb, 0xa1, 0xa6, 0x95, 0x6e, 0xfe, 0xda, 0xe0, 0xed, 0xac, 0xa5, 0x37,
    0x9f, 0x86, 0xa3, 0x97, 0xfe, 0xb9, 0xc4, 0xe8, 0xfe, 0x99, 0xa4, 0x93, 0xfe, 0x78, 0x81, 0x3b,
    0xfe, 0x7d, 0x87, 0x49, 0x54, 0xc3, 0xa2, 0x88, 0x97, 0x74, 0xfe, 0x9f, 0xa6, 0x77, 0x26, 0xc7,
    0x8a, 0x88, 0xfe, 0x8a, 0x8a, 0x8a, 0x95, 0x88, 0xc2, 0xfe, 0x00, 0x00, 0x00, 0xc2, 0xab, 0x88,
    0xfe, 0xb9, 0xb9, 0xb9, 0xfe, 0x98, 0x98, 0x98, 0x94, 0x88, 0xa7, 0x88, 0x55, 0xc0, 0x55, 0xa4,
    0x88, 0x90, 0x78, 0xfe, 0xc9, 0xc1, 0xc4, 0xfe, 0x80, 0xba, 0xaa, 0xfe, 0x3a, 0x8f, 0x77, 0xa8,
    0xfa, 0x45, 0xc3, 0x7a, 0x98, 0x17, 0xfe, 0xaf, 0xd4, 0xc6, 0xfe, 0xbf, 0xb4, 0xb1, 0xfe, 0x96,
    0x96, 0x90, 0xfe, 0xec, 0xe9, 0xe3, 0xfe, 0xc2, 0xc2, 0xbe, 0xfe, 0x8f, 0x8f, 0x8e, 0xb1, 0xa3,
    0xa0, 0xa8, 0x9b, 0x79, 0xa9, 0x87, 0xfe, 0xfc, 0xfb, 0xf8, 0xa3, 0x7b, 0x65, 0x17, 0xc3, 0x55,
    0x17, 0x90, 0x88, 0xfe, 0xba, 0xba, 0xba, 0x0c, 0xa2, 0x88, 0x1b, 0xc3, 0xa0, 0x8b, 0x9f, 0x80,
    0xfe, 0xba, 0xba, 0x00, 0xc5, 0x5a, 0x05, 0xfe, 0xc3, 0xba, 0x00, 0xfe, 0x1f, 0xba, 0x8b, 0xfe,
    0x00, 0xba, 0xc7, 0xfe, 0x00, 0xba, 0xb7, 0xa0, 0x8b, 0xc3, 0x68, 0xfe, 0x00, 0xba, 0xc8, 0xfe,
    0x00, 0xba, 0x48, 0xfe, 0x00, 0xba, 0x00, 0xc4, 0x6e, 0xfe, 0x00, 0xb3, 0x00, 0xfe, 0x00, 0xcf,
    0x00, 0xfe, 0x48, 0x62, 0x48, 0xfe, 0xc8, 0x00, 0xc8, 0xfe, 0xb8, 0x00, 0xb8, 0xa0, 0xaa, 0xc3,
    0xa0, 0x85, 0xfe, 0xba, 0x00, 0xc7, 0xfe, 0xba, 0x00, 0x8b, 0xfe, 0xba, 0x00, 0x00, 0xc5, 0x4a,
    0xfe, 0xc0, 0x00, 0x00, 0xfe, 0xac, 0x00, 0x00, 0xfe, 0x00, 0x00, 0xb4, 0xfe, 0x00, 0x00, 0xbd,
    0xa0, 0x85, 0xc3, 0x68, 0x20, 0x0b, 0xfe, 0x00, 0x00, 0x1d, 0xfe, 0x00, 0x00, 0x00, 0xc7, 0xfe,
    0xa7, 0xa5, 0xa1, 0xb2, 0x95, 0xfe, 0x98, 0x95, 0x90, 0xae, 0x88, 0x90, 0x6b, 0xb0, 0x88, 0xfe,
    0xf0, 0xee, 0xe9, 0xfe, 0xbd, 0xbb, 0xb6, 0xfe, 0x8e, 0x8c, 0x84, 0xfe, 0xbf, 0xbb, 0xbb, 0xfe,
    0xc8, 0xcb, 0xaa, 0xfe, 0x72, 0x7e, 0x3a, 0xa8, 0xae, 0x69, 0xc3, 0x0e, 0x96, 0x83, 0xfe, 0xa7,
    0xaf, 0x80, 0xfe, 0xc4, 0xc3, 0xc9, 0xfe, 0x84, 0x85, 0x84, 0xb0, 0x99, 0x9c, 0x88, 0x03, 0xc0,
    0x12, 0x99, 0x88, 0xac, 0x88, 0x0c, 0x1a, 0x35, 0xc2, 0xa6, 0x88, 0xc0, 0x7f, 0x0f, 0xfe, 0x26,
    0x26, 0x26, 0x1b, 0x26, 0x95, 0x88, 0xa7, 0x88, 0x40, 0xc1, 0xa5, 0x99, 0x8c, 0x67, 0xfe, 0xb9,
    0xb2, 0xb4, 0xfe, 0x82, 0xbc, 0xac, 0xfe, 0x3a, 0x8f, 0x77, 0xa8, 0xfa, 0x45, 0xc3, 0x7a, 0x9c,
    0x16, 0xfe, 0xa5, 0xca, 0xc0, 0xfe, 0x9b, 0x94, 0x97, 0xfe, 0xb5, 0xb8, 0xba, 0x98, 0xa7, 0xfe,
    0x74, 0x75, 0x76, 0x0c, 0x41, 0x6b, 0x9c, 0x88, 0xa8, 0x88, 0xfe, 0xee, 0xee, 0xef, 0xb1, 0x87,
    0x55, 0x26, 0xc3, 0x17, 0x26, 0x91, 0x88, 0xfe, 0xc1, 0xc1, 0xc1, 0x55, 0xa2, 0x88, 0x04, 0xc3,
    0xa0, 0x8b, 0xa0, 0x81, 0xfe, 0xc1, 0xc1, 0x15, 0xfe, 0xc1, 0xc1, 0x05, 0xa0, 0x8a, 0x69, 0xc2,
    0x5b, 0x7b, 0xfe, 0xca, 0xc1, 0x05, 0xfe, 0x35, 0xc2, 0x98, 0xfe, 0x05, 0xc1, 0xcd, 0xfe, 0x09,
    0xc1, 0xbe, 0xa0, 0x5b, 0xc3, 0x68, 0xfe, 0x06, 0xc1, 0xce, 0xfe, 0x06, 0xc2, 0x5b, 0xfe, 0x06,
    0xc1, 0x05, 0xa0, 0x8d, 0xa0, 0x84, 0xc2, 0x6e, 0xfe, 0x0a, 0xba, 0x0a, 0xfe, 0x05, 0xd4, 0x05,
    0xfe, 0x5b, 0x74, 0x5b, 0xfe, 0xce, 0x05, 0xce, 0xfe, 0xbf, 0x08, 0xbf, 0x9e, 0xcc, 0xc3, 0xa0,
    0x85, 0xfe, 0xc1, 0x06, 0xcd, 0xfe, 0xc2, 0x06, 0x98, 0xfe, 0xc1, 0x06, 0x05, 0xa0, 0x8b, 0x69,
    0x69, 0xc2, 0x4b, 0xa0, 0xf6, 0xfe, 0xb5, 0x06, 0x15, 0xfe, 0x11, 0x06, 0xbd, 0xfe, 0x05, 0x06,
    0xc4, 0xa0, 0x95, 0xc3, 0x68, 0xa0, 0x8d, 0x68, 0xfe, 0x06, 0x06, 0x34, 0xfe, 0x06, 0x06, 0x05,
    0xa0, 0x8b, 0x0f, 0xc2, 0x55, 0xa4, 0x88, 0x40, 0xfe, 0xa3, 0xa4, 0xa5, 0x8d, 0x88, 0xfe, 0x6d,
    0x6d, 0x6f, 0xac, 0x77, 0x7e, 0x9a, 0x88, 0xbb, 0x8a, 0xfe, 0xcf, 0xd0, 0xd2, 0xfe, 0x83, 0x84,
    0x84, 0xfe, 0x8b, 0x8b, 0x93, 0xfe, 0xc0, 0xc5, 0xa7, 0xfe, 0x75, 0x7f, 0x3a, 0x3f, 0x69, 0xc3,
    0xa1, 0x89, 0x96, 0x83, 0xfe, 0xa9, 0xb1, 0x82, 0xfe, 0xb4, 0xb4, 0xb9, 0xfe, 0x6a, 0x6a, 0x69,
    0xb5, 0x89, 0x0c, 0xc1, 0x2a, 0x99, 0x88, 0x26, 0xfe, 0xba, 0xba, 0xba, 0xfe, 0x26, 0x26, 0x26,
    0x0f, 0x1e, 0x0f, 0xc0, 0x9a, 0x88, 0xc0, 0x7f, 0x35, 0xfe, 0x20, 0x20, 0x20, 0xfe, 0xbb, 0xbb,
    0xbb, 0xfe, 0x88, 0x88, 0x88, 0x96, 0x88, 0xa5, 0x88, 0x55, 0xc0, 0x22, 0xa4, 0x88, 0x8e, 0x67,
    0xfe, 0xbe, 0xb8, 0xb9, 0xfe, 0x81, 0xbb, 0xab, 0xfe, 0x3a, 0x8f, 0x77, 0x0a, 0x45, 0xc3, 0xa1,
    0x99, 0x98, 0x16, 0xfe, 0x9b, 0xc5, 0xb9, 0xfe, 0xed, 0xe5, 0xe7, 0xfe, 0xad, 0xb0, 0xaf, 0xfe,
    0x7b, 0x7b, 0x7b, 0xa6, 0x88, 0x22, 0x13, 0xa2, 0x87, 0x9c, 0x88, 0x1e, 0xfe, 0xf1, 0xf1, 0xf1,
    0xae, 0x88, 0x55, 0x26, 0xc3, 0x17, 0x26, 0x91, 0x88, 0xfe, 0xc0, 0xc0, 0xc0, 0x55, 0xa2, 0x88,
    0x35, 0xc3, 0xa0, 0x8b, 0xa0, 0x80, 0xfe, 0xc0, 0xc0, 0x0f, 0xfe, 0xc0, 0xc0, 0x00, 0x6b, 0x35,
    0xc2, 0x5b, 0xa0, 0x9a, 0xfe, 0xc9, 0xc0, 0x00, 0xfe, 0x30, 0xc0, 0x95, 0xfe, 0x00, 0xc0, 0xcc,
    0xfe, 0x03, 0xc0, 0xbd, 0xa0, 0x5b, 0xc3, 0x68, 0xfe, 0x00, 0xc0, 0xcd, 0xfe, 0x00, 0xc0, 0x57,
    0xfe, 0x00, 0xc0, 0x00, 0xa0, 0x8d, 0x35, 0xc2, 0x6e, 0xfe, 0x05, 0xb9, 0x05, 0xfe, 0x00, 0xd3,
    0x00, 0xfe, 0x57, 0x70, 0x57, 0xfe, 0xcd, 0x00, 0xcd, 0xfe, 0xbe, 0x02, 0xbe, 0x9e, 0xcc, 0xc3,
    0xa0, 0x85, 0xfe, 0xc0, 0x00, 0xcc, 0xfe, 0xc0, 0x00, 0x95, 0xfe, 0xc0, 0x00, 0x00, 0xa0, 0x8b,
    0x68, 0x35, 0xc2, 0x4b, 0xa0, 0xf7, 0xfe, 0xb3, 0x00, 0x0f, 0xfe, 0x0b, 0x00, 0xbb, 0xfe, 0x00,
    0x00, 0xc3, 0xa0, 0x85, 0xc3, 0x68, 0x0a, 0x35, 0xfe, 0x00, 0x00, 0x2f, 0xfe, 0x00, 0x00, 0x00,
    0xa0, 0x8b, 0x35, 0xc3, 0xa3, 0x88, 0x40, 0xfe, 0xa4, 0xa4, 0xa4, 0x97, 0x88, 0xfe, 0x7a, 0x7a,
    0x7a, 0xaa, 0x88, 0x13, 0x7f, 0x95, 0x88, 0xfe, 0x9a, 0x9a, 0x9a, 0xfe, 0xd0, 0xd0, 0xcf, 0x86,
    0x9f, 0xfe, 0xbd, 0xc2, 0xa4, 0xfe, 0x77, 0x81, 0x3d, 0x3f, 0x69, 0xc3, 0x0e, 0x96, 0x83, 0xfe,
    0xa8, 0xb0, 0x81, 0xfe, 0xba, 0xba, 0xbe, 0xfe, 0x74, 0x74, 0x73, 0xb3, 0x89, 0x22, 0x13, 0xc0,
    0x22, 0x9b, 0x88, 0x2d, 0xfe, 0xbb, 0xbb, 0xbb, 0xfe, 0x20, 0x20, 0x20, 0x35, 0x04, 0x35, 0xc2,
    0x04, 0x35, 0x15, 0x2a, 0xfe, 0x86, 0x86, 0x86, 0x95, 0x88, 0xa6, 0x88, 0x55, 0xc1, 0xa5, 0x88,
    0x8d, 0x67, 0xfe, 0xbd, 0xb6, 0xb8, 0xfe, 0x81, 0xbb, 0xab, 0x2f, 0xa8, 0xfa, 0x45, 0xc2, 0x7a,
    0x45, 0x9c, 0x36, 0xfe, 0xc5, 0xdf, 0xd8, 0xfe, 0xc5, 0xc0, 0xc1, 0xfe, 0x74, 0x76, 0x76, 0xab,
    0xb9, 0x35, 0xc1, 0x04, 0x9c, 0x88, 0x00, 0xfe, 0xf1, 0xf1, 0xf1, 0xae, 0x88, 0x55, 0x26, 0xc3,
    0x17, 0x26, 0x05, 0xfe, 0xc0, 0xc0, 0xc0, 0x55, 0xa2, 0x88, 0x35, 0xc3, 0xa0, 0x8b, 0x12, 0xfe,
    0xc0, 0xc0, 0x0f, 0xfe, 0xc0, 0xc0, 0x00, 0x6b, 0x35, 0xc2, 0x39, 0xa0, 0x9a, 0xfe, 0xc9, 0xc0,
    0x00, 0xfe, 0x30, 0xc0, 0x95, 0xfe, 0x00, 0xc0, 0xcc, 0xfe, 0x03, 0xc0, 0xbd, 0xa0, 0x5b, 0xc3,
    0x68, 0xfe, 0x00, 0xc0, 0xcd, 0xfe, 0x00, 0xc0, 0x57, 0xfe, 0x00, 0xc0, 0x00, 0xa0, 0x8d, 0x35,
    0xc2, 0x6e, 0xfe, 0x05, 0xb9, 0x05, 0xfe, 0x00, 0xd3, 0x00, 0xfe, 0x57, 0x70, 0x57, 0xfe, 0xcd,
    0x00, 0xcd, 0x2b, 0x9e, 0xcc, 0xc3, 0x20, 0xfe, 0xc0, 0x00, 0xcc, 0xfe, 0xc0, 0x00, 0x95, 0xfe,
    0xc0, 0x00, 0x00, 0xa0, 0x8b, 0x68, 0x35, 0xc2, 0x36, 0xa0, 0xf7, 0xfe, 0xb3, 0x00, 0x0f, 0x33,
    0xfe, 0x00, 0x00, 0xc3, 0xa0, 0x85, 0xc3, 0x68, 0x0a, 0x35, 0x3e, 0xfe, 0x00, 0x00, 0x00, 0xa0,
    0x8b, 0x35, 0xc3, 0xa3, 0x88, 0x40, 0x11, 0x95, 0x88, 0xfe, 0x77, 0x77, 0x77, 0x13, 0x40, 0xc0,
    0x13, 0x97, 0x88, 0xba, 0x87, 0xfe, 0xec, 0xea, 0xf0, 0xfe, 0xb9, 0xbf, 0x9f, 0xfe, 0x70, 0x7b,
    0x37, 0xad, 0xae, 0x9e, 0x77, 0xc3, 0xa1, 0x89, 0x96, 0x83, 0x24, 0xfe, 0xb8, 0xb8, 0xbd, 0xfe,
    0x71, 0x71, 0x70, 0x00, 0x35, 0xc1, 0x7f, 0x2a, 0x0f, 0xfe, 0xbb, 0xbb, 0xbb, 0xfe, 0x20, 0x20,
    0x20, 0x80, 0x88, 0x7f, 0x35, 0xc2, 0x04, 0x35, 0x15, 0x2a, 0x0f, 0x95, 0x88, 0xa6, 0x88, 0x55,
    0xc1, 0x00, 0x8d, 0x67, 0x02, 0xfe, 0x81, 0xbb, 0xab, 0x2f, 0xa8, 0xfa, 0x45, 0xc2, 0x0a, 0x98,
    0x36, 0xfe, 0x9b, 0xc7, 0xba, 0xfe, 0xed, 0xf5, 0xf2, 0xfe, 0x90, 0x8f, 0x90, 0x8a, 0x67, 0xaa,
    0x98, 0x9d, 0x88, 0xc1, 0x04, 0x9c, 0x88, 0x00, 0xfe, 0xf1, 0xf1, 0xf1, 0xae, 0x88, 0x17, 0x26,
    0xc3, 0x17, 0x26, 0x05, 0xfe, 0xc0, 0xc0, 0xc0, 0x55, 0xa2, 0x88, 0x35, 0xc3, 0xa0, 0x8b, 0x12,
    0x1e, 0xfe, 0xc0, 0xc0, 0x00, 0x6b, 0x35, 0xc2, 0x39, 0xa0, 0x9a, 0xfe, 0xc9, 0xc0, 0x00, 0xfe,
    0x30, 0xc0, 0x95, 0xfe, 0x00, 0xc0, 0xcc, 0x29, 0xa0, 0x5b, 0xc3, 0x68, 0xfe, 0x00, 0xc0, 0xcd,
    0xfe, 0x00, 0xc0, 0x57, 0xfe, 0x00, 0xc0, 0x00, 0xa0, 0x8d, 0x35, 0xc2, 0x3a, 0xfe, 0x05, 0xb9,
    0x05, 0xfe, 0x00, 0xd3, 0x00, 0xfe, 0x57, 0x70, 0x57, 0xfe, 0xcd, 0x00, 0xcd, 0x2b, 0x9e, 0xcc,
    0xc3, 0xa0, 0x85, 0xfe, 0xc0, 0x00, 0xcc, 0xfe, 0xc0, 0x00, 0x95, 0xfe, 0xc0, 0x00, 0x00, 0xa0,
    0x8b, 0x68, 0x35, 0xc2, 0x36, 0xa0, 0xf7, 0xfe, 0xb3, 0x00, 0x0f, 0x33, 0xfe, 0x00, 0x00, 0xc3,
    0xa0, 0x85, 0xc3, 0x68, 0x0a, 0x35, 0x3e, 0xfe, 0x00, 0x00, 0x00, 0xa0, 0x8b, 0x35, 0xc3, 0xa3,
    0x88, 0x40, 0x11, 0x2c, 0x2e, 0x13, 0x40, 0xc1, 0x31, 0x01, 0xfe, 0xa7, 0xa6, 0xa8, 0xfe, 0xe7,
    0xea, 0xdd, 0xfe, 0x83, 0x8c, 0x4f, 0x95, 0x74, 0xa7, 0x8a, 0x40, 0xc2, 0x0e, 0x96, 0x83, 0x24,
    0xfe, 0xb8, 0xb8, 0xbd, 0x0d, 0xb4, 0x89, 0x35, 0xc1, 0x7f, 0x2a, 0x0f, 0xfe, 0xbb, 0xbb, 0xbb,
    0xfe, 0x20, 0x20, 0x20, 0x80, 0x88, 0x7f, 0x35, 0xc2, 0x04, 0x35, 0x15, 0x2a, 0x0f, 0x95, 0x88,
    0xa6, 0x88, 0x55, 0xc1, 0x00, 0x8d, 0x67, 0x02, 0x0c, 0x2f, 0xa8, 0xfa, 0x45, 0xc1, 0xa2, 0xa8,
    0x96, 0x06, 0xfe, 0x93, 0xc0, 0xb5, 0xac, 0xd7, 0x61, 0xfe, 0xa5, 0x9d, 0x9f, 0xfe, 0x75, 0x77,
    0x77, 0xab, 0xa9, 0x35, 0xc1, 0x04, 0x9c, 0x88, 0x00, 0xfe, 0xf1, 0xf1, 0xf1, 0xae, 0x88, 0x17,
    0x26, 0xc3, 0x17, 0x26, 0x05, 0xfe, 0xc0, 0xc0, 0xc0, 0x55, 0xa2, 0x88, 0x35, 0xc3, 0xa0, 0x8b,
    0x12, 0x1e, 0xfe, 0xc0, 0xc0, 0x00, 0x6b, 0x35, 0xc2, 0x39, 0xa0, 0x9a, 0xfe, 0xc9, 0xc0, 0x00,
    0xfe, 0x30, 0xc0, 0x95, 0xfe, 0x00, 0xc0, 0xcc, 0x29, 0xa0, 0x5b, 0xc3, 0x68, 0xfe, 0x00, 0xc0,
    0xcd, 0xfe, 0x00, 0xc0, 0x57, 0xfe, 0x00, 0xc0, 0x00, 0xa0, 0x8d, 0x35, 0xc2, 0x3a, 0xfe, 0x05,
    0xb9, 0x05, 0xfe, 0x00, 0xd3, 0x00, 0x0b, 0xfe, 0xcd, 0x00, 0xcd, 0x2b, 0x9e, 0xcc, 0xc3, 0xa0,
    0x85, 0xfe, 0xc0, 0x00, 0xcc, 0xfe, 0xc0, 0x00, 0x95, 0xfe, 0xc0, 0x00, 0x00, 0xa0, 0x8b, 0x68,
    0x35, 0xc2, 0x36, 0xa0, 0xf7, 0xfe, 0xb3, 0x00, 0x0f, 0x33, 0xfe, 0x00, 0x00, 0xc3, 0xa0, 0x85,
    0xc3, 0x68, 0x0a, 0x35, 0x3e, 0xfe, 0x00, 0x00, 0x00, 0xa0, 0x8b, 0x35, 0xc3, 0x22, 0x40, 0x11,
    0x2c, 0x2e, 0x13, 0x40, 0xc1, 0x13, 0x98, 0x87, 0xb7, 0x9c, 0xfe, 0xe7, 0xe8, 0xdd, 0xfe, 0xc7,
    0xcb, 0xae, 0xfe, 0x7b, 0x86, 0x47, 0x9e, 0xa7, 0xa4, 0x79, 0x40, 0xc1, 0xa1, 0x89, 0x96, 0x83,
    0x24, 0xfe, 0xb8, 0xb8, 0xbd, 0x0d, 0x00, 0x9b, 0x88, 0xc1, 0x7f, 0x2a, 0x0f, 0xfe, 0xbb, 0xbb,
    0xbb, 0xfe, 0x20, 0x20, 0x20, 0x80, 0x88, 0x7f, 0x35, 0xc4, 0xbf, 0x88, 0x2a, 0xfe, 0x87, 0x87,
    0x87, 0x95, 0x88, 0x13, 0x55, 0xc1, 0x0f, 0x8d, 0x67, 0xfe, 0xbe, 0xb7, 0xb9, 0xfe, 0x81, 0xbb,
    0xab, 0x2f, 0xa8, 0xfa, 0x45, 0xc0, 0x1c, 0x96, 0x07, 0xfe, 0x80, 0xb7, 0xa8, 0xfe, 0xbf, 0xd9,
    0xd2, 0xfe, 0x3b, 0x90, 0x78, 0xfe, 0xa1, 0xc9, 0xbf, 0xfe, 0xa6, 0x9d, 0xa0, 0xfe, 0x76, 0x78,
    0x78, 0x31, 0x04, 0xc1, 0x13, 0x9c, 0x88, 0x0f, 0xfe, 0xf1, 0xf1, 0xf1, 0xae, 0x88, 0x55, 0x26,
    0xc3, 0x17, 0x26, 0x05, 0xfe, 0xc0, 0xc0, 0xc0, 0x55, 0xa2, 0x88, 0x35, 0xc3, 0xa0, 0x8b, 0x12,
    0xfe, 0xc0, 0xc0, 0x0f, 0xfe, 0xc0, 0xc0, 0x00, 0x6b, 0x35, 0xc2, 0x5b, 0xa0, 0x9a, 0xfe, 0xc9,
    0xc0, 0x00, 0xfe, 0x30, 0xc0, 0x95, 0xfe, 0x00, 0xc0, 0xcc, 0x29, 0xa0, 0x5b, 0xc3, 0x68, 0xfe,
    0x00, 0xc0, 0xcd, 0xfe, 0x00, 0xc0, 0x57, 0xfe, 0x00, 0xc0, 0x00, 0xa0, 0x8d, 0x35, 0xc2, 0x3a,
    0xfe, 0x05, 0xb9, 0x05, 0xfe, 0x00, 0xd3, 0x00, 0x0b, 0xfe, 0xcd, 0x00, 0xcd, 0x2b, 0x9e, 0xcc,
    0xc3, 0xa0, 0x85, 0xfe, 0xc0, 0x00, 0xcc, 0x08, 0xfe, 0xc0, 0x00, 0x00, 0xa0, 0x8b, 0x68, 0x35,
    0xc2, 0x36, 0xa0, 0xf7, 0xfe, 0xb3, 0x00, 0x0f, 0x33, 0xfe, 0x00, 0x00, 0xc3, 0xa0, 0x85, 0xc3,
    0x68, 0x0a, 0x35, 0xfe, 0x00, 0x00, 0x2f, 0xfe, 0x00, 0x00, 0x00, 0xa0, 0x8b, 0x35, 0xc3, 0x22,
    0x40, 0xfe, 0xa4, 0xa4, 0xa4, 0x97, 0x88, 0xfe, 0x78, 0x78, 0x78, 0xab, 0x88, 0x40, 0xc1, 0x31,
    0x94, 0x76, 0xfe, 0xa2, 0xa0, 0xa7, 0xfe, 0xb7, 0xbc, 0x9a, 0x96, 0x72, 0xfe, 0xc7, 0xcb, 0xb1,
    0xfe, 0x76, 0x81, 0x3f, 0xa5, 0x9c, 0x7e, 0x55, 0xc0, 0x0e, 0x96, 0x83, 0x24, 0xfe, 0xb9, 0xb9,
    0xbe, 0xfe, 0x72, 0x73, 0x71, 0x0f, 0x04, 0xc1, 0x13, 0x9a, 0x88, 0xab, 0x88, 0x2a, 0x06, 0x35,
    0xc2, 0xa4, 0x88, 0xc0, 0x7f, 0x9d, 0x88, 0xfe, 0x24, 0x24, 0x24, 0x2a, 0x22, 0x3d, 0xa7, 0x88,
    0x40, 0xc1, 0xa5, 0x88, 0x8d, 0x67, 0xfe, 0xbb, 0xb5, 0xb7, 0xfe, 0x82, 0xbb, 0xab, 0xfe, 0x3a,
    0x8f, 0x77, 0xa8, 0xfa, 0x45, 0x1c, 0x97, 0x28, 0xfe, 0x65, 0xa8, 0x95, 0xfe, 0xc5, 0xde, 0xd7,
    0xfe, 0x56, 0x9d, 0x8a, 0xfe, 0x33, 0x8b, 0x73, 0xfe, 0xaa, 0xce, 0xc4, 0xfe, 0xa0, 0x98, 0x9b,
    0xfe, 0x72, 0x74, 0x74, 0xac, 0xa8, 0x08, 0xc1, 0x26, 0x9b, 0x88, 0x13, 0xfe, 0xf1, 0xf1, 0xf1,
    0xae, 0x88, 0x17, 0x26, 0xc3, 0x17, 0x26, 0x05, 0xfe, 0xc0, 0xc0, 0xc0, 0x55, 0xa2, 0x88, 0x35,
    0xc3, 0xa0, 0x8b, 0x12, 0xfe, 0xc0, 0xc0, 0x0f, 0xfe, 0xc0, 0xc0, 0x00, 0x6b, 0x35, 0xc2, 0x5b,
    0xa0, 0x9a, 0xfe, 0xc9, 0xc0, 0x00, 0xfe, 0x30, 0xc0, 0x95, 0xfe, 0x00, 0xc0, 0xcc, 0xfe, 0x03,
    0xc0, 0xbd, 0xa0, 0x5b, 0xc3, 0x68, 0xfe, 0x00, 0xc0, 0xcd, 0x16, 0xfe, 0x00, 0xc0, 0x00, 0xa0,
    0x8d, 0x35, 0xc2, 0x3a, 0xfe, 0x05, 0xb9, 0x05, 0xfe, 0x00, 0xd3, 0x00, 0x0b, 0xfe, 0xcd, 0x00,
    0xcd, 0x2b, 0x9e, 0xcc, 0xc3, 0x20, 0xfe, 0xc0, 0x00, 0xcc, 0xfe, 0xc0, 0x00, 0x95, 0xfe, 0xc0,
    0x00, 0x00, 0xa0, 0x8b, 0x68, 0x35, 0xc2, 0x36, 0xa0, 0xf7, 0xfe, 0xb3, 0x00, 0x0f, 0x33, 0xfe,
    0x00, 0x00, 0xc3, 0xa0, 0x85, 0xc3, 0x68, 0x0a, 0x35, 0x3e, 0xfe, 0x00, 0x00, 0x00, 0xa0, 0x8b,
    0x35, 0xc3, 0xa3, 0x88, 0x40, 0xfe, 0xa3, 0xa3, 0xa3, 0x94, 0x88, 0x01, 0xac, 0x88, 0x9d, 0x88,
    0xc1, 0x35, 0x94, 0x76, 0xfe, 0x9c, 0x9a, 0xa1, 0xfe, 0xc1, 0xc5, 0xa8, 0xfe, 0x6b, 0x76, 0x2e,
    0xfe, 0xc2, 0xc6, 0xaa, 0x96, 0x82, 0xfe, 0x72, 0x7c, 0x38, 0xab, 0x9f, 0x44, 0x69, 0xa1, 0x89,
    0x96, 0x83, 0xfe, 0xa8, 0xb0, 0x82, 0xfe, 0xb7, 0xb6, 0xbb, 0xfe, 0x6e, 0x6f, 0x6d, 0x13, 0x08,
    0xc1, 0xa2, 0x88, 0x3d, 0xab, 0x88, 0xfe, 0xbb, 0xbb, 0xbb, 0x11, 0xfe, 0x02, 0x02, 0x02, 0x00,
    0x31, 0xc0, 0x9c, 0x88, 0xc2, 0xb9, 0x88, 0xfe, 0xb7, 0xb7, 0xb7, 0xfe, 0x8a, 0x8a, 0x8a, 0x94,
    0x88, 0xa7, 0x88, 0x55, 0xc1, 0xa4, 0x88, 0x8e, 0x78, 0xfe, 0xc0, 0xb9, 0xbb, 0xfe, 0x81, 0xbb,
    0xab, 0xfe, 0x3a, 0x8f, 0x77, 0xa8, 0xfa, 0xc0, 0x9c, 0x57, 0xa7, 0xd9, 0xfe, 0xc1, 0xdc, 0xd4,
    0xfe, 0x6f, 0xac, 0x9b, 0xfe, 0x3c, 0x8f, 0x77, 0xa3, 0x78, 0xfe, 0xa6, 0xcc, 0xc2, 0xfe, 0xa7,
    0x9f, 0xa1, 0xfe, 0x79, 0x7b, 0x7b, 0xab, 0xa8, 0x40, 0xc1, 0x00, 0x9c, 0x88, 0xa8, 0x88, 0xfe,
    0xf2, 0xf2, 0xf2, 0xad, 0x88, 0xc5, 0x55, 0x26, 0x91, 0x88, 0xfe, 0xc0, 0xc0, 0xc0, 0x55, 0xa2,
    0x88, 0x35, 0xc3, 0xa0, 0x8b, 0x12, 0x1e, 0xfe, 0xc0, 0xc0, 0x00, 0x6b, 0x35, 0xc2, 0x39, 0xa0,
    0x9a, 0xfe, 0xc9, 0xc0, 0x00, 0xfe, 0x30, 0xc0, 0x95, 0xfe, 0x00, 0xc0, 0xcc, 0xfe, 0x03, 0xc0,
    0xbd, 0xa0, 0x5b, 0xc3, 0x68, 0xfe, 0x00, 0xc0, 0xcd, 0x16, 0xfe, 0x00, 0xc0, 0x00, 0xa0, 0x8d,
    0x35, 0xc2, 0x3a, 0xfe, 0x05, 0xb9, 0x05, 0x14, 0xfe, 0x57, 0x70, 0x57, 0xfe, 0xcd, 0x00, 0xcd,
    0xfe, 0xbe, 0x02, 0xbe, 0x9e, 0xcc, 0xc3, 0x20, 0xfe, 0xc0, 0x00, 0xcc, 0xfe, 0xc0, 0x00, 0x95,
    0xfe, 0xc0, 0x00, 0x00, 0xa0, 0x8b, 0x68, 0x35, 0xc2, 0x36, 0xa0, 0xf7, 0xfe, 0xb3, 0x00, 0x0f,
    0x33, 0xfe, 0x00, 0x00, 0xc3, 0xa0, 0x85, 0xc3, 0x68, 0x0a, 0x35, 0xfe, 0x00, 0x00, 0x2f, 0xfe,
    0x00, 0x00, 0x00, 0xa0, 0x8b, 0x35, 0xc3, 0xa3, 0x88, 0x40, 0x02, 0x99, 0x88, 0xfe, 0x7b, 0x7b,
    0x7b, 0x0f, 0x31, 0xc1, 0x0f, 0x95, 0x86, 0xfe, 0xa2, 0xa1, 0xa7, 0xfe, 0xc0, 0xc6, 0xa8, 0xfe,
    0x72, 0x7d, 0x38, 0x38, 0xfe, 0xd0, 0xd3, 0xbd, 0xfe, 0xa0, 0xa7, 0x79, 0xfe, 0x72, 0x7d, 0x3a,
    0xac, 0x9c, 0x38, 0x0e, 0x15, 0xfe, 0xa8, 0xb0, 0x81, 0xfe, 0xbb, 0xbb, 0xc0, 0xfe, 0x75, 0x76,
    0x75, 0x2d, 0x31, 0xc1, 0x00, 0x99, 0x88, 0xac, 0x88, 0x2e, 0xfe, 0x19, 0x19, 0x19, 0x35, 0xc2,
    0xfe, 0x58, 0x58, 0x58, 0xc0, 0x7f, 0x40, 0xb0, 0x88, 0xfe, 0xde, 0xde, 0xde, 0xb3, 0x88, 0x40,
    0x05, 0xc2, 0x14, 0x9d, 0x78, 0xa9, 0xa8, 0xfe, 0x77, 0xb2, 0xa1, 0xfe, 0x3c, 0x90, 0x78, 0xa7,
    0xeb, 0x54, 0x9c, 0x37, 0xfe, 0xaf, 0xd2, 0xc8, 0xfe, 0x8e, 0xbe, 0xb1, 0xfe, 0x38, 0x8e, 0x76,
    0xfe, 0x4d, 0x9a, 0x84, 0x1d, 0xfe, 0xa3, 0xcb, 0xc0, 0xfe, 0xf6, 0xf4, 0xf4, 0x99, 0x47, 0x05,
    0xc4, 0x7f, 0xac, 0x88, 0xa2, 0x88, 0xc5, 0x55, 0x26, 0x05, 0xfe, 0xc0, 0xc0, 0xc0, 0x55, 0xa2,
    0x88, 0x35, 0xc3, 0xa0, 0x8b, 0xa0, 0x80, 0x1e, 0xfe, 0xc0, 0xc0, 0x00, 0x6b, 0x35, 0xc2, 0x39,
    0xa0, 0x9a, 0xfe, 0xc9, 0xc0, 0x00, 0xfe, 0x30, 0xc0, 0x95, 0xfe, 0x00, 0xc0, 0xcc, 0xfe, 0x03,
    0xc0, 0xbd, 0xa0, 0x5b, 0xc3, 0x68, 0xfe, 0x00, 0xc0, 0xcd, 0x16, 0xfe, 0x00, 0xc0, 0x00, 0xa0,
    0x8d, 0x35, 0xc2, 0x6e, 0xfe, 0x05, 0xb9, 0x05, 0xfe, 0x00, 0xd3, 0x00, 0xfe, 0x57, 0x70, 0x57,
    0xfe, 0xcd, 0x00, 0xcd, 0xfe, 0xbe, 0x02, 0xbe, 0x9e, 0xcc, 0xc3, 0x20, 0xfe, 0xc0, 0x00, 0xcc,
    0xfe, 0xc0, 0x00, 0x95, 0xfe, 0xc0, 0x00, 0x00, 0xa0, 0x8b, 0x68, 0x35, 0xc2, 0x4b, 0xa0, 0xf7,
    0xfe, 0xb3, 0x00, 0x0f, 0x33, 0xfe, 0x00, 0x00, 0xc3, 0xa0, 0x85, 0xc3, 0x68, 0x0a, 0x35, 0xfe,
    0x00, 0x00, 0x2f, 0xfe, 0x00, 0x00, 0x00, 0xa0, 0x8b, 0x35, 0xc3, 0xa4, 0x88, 0x35, 0xfe, 0xa6,
    0xa6, 0xa6, 0xfe, 0xf4, 0xf4, 0xf4, 0x9a, 0x88, 0x05, 0xc3, 0x9c, 0x87, 0xa8, 0x9b, 0xfe, 0xbd,
    0xc3, 0xa3, 0xfe, 0x75, 0x7f, 0x3c, 0xa3, 0x8a, 0xfe, 0x8b, 0x94, 0x5d, 0xfe, 0xd5, 0xd8, 0xc5,
    0xfe, 0x8c, 0x94, 0x5d, 0xfe, 0x77, 0x81, 0x40, 0xa6, 0x8c, 0x7d, 0x97, 0x74, 0xfe, 0x9f, 0xa6,
    0x77, 0xfe, 0xf7, 0xf7, 0xf8, 0x97, 0x76, 0xa3, 0x99, 0x55, 0xc2, 0x55, 0x14, 0x8d, 0x88, 0xfe,
    0x67, 0x67, 0x67, 0x0e, 0xa2, 0x88, 0x55, 0xc0, 0xfe, 0xff, 0xff, 0xff, 0xc3, 0x85, 0x88, 0xfe,
    0xa3, 0xa3, 0xa3, 0xa5, 0x88, 0xc3, 0xa3, 0x88, 0x92, 0x78, 0xfe, 0xd5, 0xce, 0xd0, 0xfe, 0x7e,
    0xb8, 0xa8, 0xfe, 0x3b, 0x8f, 0x77, 0xfe, 0x4d, 0x99, 0x84, 0xfe, 0x38, 0x8d, 0x76, 0xfe, 0x8d,
    0xbe, 0xb1, 0xfe, 0xae, 0xd0, 0xc7, 0x32, 0xa9, 0xda, 0x66, 0x98, 0x15, 0xfe, 0xa5, 0xcb, 0xc1,
    0xfe, 0xc4, 0xbd, 0xbf, 0xfe, 0x9f, 0xa1, 0xa0, 0xa9, 0xa9, 0x0d, 0xc2, 0x40, 0x3a, 0xfe, 0xf6,
    0xf6, 0xf6, 0x26, 0xc5, 0x55, 0x26, 0x05, 0xfe, 0xc0, 0xc0, 0xc0, 0x55, 0xa2, 0x88, 0x35, 0xc3,
    0xa0, 0x8b, 0xa0, 0x80, 0x1e, 0xfe, 0xc0, 0xc0, 0x00, 0x6b, 0x35, 0xc2, 0x39, 0xa0, 0x9a, 0xfe,
    0xc9, 0xc0, 0x00, 0xfe, 0x30, 0xc0, 0x95, 0xfe, 0x00, 0xc0, 0xcc, 0xfe, 0x03, 0xc0, 0xbd, 0xa0,
    0x5b, 0xc3, 0x68, 0xfe, 0x00, 0xc0, 0xcd, 0xfe, 0x00, 0xc0, 0x57, 0xfe, 0x00, 0xc0, 0x00, 0xa0,
    0x8d, 0x35, 0xc2, 0x6e, 0xfe, 0x05, 0xb9, 0x05, 0xfe, 0x00, 0xd3, 0x00, 0x0b, 0xfe, 0xcd, 0x00,
    0xcd, 0xfe, 0xbe, 0x02, 0xbe, 0x9e, 0xcc, 0xc3, 0x20, 0xfe, 0xc0, 0x00, 0xcc, 0xfe, 0xc0, 0x00,
    0x95, 0xfe, 0xc0, 0x00, 0x00, 0xa0, 0x8b, 0x68, 0x35, 0xc2, 0x4b, 0xa0, 0xf7, 0xfe, 0xb3, 0x00,
    0x0f, 0xfe, 0x0b, 0x00, 0xbb, 0xfe, 0x00, 0x00, 0xc3, 0xa0, 0x85, 0xc3, 0x68, 0x0a, 0x35, 0xfe,
    0x00, 0x00, 0x2f, 0xfe, 0x00, 0x00, 0x00, 0xa0, 0x8b, 0x35, 0xc3, 0xa3, 0x88, 0x40, 0xfe, 0xa5,
    0xa5, 0xa5, 0xb5, 0x88, 0x86, 0x88, 0xaa, 0x88, 0x0d, 0xc1, 0x2b, 0x96, 0x87, 0xbe, 0x9f, 0xfe,
    0xbf, 0xc4, 0xa5, 0xfe, 0x73, 0x7e, 0x3a, 0xfe, 0x7f, 0x89, 0x4d, 0xfe, 0x72, 0x7d, 0x38, 0xfe,
    0xa2, 0xa9, 0x7c, 0xfe, 0xcd, 0xd0, 0xb9, 0xfe, 0x79, 0x83, 0x43, 0x38, 0xa1, 0x8a, 0x97, 0x82,
    0xfe, 0xa5, 0xac, 0x7e, 0xfe, 0xd1, 0xd0, 0xd5, 0xfe, 0x9d, 0x9d, 0x9c, 0xae, 0x89, 0x0d, 0xc3,
    0x02, 0xfe, 0xe4, 0xe4, 0xe4, 0xbb, 0x88, 0xc3, 0x9c, 0x88, 0xc1, 0x40, 0x26, 0xfe, 0xd3, 0xd3,
    0xd3, 0xfe, 0x6e, 0x6e, 0x6e, 0xa8, 0x88, 0x7f, 0x40, 0xc1, 0xa5, 0x99, 0x8c, 0x67, 0xfe, 0xb7,
    0xb0, 0xb2, 0xfe, 0x82, 0xbc, 0xac, 0xfe, 0x3d, 0x91, 0x7a, 0xa0, 0xa9, 0xfe, 0x65, 0xa7, 0x95,
    0xfe, 0xc0, 0xdb, 0xd4, 0xfe, 0x4f, 0x9b, 0x86, 0x99, 0x47, 0xa3, 0xb9, 0x9f, 0x67, 0x9b, 0x15,
    0xfe, 0xa7, 0xcd, 0xc2, 0xfe, 0x9b, 0x93, 0x94, 0xfe, 0x6a, 0x6c, 0x6c, 0xac, 0xb9, 0x10, 0xc1,
    0x2e, 0x9b, 0x88, 0xa9, 0x88, 0x05, 0x26, 0x55, 0x26, 0xc3, 0x17, 0x26, 0x05, 0xfe, 0xc0, 0xc0,
    0xc0, 0x55, 0xa2, 0x88, 0x35, 0xc3, 0xa0, 0x8b, 0xa0, 0x80, 0x1e, 0xfe, 0xc0, 0xc0, 0x00, 0x6b,
    0x35, 0xc2, 0x5b, 0xa0, 0x9a, 0xfe, 0xc9, 0xc0, 0x00, 0xfe, 0x30, 0xc0, 0x95, 0xfe, 0x00, 0xc0,
    0xcc, 0x29, 0xa0, 0x5b, 0xc3, 0x68, 0xfe, 0x00, 0xc0, 0xcd, 0x16, 0xfe, 0x00, 0xc0, 0x00, 0xa0,
    0x8d, 0x35, 0xc2, 0x6e, 0xfe, 0x05, 0xb9, 0x05, 0xfe, 0x00, 0xd3, 0x00, 0xfe, 0x57, 0x70, 0x57,
    0xfe, 0xcd, 0x00, 0xcd, 0xfe, 0xbe, 0x02, 0xbe, 0x9e, 0xcc, 0xc3, 0xa0, 0x85, 0xfe, 0xc0, 0x00,
    0xcc, 0xfe, 0xc0, 0x00, 0x95, 0xfe, 0xc0, 0x00, 0x00, 0xa0, 0x8b, 0x68, 0x35, 0xc2, 0x36, 0xa0,
    0xf7, 0xfe, 0xb3, 0x00, 0x0f, 0x33, 0xfe, 0x00, 0x00, 0xc3, 0xa0, 0x85, 0xc3, 0x68, 0x0a, 0x35,
    0x3e, 0xfe, 0x00, 0x00, 0x00, 0xa0, 0x8b, 0x35, 0xc3, 0x22, 0x55, 0xfe, 0xa4, 0xa4, 0xa4, 0x8d,
    0x88, 0xfe, 0x6c, 0x6c, 0x6c, 0xac, 0x88, 0x9d, 0x88, 0xc1, 0xa4, 0x88, 0x93, 0x86, 0xfe, 0x95,
    0x94, 0x9b, 0xfe, 0xc0, 0xc5, 0xa7, 0xfe, 0x74, 0x7f, 0x3a, 0x3f, 0xa3, 0x87, 0x95, 0x72, 0xfe,
    0xbd, 0xc2, 0xa3, 0x99, 0x83, 0xfe, 0x72, 0x7d, 0x38, 0xfe, 0x7f, 0x89, 0x4c, 0x94, 0x82, 0xfe,
    0xa9, 0xb1, 0x83, 0xfe, 0xb2, 0xb2, 0xb7, 0xfe, 0x66, 0x66, 0x65, 0x2a, 0x10, 0xc1, 0x2e, 0x55,
    0x98, 0x88, 0xfe, 0xd3, 0xd3, 0xd3, 0xfe, 0xff, 0xff, 0xff, 0x9a, 0x88, 0xa2, 0x88, 0xc1, 0x26,
    0xc1, 0x17, 0x26, 0xfe, 0xd8, 0xd8, 0xd8, 0xfe, 0x7d, 0x7d, 0x7d, 0xa8, 0x88, 0xc0, 0x55, 0xc1,
    0xa4, 0x99, 0x8e, 0x56, 0xfe, 0xbf, 0xb8, 0xba, 0xfe, 0x83, 0xbc, 0xac, 0xfe, 0x38, 0x8d, 0x75,
    0xab, 0xe9, 0xfe, 0xbc, 0xd9, 0xd1, 0xfe, 0x73, 0xaf, 0x9d, 0xfe, 0x3c, 0x8f, 0x79, 0xa9, 0xd8,
    0x38, 0x7a, 0x9a, 0x06, 0xfe, 0xa7, 0xcc, 0xc2, 0xfe, 0xa7, 0x9e, 0xa1, 0xfe, 0x79, 0x7b, 0x7a,
    0xab, 0xba, 0x31, 0xc1, 0x00, 0x9c, 0x88, 0x2d, 0xfe, 0xf1, 0xf1, 0xf1, 0x26, 0x17, 0x26, 0xc3,
    0x17, 0x26, 0x05, 0xfe, 0xc0, 0xc0, 0xc0, 0x55, 0xa2, 0x88, 0x35, 0xc3, 0xa0, 0x8b, 0xa0, 0x80,
    0xfe, 0xc0, 0xc0, 0x0f, 0xfe, 0xc0, 0xc0, 0x00, 0x6b, 0x35, 0xc2, 0x39, 0xa0, 0x9a, 0xfe, 0xc9,
    0xc0, 0x00, 0xfe, 0x30, 0xc0, 0x95, 0xfe, 0x00, 0xc0, 0xcc, 0x29, 0xa0, 0x5b, 0xc3, 0x68, 0xfe,
    0x00, 0xc0, 0xcd, 0x16, 0xfe, 0x00, 0xc0, 0x00, 0xa0, 0x8d, 0x35, 0xc2, 0x6e, 0xfe, 0x05, 0xb9,
    0x05, 0xfe, 0x00, 0xd3, 0x00, 0x0b, 0xfe, 0xcd, 0x00, 0xcd, 0xfe, 0xbe, 0x02, 0xbe, 0x9e, 0xcc,
    0xc3, 0xa0, 0x85, 0xfe, 0xc0, 0x00, 0xcc, 0xfe, 0xc0, 0x00, 0x95, 0xfe, 0xc0, 0x00, 0x00, 0xa0,
    0x8b, 0x68, 0x35, 0xc2, 0x36, 0xa0, 0xf7, 0xfe, 0xb3, 0x00, 0x0f, 0xfe, 0x0b, 0x00, 0xbb, 0xfe,
    0x00, 0x00, 0xc3, 0xa0, 0x85, 0xc3, 0x68, 0x0a, 0x35, 0x3e, 0xfe, 0x00, 0x00, 0x00, 0xa0, 0x8b,
    0x35, 0xc3, 0xa3, 0x88, 0x40, 0xfe, 0xa4, 0xa4, 0xa4, 0x98, 0x88, 0xfe, 0x7b, 0x7b, 0x7b, 0x00,
    0x31, 0xc1, 0xa3, 0x88, 0x94, 0x76, 0xfe, 0xa1, 0xa0, 0xa7, 0xfe, 0xc0, 0xc5, 0xa7, 0xfe, 0x74,
    0x7f, 0x3a, 0x3f, 0x7f, 0x9e, 0x76, 0x0e, 0xfe, 0xd1, 0xd5, 0xbd, 0xfe, 0x98, 0x9f, 0x6e, 0xfe,
    0x76, 0x80, 0x3d, 0x6b, 0xfe, 0xa8, 0xb0, 0x80, 0xfe, 0xba, 0xba, 0xc0, 0xfe, 0x75, 0x75, 0x74,
    0xb4, 0x89, 0x31, 0xc1, 0x00, 0xc0, 0x98, 0x88, 0xfe, 0xd8, 0xd8, 0xd8, 0xfe, 0xff, 0xff, 0xff,
    0x17, 0x26, 0xc4, 0x40, 0x26, 0xfe, 0xd7, 0xd7, 0xd7, 0x3d, 0xa8, 0x88, 0xc0, 0x55, 0xc1, 0xa6,
    0x77, 0x8c, 0x78, 0xfe, 0xbd, 0xb6, 0xb8, 0xfe, 0x85, 0xbd, 0xad, 0xfe, 0x2d, 0x86, 0x6d, 0xfe,
    0x99, 0xc5, 0xb8, 0xa2, 0xa9, 0xfe, 0x3b, 0x8e, 0x77, 0xa8, 0xea, 0x38, 0xc0, 0x7a, 0x9a, 0x06,
    0x34, 0xfe, 0xa4, 0x9a, 0x9e, 0xfe, 0x74, 0x76, 0x75, 0xad, 0x98, 0x26, 0xc1, 0x7f, 0x9c, 0x88,
    0x31, 0xfe, 0xf1, 0xf1, 0xf1, 0xae, 0x88, 0x17, 0x26, 0xc3, 0x17, 0x26, 0x91, 0x88, 0xfe, 0xc0,
    0xc0, 0xc0, 0x55, 0xa2, 0x88, 0x35, 0xc3, 0xa0, 0x8b, 0xa0, 0x80, 0xfe, 0xc0, 0xc0, 0x0f, 0xfe,
    0xc0, 0xc0, 0x00, 0x6b, 0x35, 0xc2, 0x5b, 0xa0, 0x9a, 0xfe, 0xc9, 0xc0, 0x00, 0xfe, 0x30, 0xc0,
    0x95, 0xfe, 0x00, 0xc0, 0xcc, 0x29, 0xa0, 0x5b, 0xc3, 0x68, 0xfe, 0x00, 0xc0, 0xcd, 0x16, 0xfe,
    0x00, 0xc0, 0x00, 0xa0, 0x8d, 0x35, 0xc2, 0x3a, 0xfe, 0x05, 0xb9, 0x05, 0xfe, 0x00, 0xd3, 0x00,
    0x0b, 0xfe, 0xcd, 0x00, 0xcd, 0x2b, 0x9e, 0xcc, 0xc3, 0x20, 0xfe, 0xc0, 0x00, 0xcc, 0xfe, 0xc0,
    0x00, 0x95, 0xfe, 0xc0, 0x00, 0x00, 0xa0, 0x8b, 0x68, 0x35, 0xc2, 0x4b, 0xa0, 0xf7, 0xfe, 0xb3,
    0x00, 0x0f, 0x33, 0xfe, 0x00, 0x00, 0xc3, 0xa0, 0x85, 0xc3, 0x68, 0x0a, 0x35, 0x3e, 0xfe, 0x00,
    0x00, 0x00, 0xa0, 0x8b, 0x35, 0xc3, 0xa3, 0x88, 0x40, 0x11, 0x95, 0x88, 0xfe, 0x76, 0x76, 0x76,
    0xab, 0x88, 0x40, 0xc1, 0xa3, 0x88, 0x94, 0x76, 0xfe, 0x9e, 0x9d, 0xa4, 0xfe, 0xc0, 0xc5, 0xa7,
    0xfe, 0x74, 0x7f, 0x3a, 0x3f, 0x69, 0xa2, 0x88, 0x97, 0x85, 0xfe, 0x95, 0x9f, 0x6b, 0xfe, 0xcf,
    0xd2, 0xbb, 0xfe, 0x7e, 0x87, 0x4a, 0x95, 0x72, 0xfe, 0xaa, 0xb1, 0x83, 0xfe, 0xb8, 0xb8, 0xbd,
    0xfe, 0x70, 0x70, 0x6f, 0x31, 0x26, 0xc1, 0x7f, 0xc0, 0x98, 0x88, 0xfe, 0xd7, 0xd7, 0xd7, 0xfe,
    0xff, 0xff, 0xff, 0x40, 0x26, 0xc4, 0x08, 0x26, 0x0e, 0xfe, 0x79, 0x79, 0x79, 0x04, 0xc0, 0x35,
    0xc1, 0x00, 0x8d, 0x67, 0xfe, 0xbf, 0xb8, 0xbb, 0xfe, 0x79, 0xb6, 0xa5, 0xfe, 0x59, 0xa0, 0x8c,
    0xfe, 0xbd, 0xda, 0xd1, 0xfe, 0x4b, 0x99, 0x83, 0x9b, 0x58, 0xa3, 0xb8, 0x45, 0xc0, 0x7a, 0x9a,
    0x06, 0xfe, 0xa7, 0xcc, 0xc2, 0xfe, 0xa4, 0x9b, 0x9e, 0xfe, 0x75, 0x77, 0x76, 0xac, 0xa9, 0x35,
    0xc1, 0x04, 0x9c, 0x88, 0x00, 0xfe, 0xf1, 0xf1, 0xf1, 0x26, 0x17, 0x26, 0xc3, 0x17, 0x26, 0x05,
    0xfe, 0xc0, 0xc0, 0xc0, 0x55, 0xa2, 0x88, 0x35, 0xc3, 0xa0, 0x8b, 0x12, 0x1e, 0xfe, 0xc0, 0xc0,
    0x00, 0x6b, 0x35, 0xc2, 0x39, 0xa0, 0x9a, 0xfe, 0xc9, 0xc0, 0x00, 0xfe, 0x30, 0xc0, 0x95, 0xfe,
    0x00, 0xc0, 0xcc, 0x29, 0xa0, 0x5b, 0xc3, 0x68, 0xfe, 0x00, 0xc0, 0xcd, 0xfe, 0x00, 0xc0, 0x57,
    0xfe, 0x00, 0xc0, 0x00, 0xa0, 0x8d, 0x35, 0xc2, 0x6e, 0xfe, 0x05, 0xb9, 0x05, 0xfe, 0x00, 0xd3,
    0x00, 0x0b, 0xfe, 0xcd, 0x00, 0xcd, 0x2b, 0x9e, 0xcc, 0xc3, 0xa0, 0x85, 0xfe, 0xc0, 0x00, 0xcc,
    0xfe, 0xc0, 0x00, 0x95, 0xfe, 0xc0, 0x00, 0x00, 0xa0, 0x8b, 0x68, 0x35, 0xc2, 0x36, 0xa0, 0xf7,
    0xfe, 0xb3, 0x00, 0x0f, 0x33, 0xfe, 0x00, 0x00, 0xc3, 0xa0, 0x85, 0xc3, 0x68, 0x0a, 0x35, 0xfe,
    0x00, 0x00, 0x2f, 0xfe, 0x00, 0x00, 0x00, 0xa0, 0x8b, 0x35, 0xc3, 0xa3, 0x88, 0x40, 0x11, 0x2c,
    0x2e, 0x13, 0x40, 0xc1, 0xa3, 0x88, 0x94, 0x76, 0x1c, 0x1f, 0xfe, 0x74, 0x7f, 0x3a, 0x3f, 0x69,
    0xc0, 0x7f, 0x97, 0x83, 0xfe, 0xb7, 0xbd, 0x99, 0x57, 0xfe, 0x69, 0x74, 0x2c, 0xfe, 0xab, 0xb1,
    0x84, 0xfe, 0xb8, 0xb8, 0xbe, 0xfe, 0x71, 0x71, 0x70, 0x00, 0x35, 0xc1, 0x7f, 0xc0, 0x0c, 0x0e,
    0xfe, 0xff, 0xff, 0xff, 0x40, 0x26, 0xc4, 0x08, 0x26, 0x0e, 0x0c, 0x04, 0xc0, 0x35, 0xc1, 0x00,
    0x8d, 0x67, 0xfe, 0xbb, 0xb6, 0xb8, 0xfe, 0x7d, 0xb9, 0xa9, 0xfe, 0xa6, 0xcc, 0xc2, 0xfe, 0x79,
    0xb2, 0xa3, 0xfe, 0x39, 0x8e, 0x77, 0xfe, 0x4c, 0x99, 0x83, 0x9d, 0x68, 0xc1, 0x7a, 0x9a, 0x06,
    0x34, 0xfe, 0xa4, 0x9b, 0x9e, 0x21, 0xac, 0xa9, 0x35, 0xc1, 0x04, 0x9c, 0x88, 0x00, 0xfe, 0xf1,
    0xf1, 0xf1, 0x26, 0x17, 0x26, 0xc3, 0x17, 0x26, 0x05, 0xfe, 0xc0, 0xc0, 0xc0, 0x55, 0xa2, 0x88,
    0x35, 0xc3, 0xa0, 0x8b, 0x12, 0x1e, 0xfe, 0xc0, 0xc0, 0x00, 0x6b, 0x35, 0xc2, 0x5b, 0xa0, 0x9a,
    0xfe, 0xc9, 0xc0, 0x00, 0xfe, 0x30, 0xc0, 0x95, 0xfe, 0x00, 0xc0, 0xcc, 0x29, 0xa0, 0x5b, 0xc3,
    0x68, 0xfe, 0x00, 0xc0, 0xcd, 0xfe, 0x00, 0xc0, 0x57, 0xfe, 0x00, 0xc0, 0x00, 0xa0, 0x8d, 0x35,
    0xc2, 0x6e, 0xfe, 0x05, 0xb9, 0x05, 0xfe, 0x00, 0xd3, 0x00, 0x0b, 0xfe, 0xcd, 0x00, 0xcd, 0xfe,
    0xbe, 0x02, 0xbe, 0x9e, 0xcc, 0xc3, 0x20, 0xfe, 0xc0, 0x00, 0xcc, 0xfe, 0xc0, 0x00, 0x95, 0xfe,
    0xc0, 0x00, 0x00, 0xa0, 0x8b, 0x68, 0x35, 0xc2, 0x36, 0xa0, 0xf7, 0xfe, 0xb3, 0x00, 0x0f, 0x33,
    0xfe, 0x00, 0x00, 0xc3, 0xa0, 0x85, 0xc3, 0x68, 0x0a, 0x35, 0x3e, 0xfe, 0x00, 0x00, 0x00, 0xa0,
    0x8b, 0x35, 0xc3, 0xa3, 0x88, 0x40, 0x11, 0x2c, 0x2e, 0x13, 0x40, 0xc1, 0xa3, 0x88, 0x94, 0x76,
    0x1c, 0x1f, 0xfe, 0x74, 0x7f, 0x3a, 0x3f, 0x69, 0xc0, 0xa1, 0x89, 0x9c, 0x86, 0xa6, 0x9b, 0xfe,
    0xd0, 0xd3, 0xbd, 0xfe, 0x89, 0x92, 0x5a, 0xb8, 0x9e, 0xfe, 0xbb, 0xb9, 0xc0, 0x0d, 0x00, 0x9b,
    0x88, 0xc1, 0x7f, 0xc0, 0x0c, 0xfe, 0xd7, 0xd7, 0xd7, 0xfe, 0xff, 0xff, 0xff, 0x40, 0x26, 0xc4,
    0x08, 0x26, 0x0e, 0xfe, 0x7a, 0x7a, 0x7a, 0x13, 0xc0, 0x04, 0xc1, 0x00, 0x8f, 0x78, 0xfe, 0xb3,
    0xb2, 0xb2, 0xfe, 0xc1, 0xe0, 0xd7, 0xfe, 0x9f, 0xc8, 0xbd, 0xfe, 0x3b, 0x8f, 0x78, 0xa9, 0xe9,
    0x9e, 0x78, 0xc2, 0x7a, 0x9a, 0x06, 0x34, 0xfe, 0xa5, 0x9c, 0x9f, 0xfe, 0x76, 0x78, 0x77, 0xac,
    0xa9, 0x04, 0xc1, 0x13, 0x9c, 0x88, 0xa8, 0x88, 0xfe, 0xf1, 0xf1, 0xf1, 0xae, 0x88, 0x55, 0x26,
    0xc3, 0x17, 0x26, 0x05, 0xfe, 0xc0, 0xc0, 0xc0, 0x55, 0xa2, 0x88, 0x35, 0xc3, 0xa0, 0x8b, 0x12,
    0x1e, 0xfe, 0xc0, 0xc0, 0x00, 0x6b, 0x35, 0xc2, 0x5b, 0xa0, 0x9a, 0xfe, 0xc9, 0xc0, 0x00, 0xfe,
    0x30, 0xc0, 0x95, 0xfe, 0x00, 0xc0, 0xcc, 0x29, 0xa0, 0x5b, 0xc3, 0x68, 0xfe, 0x00, 0xc0, 0xcd,
    0x16, 0xfe, 0x00, 0xc0, 0x00, 0xa0, 0x8d, 0x35, 0xc2, 0x3a, 0xfe, 0x05, 0xb9, 0x05, 0xfe, 0x00,
    0xd3, 0x00, 0x0b, 0xfe, 0xcd, 0x00, 0xcd, 0x2b, 0x9e, 0xcc, 0xc3, 0xa0, 0x85, 0xfe, 0xc0, 0x00,
    0xcc, 0xfe, 0xc0, 0x00, 0x95, 0xfe, 0xc0, 0x00, 0x00, 0xa0, 0x8b, 0x68, 0x35, 0xc2, 0x4b, 0xa0,
    0xf7, 0xfe, 0xb3, 0x00, 0x0f, 0x33, 0xfe, 0x00, 0x00, 0xc3, 0xa0, 0x85, 0xc3, 0x68, 0x0a, 0x35,
    0xfe, 0x00, 0x00, 0x2f, 0xfe, 0x00, 0x00, 0x00, 0xa0, 0x8b, 0x35, 0xc3, 0xa3, 0x88, 0x40, 0x11,
    0x96, 0x88, 0x3d, 0xab, 0x88, 0x40, 0xc1, 0x31, 0x94, 0x76, 0xfe, 0x9f, 0x9e, 0xa5, 0x1f, 0xfe,
    0x74, 0x7f, 0x3a, 0x3f, 0x69, 0xc1, 0xa3, 0x8a, 0x93, 0x81, 0xfe, 0xa2, 0xa9, 0x7d, 0xfe, 0xbf,
    0xc4, 0xa5, 0xfe, 0xa4, 0xab, 0x7b, 0xfe, 0xb8, 0xb8, 0xbd, 0xfe, 0x73, 0x73, 0x72, 0x0f, 0x04,
    0xc1, 0x7f, 0xc0, 0x1b, 0x0e, 0xfe, 0xff, 0xff, 0xff, 0x40, 0x26, 0xc1, 0x9c, 0x88, 0xc1, 0x9d,
    0x88, 0xa4, 0x88, 0xfe, 0xd6, 0xd6, 0xd6, 0x0c, 0x04, 0xc0, 0x55, 0xc0, 0x5a, 0x00, 0x23, 0xfe,
    0xb1, 0xb0, 0xb0, 0xfe, 0xeb, 0xf7, 0xf4, 0xfe, 0x51, 0x9b, 0x87, 0x99, 0x16, 0xa3, 0xa8, 0x55,
    0xc2, 0x7a, 0x9a, 0x06, 0xfe, 0xa7, 0xcd, 0xc2, 0xfe, 0xa3, 0x9b, 0x9d, 0x21, 0xab, 0xba, 0x9e,
    0x77, 0xc1, 0x04, 0x9c, 0x88, 0x00, 0xfe, 0xf1, 0xf1, 0xf1, 0x26, 0x17, 0x26, 0xc3, 0x17, 0x26,
    0x05, 0xfe, 0xc0, 0xc0, 0xc0, 0x55, 0xa2, 0x88, 0x35, 0xc3, 0xa0, 0x8b, 0x12, 0x1e, 0xfe, 0xc0,
    0xc0, 0x00, 0x6b, 0x35, 0xc2, 0x5b, 0xa0, 0x9a, 0xfe, 0xc9, 0xc0, 0x00, 0xfe, 0x30, 0xc0, 0x95,
    0xfe, 0x00, 0xc0, 0xcc, 0x29, 0xa0, 0x5b, 0xc3, 0x68, 0xfe, 0x00, 0xc0, 0xcd, 0x16, 0xfe, 0x00,
    0xc0, 0x00, 0xa0, 0x8d, 0x35, 0xc2, 0x3a, 0xfe, 0x05, 0xb9, 0x05, 0xfe, 0x00, 0xd3, 0x00, 0x0b,
    0xfe, 0xcd, 0x00, 0xcd, 0xfe, 0xbe, 0x02, 0xbe, 0x9e, 0xcc, 0xc3, 0xa0, 0x85, 0xfe, 0xc0, 0x00,
    0xcc, 0xfe, 0xc0, 0x00, 0x95, 0xfe, 0xc0, 0x00, 0x00, 0xa0, 0x8b, 0x68, 0x35, 0xc2, 0x36, 0xa0,
    0xf7, 0xfe, 0xb3, 0x00, 0x0f, 0xfe, 0x0b, 0x00, 0xbb, 0xfe, 0x00, 0x00, 0xc3, 0xa0, 0x85, 0xc3,
    0x68, 0x0a, 0x35, 0x3e, 0xfe, 0x00, 0x00, 0x00, 0xa0, 0x8b, 0x35, 0xc3, 0xa3, 0x88, 0x40, 0x11,
    0x95, 0x88, 0x2e, 0x13, 0x40, 0xc1, 0xa3, 0x88, 0x94, 0x76, 0xfe, 0x9d, 0x9c, 0xa3, 0x1f, 0xfe,
    0x74, 0x7e, 0x3a, 0xa8, 0x8e, 0x69, 0xc2, 0xa2, 0x89, 0x98, 0x74, 0xfe, 0xbc, 0xc1, 0xa1, 0xb4,
    0x9f, 0xfe, 0xb2, 0xb1, 0xb2, 0x23, 0x31, 0x9c, 0x88, 0xc1, 0x7f, 0xc0, 0x0c, 0xfe, 0xd6, 0xd6,
    0xd6, 0xfe, 0xfc, 0xfc, 0xfc, 0x3d, 0x2a, 0xc1, 0xa4, 0x88, 0xc3, 0x0e, 0xfe, 0x74, 0x74, 0x74,
    0xa7, 0x88, 0xc0, 0x1b, 0xc1, 0xa4, 0x88, 0x93, 0x78, 0xfe, 0xc7, 0xc1, 0xc3, 0xfe, 0x9a, 0xc9,
    0xbb, 0xfe, 0x3a, 0x8e, 0x77, 0xaa, 0xd9, 0x40, 0xc3, 0x7a, 0x9b, 0x05, 0xfe, 0xa7, 0xcd, 0xc2,
    0xfe, 0xa0, 0x98, 0x9a, 0xfe, 0x6f, 0x71, 0x71, 0xac, 0xa8, 0x1b, 0xc1, 0x7f, 0x9d, 0x88, 0x35,
    0xfe, 0xf1, 0xf1, 0xf1, 0x26, 0x55, 0x26, 0xc3, 0x17, 0x26, 0x05, 0xfe, 0xc0, 0xc0, 0xc0, 0x55,
    0xa2, 0x88, 0x35, 0xc3, 0xa0, 0x8b, 0x12, 0xfe, 0xc0, 0xc0, 0x0f, 0xfe, 0xc0, 0xc0, 0x00, 0x6b,
    0x35, 0xc2, 0x5b, 0xa0, 0x9a, 0xfe, 0xc9, 0xc0, 0x00, 0xfe, 0x30, 0xc0, 0x95, 0xfe, 0x00, 0xc0,
    0xcc, 0x29, 0xa0, 0x5b, 0xc3, 0x68, 0xfe, 0x00, 0xc0, 0xcd, 0xfe, 0x00, 0xc0, 0x57, 0xfe, 0x00,
    0xc0, 0x00, 0xa0, 0x8d, 0x35, 0xc2, 0x3a, 0xfe, 0x05, 0xb9, 0x05, 0xfe, 0x00, 0xd3, 0x00, 0x0b,
    0xfe, 0xcd, 0x00, 0xcd, 0x2b, 0x9e, 0xcc, 0xc3, 0x20, 0xfe, 0xc0, 0x00, 0xcc, 0xfe, 0xc0, 0x00,
    0x95, 0xfe, 0xc0, 0x00, 0x00, 0xa0, 0x8b, 0x68, 0x35, 0xc2, 0x36, 0xa0, 0xf7, 0xfe, 0xb3, 0x00,
    0x0f, 0x33, 0xfe, 0x00, 0x00, 0xc3, 0xa0, 0x85, 0xc3, 0x68, 0x0a, 0x35, 0x3e, 0xfe, 0x00, 0x00,
    0x00, 0xa0, 0x8b, 0x35, 0xc3, 0xa3, 0x88, 0x55, 0xfe, 0xa4, 0xa4, 0xa4, 0x92, 0x88, 0xfe, 0x71,
    0x71, 0x71, 0xac, 0x88, 0x1b, 0xc1, 0x08, 0x94, 0x86, 0xfe, 0x9b, 0x99, 0xa0, 0x1f, 0xfe, 0x74,
    0x7f, 0x3b, 0xa7, 0x9e, 0x69, 0xc2, 0xa1, 0x89, 0x9c, 0x75, 0xfe, 0x86, 0x90, 0x57, 0xfe, 0xf5,
    0xf6, 0xee, 0xfe, 0xb1, 0xb1, 0xb3, 0xfe, 0x6d, 0x6d, 0x6d, 0xb2, 0x88, 0x1b, 0xc1, 0x2a, 0xc0,
    0x01, 0xfe, 0xd7, 0xd7, 0xd7, 0xfe, 0xff, 0xff, 0xff, 0xc3, 0xfe, 0xbf, 0xbf, 0xbf, 0xc1, 0x55,
    0xa6, 0x88, 0xfe, 0xeb, 0xeb, 0xeb, 0x97, 0x88, 0xa3, 0x88, 0xc4, 0x9a, 0x77, 0xbb, 0xca, 0xfe,
    0x74, 0xb1, 0x9f, 0xfe, 0x3c, 0x90, 0x79, 0xa7, 0xea, 0x44, 0xc3, 0xa2, 0x88, 0x97, 0x15, 0xfe,
    0xa4, 0xcb, 0xc0, 0xfe, 0xf0, 0xed, 0xee, 0x94, 0x36, 0xa5, 0xa9, 0x20, 0xc3, 0x2f, 0xb6, 0x88,
    0xa3, 0x88, 0xc5, 0x55, 0x26, 0x05, 0xfe, 0xc0, 0xc0, 0xc0, 0x55, 0xa2, 0x88, 0x35, 0xc3, 0xa0,
    0x8b, 0x12, 0x1e, 0xfe, 0xc0, 0xc0, 0x00, 0x6b, 0x35, 0xc2, 0x5b, 0xa0, 0x9a, 0xfe, 0xc9, 0xc0,
    0x00, 0xfe, 0x30, 0xc0, 0x95, 0xfe, 0x00, 0xc0, 0xcc, 0xfe, 0x03, 0xc0, 0xbd, 0xa0, 0x5b, 0xc3,
    0x68, 0xfe, 0x00, 0xc0, 0xcd, 0xfe, 0x00, 0xc0, 0x57, 0xfe, 0x00, 0xc0, 0x00, 0xa0, 0x8d, 0x35,
    0xc2, 0x6e, 0xfe, 0x05, 0xb9, 0x05, 0xfe, 0x00, 0xd3, 0x00, 0x0b, 0xfe, 0xcd, 0x00, 0xcd, 0xfe,
    0xbe, 0x02, 0xbe, 0x9e, 0xcc, 0xc3, 0xa0, 0x85, 0xfe, 0xc0, 0x00, 0xcc, 0xfe, 0xc0, 0x00, 0x95,
    0xfe, 0xc0, 0x00, 0x00, 0xa0, 0x8b, 0x68, 0x35, 0xc2, 0x36, 0xa0, 0xf7, 0xfe, 0xb3, 0x00, 0x0f,
    0xfe, 0x0b, 0x00, 0xbb, 0xfe, 0x00, 0x00, 0xc3, 0xa0, 0x85, 0xc3, 0x68, 0x0a, 0x35, 0x3e, 0xfe,
    0x00, 0x00, 0x00, 0xa0, 0x8b, 0x35, 0xc3, 0xa4, 0x88, 0x35, 0xfe, 0xa6, 0xa6, 0xa6, 0xfe, 0xeb,
    0xeb, 0xeb, 0x96, 0x88, 0xa5, 0x88, 0x55, 0xc1, 0x2f, 0x9a, 0x87, 0xad, 0x8c, 0xfe, 0xbe, 0xc3,
    0xa4, 0xfe, 0x72, 0x7d, 0x39, 0xab, 0x9d, 0x40, 0xc3, 0xa1, 0x99, 0x97, 0x73, 0xfe, 0xb8, 0xbf,
    0x9c, 0xfe, 0xec, 0xec, 0xee, 0x0e, 0xa7, 0x89, 0x20, 0xc3, 0x9d, 0x88, 0xa9, 0x88, 0xfe, 0xc4,
    0xc4, 0xc4, 0x9a, 0x88, 0x26, 0xc1, 0xfe, 0x0e, 0x0e, 0x0e, 0xc0, 0x7f, 0x07, 0xb9, 0x88, 0xfe,
    0xc6, 0xc6, 0xc6, 0x9b, 0x88, 0x97, 0x88, 0xa5, 0x88, 0x55, 0xc1, 0x55, 0xfe, 0xdc, 0xdd, 0xdd,
    0xb0, 0xc8, 0xfe, 0x79, 0xb3, 0xa2, 0xfe, 0x3c, 0x90, 0x79, 0xa7, 0xe9, 0x45, 0xc3, 0x7f, 0x98,
    0x26, 0xfe, 0xa6, 0xcc, 0xc1, 0xfe, 0xd0, 0xcb, 0xcc, 0x8c, 0x16, 0xa6, 0xa9, 0x39, 0xc1, 0x08,
    0x40, 0x26, 0xfe, 0xf8, 0xf8, 0xf8, 0xa7, 0x88, 0xc5, 0x55, 0x26, 0x05, 0xfe, 0xc0, 0xc0, 0xc0,
    0x55, 0x04, 0x35, 0xc3, 0xa0, 0x8b, 0x12, 0x1e, 0xfe, 0xc0, 0xc0, 0x00, 0x6b, 0x35, 0xc2, 0x5b,
    0xa0, 0x9a, 0xfe, 0xc9, 0xc0, 0x00, 0xfe, 0x30, 0xc0, 0x95, 0xfe, 0x00, 0xc0, 0xcc, 0x29, 0xa0,
    0x5b, 0xc3, 0x68, 0xfe, 0x00, 0xc0, 0xcd, 0xfe, 0x00, 0xc0, 0x57, 0xfe, 0x00, 0xc0, 0x00, 0xa0,
    0x8d, 0x35, 0xc2, 0x6e, 0xfe, 0x05, 0xb9, 0x05, 0x14, 0xfe, 0x57, 0x70, 0x57, 0xfe, 0xcd, 0x00,
    0xcd, 0x2b, 0x9e, 0xcc, 0xc3, 0xa0, 0x85, 0xfe, 0xc0, 0x00, 0xcc, 0xfe, 0xc0, 0x00, 0x95, 0xfe,
    0xc0, 0x00, 0x00, 0xa0, 0x8b, 0x68, 0x35, 0xc2, 0x36, 0xa0, 0xf7, 0xfe, 0xb3, 0x00, 0x0f, 0xfe,
    0x0b, 0x00, 0xbb, 0xfe, 0x00, 0x00, 0xc3, 0xa0, 0x85, 0xc3, 0x68, 0x0a, 0x35, 0xfe, 0x00, 0x00,
    0x2f, 0xfe, 0x00, 0x00, 0x00, 0xa0, 0x8b, 0x35, 0xc3, 0xa3, 0x88, 0x40, 0xfe, 0xa5, 0xa5, 0xa5,
    0xfe, 0xca, 0xca, 0xca, 0x8d, 0x88, 0xa6, 0x88, 0x55, 0xc1, 0x08, 0x99, 0x87, 0xb6, 0x9d, 0xfe,
    0xbf, 0xc4, 0xa6, 0xfe, 0x73, 0x7e, 0x3a, 0xa9, 0x9d, 0x55, 0xc3, 0xa2, 0x88, 0x96, 0x85, 0xfe,
    0x9c, 0xa3, 0x74, 0xfe, 0xfd, 0xfc, 0xff, 0xfe, 0xc0, 0xc0, 0xc0, 0x9a, 0x88, 0xa4, 0x88, 0x39,
    0xc0, 0x7f, 0x9b, 0x88, 0xa9, 0x88, 0x0f, 0xfe, 0x27, 0x27, 0x27, 0x87, 0x88, 0x7f, 0x07, 0xc0,
    0x93, 0x88, 0xc0, 0x13, 0x40, 0xfe, 0x21, 0x21, 0x21, 0x2e, 0xfe, 0x7b, 0x7b, 0x7b, 0x94, 0x88,
    0xa7, 0x88, 0x01, 0x7f, 0x99, 0x88, 0xbc, 0x98, 0xfe, 0xb6, 0xb8, 0xb7, 0xfe, 0xc2, 0xba, 0xbc,
    0xfe, 0x7e, 0xb8, 0xa9, 0xfe, 0x3c, 0x90, 0x79, 0xa7, 0xe9, 0x45, 0xc3, 0x3b, 0x9a, 0x06, 0x34,
    0xfe, 0x9b, 0x91, 0x94, 0xfe, 0x68, 0x6b, 0x6a, 0xac, 0xb9, 0x9d, 0x88, 0xc1, 0x1f, 0x9b, 0x88,
    0xa9, 0x88, 0x05, 0xaf, 0x88, 0x55, 0x26, 0xc3, 0x17, 0x26, 0x05, 0xfe, 0xc0, 0xc0, 0xc0, 0x55,
    0xa2, 0x88, 0x35, 0xc3, 0xa0, 0x8b, 0x12, 0x1e, 0xfe, 0xc0, 0xc0, 0x00, 0x6b, 0x35, 0xc2, 0x5b,
    0xa0, 0x9a, 0xfe, 0xc9, 0xc0, 0x00, 0xfe, 0x30, 0xc0, 0x95, 0xfe, 0x00, 0xc0, 0xcc, 0x29, 0xa0,
    0x5b, 0xc3, 0x68, 0xfe, 0x00, 0xc0, 0xcd, 0xfe, 0x00, 0xc0, 0x57, 0xfe, 0x00, 0xc0, 0x00, 0xa0,
    0x8d, 0x35, 0xc2, 0x3a, 0xfe, 0x05, 0xb9, 0x05, 0xfe, 0x00, 0xd3, 0x00, 0xfe, 0x57, 0x70, 0x57,
    0xfe, 0xcd, 0x00, 0xcd, 0xfe, 0xbe, 0x02, 0xbe, 0x9e, 0xcc, 0xc3, 0xa0, 0x85, 0xfe, 0xc0, 0x00,
    0xcc, 0xfe, 0xc0, 0x00, 0x95, 0xfe, 0xc0, 0x00, 0x00, 0xa0, 0x8b, 0x68, 0x35, 0xc2, 0x4b, 0xa0,
    0xf7, 0xfe, 0xb3, 0x00, 0x0f, 0x33, 0xfe, 0x00, 0x00, 0xc3, 0xa0, 0x85, 0xc3, 0x68, 0x0a, 0x35,
    0xfe, 0x00, 0x00, 0x2f, 0xfe, 0x00, 0x00, 0x00, 0xa0, 0x8b, 0x35, 0xc3, 0x22, 0x40, 0xfe, 0xa3,
    0xa3, 0xa3, 0x8c, 0x88, 0xfe, 0x6a, 0x6a, 0x6a, 0x2e, 0x01, 0xc1, 0x2e, 0x93, 0x86, 0xfe, 0x95,
    0x94, 0x9b, 0xfe, 0xc0, 0xc5, 0xa7, 0xfe, 0x74, 0x7e, 0x3a, 0x3f, 0x69, 0xc3, 0xa2, 0x88, 0x96,
    0x84, 0xfe, 0xa2, 0xa9, 0x7b, 0xfe, 0xef, 0xed, 0xf3, 0xfe, 0x99, 0x99, 0x98, 0xfe, 0x70, 0x70,
    0x70, 0xa6, 0x88, 0x01, 0xc0, 0x1f, 0x99, 0x88, 0xac, 0x88, 0xfe, 0xb7, 0xb7, 0xb7, 0xfe, 0x21,
    0x21, 0x21, 0x35, 0x13, 0x04, 0xc0, 0x13, 0xc0, 0x22, 0x13, 0xfe, 0x22, 0x22, 0x22, 0xfe, 0xbc,
    0xbc, 0xbc, 0xfe, 0x88, 0x88, 0x88, 0x95, 0x88, 0xa6, 0x88, 0x55, 0xc0, 0x2a, 0xfe, 0xc1, 0xc1,
    0xc1, 0x82, 0x78, 0xa9, 0xfa, 0xfe, 0x84, 0xbe, 0xae, 0x2f, 0xa8, 0xfa, 0x45, 0xc3, 0x7a, 0x9a,
    0x06, 0xfe, 0xa7, 0xcc, 0xc1, 0xfe, 0xa5, 0x9c, 0x9f, 0xfe, 0x77, 0x79, 0x79, 0x00, 0x13, 0xc1,
    0x22, 0x9c, 0x88, 0xa8, 0x88, 0xfe, 0xf1, 0xf1, 0xf1, 0xae, 0x88, 0x17, 0x26, 0xc3, 0x17, 0x26,
    0x91, 0x88, 0xfe, 0xc0, 0xc0, 0xc0, 0x55, 0x04, 0x35, 0xc3, 0xa0, 0x8b, 0x12, 0xfe, 0xc0, 0xc0,
    0x0f, 0xfe, 0xc0, 0xc0, 0x00, 0x6b, 0x35, 0xc2, 0x5b, 0xa0, 0x9a, 0xfe, 0xc9, 0xc0, 0x00, 0xfe,
    0x30, 0xc0, 0x95, 0xfe, 0x00, 0xc0, 0xcc, 0xfe, 0x03, 0xc0, 0xbd, 0xa0, 0x5b, 0xc3, 0x68, 0xfe,
    0x00, 0xc0, 0xcd, 0xfe, 0x00, 0xc0, 0x57, 0xfe, 0x00, 0xc0, 0x00, 0xa0, 0x8d, 0x35, 0xc2, 0x3a,
    0xfe, 0x05, 0xb9, 0x05, 0xfe, 0x00, 0xd3, 0x00, 0x0b, 0xfe, 0xcd, 0x00, 0xcd, 0xfe, 0xbe, 0x02,
    0xbe, 0x9e, 0xcc, 0xc3, 0x20, 0xfe, 0xc0, 0x00, 0xcc, 0xfe, 0xc0, 0x00, 0x95, 0xfe, 0xc0, 0x00,
    0x00, 0xa0, 0x8b, 0x68, 0x35, 0xc2, 0x4b, 0xa0, 0xf7, 0xfe, 0xb3, 0x00, 0x0f, 0xfe, 0x0b, 0x00,
    0xbb, 0xfe, 0x00, 0x00, 0xc3, 0xa0, 0x85, 0xc3, 0x68, 0x0a, 0x35, 0x3e, 0xfe, 0x00, 0x00, 0x00,
    0xa0, 0x8b, 0x35, 0xc3, 0xa3, 0x88, 0x40, 0xfe, 0xa4, 0xa4, 0xa4, 0x97, 0x88, 0x0c, 0xab, 0x88,
    0x13, 0xc1, 0x00, 0x94, 0x76, 0xfe, 0x9f, 0x9e, 0xa5, 0xfe, 0xc0, 0xc5, 0xa7, 0xfe, 0x74, 0x7f,
    0x3a, 0xa7, 0x9f, 0x69, 0xc3, 0xa1, 0x89, 0x98, 0x83, 0xfe, 0xa2, 0xaa, 0x7b, 0xfe, 0xc8, 0xc8,
    0xcc, 0x99, 0x83, 0xfe, 0x8e, 0x8e, 0x8e, 0x8f, 0x88, 0xa6, 0x88, 0x13, 0x22, 0x08, 0xab, 0x88,
    0xfe, 0xbc, 0xbc, 0xbc, 0xfe, 0x22, 0x22, 0x22, 0x80, 0x88, 0x7f, 0x13, 0xc0, 0x35, 0xc0, 0x04,
    0x35, 0xfe, 0x20, 0x20, 0x20, 0xfe, 0xbb, 0xbb, 0xbb, 0xfe, 0x86, 0x86, 0x86, 0x95, 0x88, 0xa7,
    0x88, 0x40, 0x40, 0xad, 0x88, 0xfe, 0xd5, 0xd5, 0xd5, 0xfe, 0x74, 0x75, 0x75, 0xfe, 0xbb, 0xb5,
    0xb6, 0xfe, 0x83, 0xbc, 0xab, 0x2f, 0xa8, 0xfa, 0x45, 0xc3, 0x7a, 0x9a, 0x06, 0x34, 0xfe, 0xa4,
    0x9b, 0x9e, 0xfe, 0x75, 0x77, 0x76, 0xac, 0xa9, 0x35, 0xc1, 0x7f, 0x08, 0x00, 0xfe, 0xf1, 0xf1,
    0xf1, 0xae, 0x88, 0x55, 0x26, 0xc3, 0x17, 0x26, 0x05, 0xfe, 0xc0, 0xc0, 0xc0, 0x55, 0xa2, 0x88,
    0x35, 0xc3, 0xa0, 0x8b, 0x12, 0x1e, 0xfe, 0xc0, 0xc0, 0x00, 0x6b, 0x35, 0xc2, 0x5b, 0xa0, 0x9a,
    0xfe, 0xc9, 0xc0, 0x00, 0xfe, 0x30, 0xc0, 0x95, 0xfe, 0x00, 0xc0, 0xcc, 0xfe, 0x03, 0xc0, 0xbd,
    0xa0, 0x5b, 0xc3, 0x68, 0xfe, 0x00, 0xc0, 0xcd, 0x16, 0xfe, 0x00, 0xc0, 0x00, 0xa0, 0x8d, 0x35,
    0xc2, 0x6e, 0xfe, 0x05, 0xb9, 0x05, 0xfe, 0x00, 0xd3, 0x00, 0x0b, 0xfe, 0xcd, 0x00, 0xcd, 0xfe,
    0xbe, 0x02, 0xbe, 0x9e, 0xcc, 0xc3, 0x20, 0xfe, 0xc0, 0x00, 0xcc, 0xfe, 0xc0, 0x00, 0x95, 0xfe,
    0xc0, 0x00, 0x00, 0xa0, 0x8b, 0x68, 0x35, 0xc2, 0x36, 0xa0, 0xf7, 0xfe, 0xb3, 0x00, 0x0f, 0xfe,
    0x0b, 0x00, 0xbb, 0xfe, 0x00, 0x00, 0xc3, 0xa0, 0x85, 0xc3, 0x68, 0x0a, 0x35, 0x3e, 0xfe, 0x00,
    0x00, 0x00, 0xa0, 0x8b, 0x35, 0xc3, 0xa3, 0x88, 0x40, 0x11, 0x2c, 0xfe, 0x77, 0x77, 0x77, 0x13,
    0x40, 0xc1, 0xa3, 0x88, 0x94, 0x76, 0xfe, 0x9e, 0x9d, 0xa4, 0x1f, 0xfe, 0x74, 0x7f, 0x3a, 0x3f,
    0x69, 0xc3, 0x0e, 0x96, 0x83, 0xfe, 0xaa, 0xb2, 0x84, 0xfe, 0xae, 0xae, 0xb2, 0xa2, 0x82, 0xa0,
    0x8a, 0x0c, 0xa8, 0x88, 0x35, 0x04, 0x2a, 0x0f, 0xfe, 0xbb, 0xbb, 0xbb, 0xfe, 0x20, 0x20, 0x20,
    0x80, 0x88, 0x7f, 0x35, 0xc2, 0x04, 0x35, 0x15, 0x2a, 0x0f, 0x95, 0x88, 0xa6, 0x88, 0xa2, 0x88,
    0x92, 0x88, 0xfe, 0xb6, 0xb6, 0xb6, 0xa3, 0x88, 0xfe, 0x67, 0x6a, 0x69, 0xfe, 0xbf, 0xb9, 0xba,
    0xfe, 0x81, 0xbb, 0xab, 0x2f, 0xa8, 0xfa, 0x45, 0xc3, 0x7a, 0x9a, 0x06, 0x34, 0xfe, 0xa4, 0x9b,
    0x9e, 0x21, 0x22, 0x9d, 0x88, 0xc1, 0x04, 0x9c, 0x88, 0x00, 0xfe, 0xf1, 0xf1, 0xf1, 0xae, 0x88,
    0x17, 0x26, 0xc3, 0x17, 0x26, 0x91, 0x88, 0xfe, 0xc0, 0xc0, 0xc0, 0x55, 0xa2, 0x88, 0x35, 0xc3,
    0xa0, 0x8b, 0x12, 0x1e, 0xfe, 0xc0, 0xc0, 0x00, 0x6b, 0x35, 0xc2, 0x39, 0xa0, 0x9a, 0xfe, 0xc9,
    0xc0, 0x00, 0xfe, 0x30, 0xc0, 0x95, 0xfe, 0x00, 0xc0, 0xcc, 0x29, 0xa0, 0x5b, 0xc3, 0x68, 0xfe,
    0x00, 0xc0, 0xcd, 0x16, 0xfe, 0x00, 0xc0, 0x00, 0xa0, 0x8d, 0x35, 0xc2, 0x6e, 0xfe, 0x05, 0xb9,
    0x05, 0xfe, 0x00, 0xd3, 0x00, 0x0b, 0xfe, 0xcd, 0x00, 0xcd, 0x2b, 0x9e, 0xcc, 0xc3, 0x20, 0xfe,
    0xc0, 0x00, 0xcc, 0xfe, 0xc0, 0x00, 0x95, 0xfe, 0xc0, 0x00, 0x00, 0xa0, 0x8b, 0x68, 0x35, 0xc2,
    0x36, 0xa0, 0xf7, 0xfe, 0xb3, 0x00, 0x0f, 0x33, 0xfe, 0x00, 0x00, 0xc3, 0xa0, 0x85, 0xc3, 0x68,
    0x0a, 0x35, 0x3e, 0xfe, 0x00, 0x00, 0x00, 0xa0, 0x8b, 0x35, 0xc3, 0xa3, 0x88, 0x40, 0x11, 0x2c,
    0x2e, 0x13, 0x40, 0xc1, 0xa3, 0x88, 0x1d, 0x1c, 0xfe, 0xc0, 0xc5, 0xa7, 0xfe, 0x74, 0x7f, 0x3a,
    0x3f, 0x69, 0xc3, 0x0e, 0x96, 0x83, 0xfe, 0xaa, 0xb2, 0x84, 0xfe, 0xb3, 0xb2, 0xb7, 0xfe, 0x86,
    0x86, 0x84, 0xfe, 0xd1, 0xd1, 0xd2, 0x35, 0xc1, 0x13, 0x2a, 0x0f, 0xfe, 0xbb, 0xbb, 0xbb, 0xfe,
    0x20, 0x20, 0x20, 0x80, 0x88, 0x04, 0x35, 0xc2, 0x04, 0x35, 0x15, 0x2a, 0x0f, 0x95, 0x88, 0xa8,
    0x88, 0x9a, 0x88, 0x0f, 0xfe, 0xcd, 0xcd, 0xcd, 0xfe, 0x92, 0x91, 0x91, 0xfe, 0x6c, 0x6e, 0x6e,
    0xfe, 0xbe, 0xb7, 0xb9, 0x0c, 0x2f, 0xa8, 0xfa, 0x45, 0xc3, 0x7a, 0x9a, 0x06, 0x34, 0xfe, 0xa4,
    0x9b, 0x9e, 0xfe, 0x75, 0x77, 0x76, 0x22, 0x9d, 0x88, 0xc1, 0x7f, 0x08, 0x00, 0xfe, 0xf1, 0xf1,
    0xf1, 0xae, 0x88, 0x17, 0x26, 0xc3, 0x17, 0x26, 0x05, 0xfe, 0xc0, 0xc0, 0xc0, 0x55, 0xa2, 0x88,
    0x35, 0xc3, 0xa0, 0x8b, 0x12, 0x1e, 0xfe, 0xc0, 0xc0, 0x00, 0x6b, 0x35, 0xc2, 0x39, 0xa0, 0x9a,
    0xfe, 0xc9, 0xc0, 0x00, 0xfe, 0x30, 0xc0, 0x95, 0xfe, 0x00, 0xc0, 0xcc, 0x29, 0xa0, 0x5b, 0xc3,
    0x68, 0xfe, 0x00, 0xc0, 0xcd, 0x16, 0xfe, 0x00, 0xc0, 0x00, 0xa0, 0x8d, 0x35, 0xc2, 0x6e, 0xfe,
    0x05, 0xb9, 0x05, 0xfe, 0x00, 0xd3, 0x00, 0x0b, 0xfe, 0xcd, 0x00, 0xcd, 0x2b, 0x9e, 0xcc, 0xc3,
    0x20, 0xfe, 0xc0, 0x00, 0xcc, 0xfe, 0xc0, 0x00, 0x95, 0xfe, 0xc0, 0x00, 0x00, 0xa0, 0x8b, 0x68,
    0x35, 0xc2, 0x36, 0xa0, 0xf7, 0xfe, 0xb3, 0x00, 0x0f, 0x33, 0xfe, 0x00, 0x00, 0xc3, 0xa0, 0x85,
    0xc3, 0x68, 0x0a, 0x35, 0x3e, 0xfe, 0x00, 0x00, 0x00, 0xa0, 0x8b, 0x35, 0xc3, 0xa3, 0x88, 0x40,
    0xfe, 0xa4, 0xa4, 0xa4, 0x2c, 0x2e, 0x13, 0x40, 0xc1, 0xa3, 0x88, 0x1d, 0x1c, 0x1f, 0xfe, 0x74,
    0x7f, 0x3a, 0x3f, 0x69, 0xc3, 0x0e, 0x96, 0x83, 0xfe, 0xa8, 0xb0, 0x81, 0xfe, 0xbb, 0xb9, 0xbf,
    0xfe, 0x6a, 0x6a, 0x68, 0xfe, 0xc8, 0xc8, 0xc8, 0xfe, 0xa2, 0xa2, 0xa2, 0xfe, 0x79, 0x79, 0x79,
    0x13, 0x55, 0x2a, 0x0f, 0xfe, 0xbb, 0xbb, 0xbb, 0xfe, 0x20, 0x20, 0x20, 0x80, 0x88, 0x7f, 0x35,
    0xc2, 0x04, 0x35, 0x15, 0x2a, 0x00, 0x95, 0x88, 0x31, 0x91, 0x88, 0xfe, 0xaa, 0xaa, 0xaa, 0xb3,
    0x88, 0xfe, 0x7d, 0x7d, 0x7d, 0x95, 0x78, 0xfe, 0xbd, 0xb6, 0xb8, 0xfe, 0x81, 0xbb, 0xab, 0x2f,
    0xa8, 0xfa, 0x45, 0xc3, 0x7a, 0x9a, 0x06, 0x34, 0xfe, 0xa4, 0x9a, 0x9e, 0xfe, 0x74, 0x76, 0x75,
    0x13, 0x9d, 0x88, 0xc1, 0x7f, 0x9c, 0x88, 0x31, 0xfe, 0xf1, 0xf1, 0xf1, 0xae, 0x88, 0x17, 0x26,
    0xc3, 0x17, 0x26, 0x05, 0xfe, 0xc0, 0xc0, 0xc0, 0x55, 0xa2, 0x88, 0x35, 0xc3, 0xa0, 0x8b, 0xa0,
    0x80, 0x1e, 0xfe, 0xc0, 0xc0, 0x00, 0x6b, 0x35, 0xc2, 0x5b, 0xa0, 0x9a, 0xfe, 0xc9, 0xc0, 0x00,
    0xfe, 0x30, 0xc0, 0x95, 0xfe, 0x00, 0xc0, 0xcc, 0x29, 0xa0, 0x5b, 0xc3, 0x68, 0xfe, 0x00, 0xc0,
    0xcd, 0x16, 0xfe, 0x00, 0xc0, 0x00, 0xa0, 0x8d, 0x35, 0xc2, 0x3a, 0xfe, 0x05, 0xb9, 0x05, 0xfe,
    0x00, 0xd3, 0x00, 0x0b, 0xfe, 0xcd, 0x00, 0xcd, 0xfe, 0xbe, 0x02, 0xbe, 0x9e, 0xcc, 0xc3, 0xa0,
    0x85, 0xfe, 0xc0, 0x00, 0xcc, 0xfe, 0xc0, 0x00, 0x95, 0xfe, 0xc0, 0x00, 0x00, 0xa0, 0x8b, 0x68,
    0x35, 0xc2, 0x36, 0xa0, 0xf7, 0xfe, 0xb3, 0x00, 0x0f, 0xfe, 0x0b, 0x00, 0xbb, 0xfe, 0x00, 0x00,
    0xc3, 0xa0, 0x85, 0xc3, 0x68, 0x0a, 0x35, 0x3e, 0xfe, 0x00, 0x00, 0x00, 0xa0, 0x8b, 0x35, 0xc3,
    0xa3, 0x88, 0x40, 0x11, 0x94, 0x88, 0xfe, 0x76, 0x76, 0x76, 0xab, 0x88, 0x40, 0xc1, 0x13, 0x94,
    0x76, 0x1c, 0xfe, 0xc0, 0xc5, 0xa7, 0xfe, 0x74, 0x7f, 0x3a, 0x3f, 0x69, 0xc3, 0xa1, 0x89, 0x96,
    0x83, 0xfe, 0xa8, 0xaf, 0x81, 0xfe, 0xb9, 0xba, 0xbe, 0xfe, 0x6b, 0x6b, 0x69, 0xfe, 0xa1, 0xa1,
    0xa1, 0x2d, 0xfe, 0x78, 0x78, 0x78, 0x04, 0xc0, 0x1b, 0x00, 0x2a, 0xfe, 0x20, 0x20, 0x20, 0x35,
    0x7f, 0x35, 0xc2, 0x04, 0xc0, 0x15, 0xfe, 0xbc, 0xbc, 0xbc, 0xfe, 0x8a, 0x8a, 0x8a, 0x26, 0x31,
    0x9c, 0x88, 0xfe, 0xcb, 0xcb, 0xcb, 0xfe, 0xa0, 0xa0, 0xa0, 0x81, 0x88, 0x96, 0x78, 0xfe, 0xbf,
    0xb8, 0xba, 0x0c, 0x2f, 0xa8, 0xfa, 0x45, 0xc3, 0x7a, 0x9a, 0x06, 0xfe, 0xa7, 0xcd, 0xc2, 0xfe,
    0xa7, 0x9e, 0xa1, 0xfe, 0x79, 0x7b, 0x7a, 0xab, 0xba, 0x31, 0xc1, 0x00, 0x04, 0xa8, 0x88, 0xfe,
    0xf1, 0xf1, 0xf1, 0x17, 0xc0, 0x7f, 0xc3, 0x17, 0xc0, 0x05, 0xfe, 0xc0, 0xc0, 0xc0, 0x55, 0xa2,
    0x88, 0x35, 0xc3, 0xa0, 0x8b, 0x12, 0x1e, 0xfe, 0xc0, 0xc0, 0x00, 0x6b, 0x35, 0xc2, 0x5b, 0xa0,
    0x9a, 0xfe, 0xc9, 0xc0, 0x00, 0xfe, 0x30, 0xc0, 0x95, 0xfe, 0x00, 0xc0, 0xcc, 0x29, 0xa0, 0x5b,
    0xc3, 0x68, 0xfe, 0x00, 0xc0, 0xcd, 0x16, 0xfe, 0x00, 0xc0, 0x00, 0xa0, 0x8d, 0x35, 0xc2, 0x3a,
    0xfe, 0x05, 0xb9, 0x05, 0xfe, 0x00, 0xd3, 0x00, 0xfe, 0x57, 0x70, 0x57, 0xfe, 0xcd, 0x00, 0xcd,
    0xfe, 0xbe, 0x02, 0xbe, 0x9e, 0xcc, 0xc3, 0xa0, 0x85, 0xfe, 0xc0, 0x00, 0xcc, 0x08, 0xfe, 0xc0,
    0x00, 0x00, 0xa0, 0x8b, 0x68, 0x35, 0xc2, 0x36, 0xa0, 0xf7, 0xfe, 0xb3, 0x00, 0x0f, 0x33, 0xfe,
    0x00, 0x00, 0xc3, 0xa0, 0x85, 0xc3, 0x68, 0x0a, 0x35, 0x3e, 0xfe, 0x00, 0x00, 0x01, 0xa0, 0x8a,
    0xa0, 0x85, 0xc2, 0x7f, 0xa2, 0x88, 0x04, 0x11, 0x98, 0x88, 0xfe, 0x7b, 0x7b, 0x7b, 0x0f, 0x31,
    0xc1, 0xa3, 0x88, 0x94, 0x76, 0xfe, 0xa1, 0xa0, 0xa7, 0xfe, 0xc0, 0xc5, 0xa7, 0xfe, 0x74, 0x7e,
    0x3a, 0x3f, 0x69, 0xc3, 0x0e, 0x96, 0x83, 0xfe, 0xa8, 0xb0, 0x81, 0xfe, 0xbb, 0xba, 0xc0, 0xfe,
    0x74, 0x74, 0x72, 0xb6, 0x8a, 0xfe, 0xce, 0xce, 0xce, 0xfe, 0x96, 0x96, 0x96, 0x2a, 0xad, 0x88,
    0x97, 0x88, 0x0b, 0xfe, 0xbc, 0xbc, 0xbc, 0xfe, 0x20, 0x20, 0x20, 0x04, 0xc0, 0x35, 0xc4, 0xbe,
    0x88, 0xfe, 0xb7, 0xb7, 0xb7, 0x3d, 0x96, 0x88, 0x55, 0xfe, 0x8f, 0x8f, 0x8f, 0xfe, 0xc0, 0xc0,
    0xc0, 0xfe, 0x70, 0x70, 0x70, 0xa6, 0x88, 0x8d, 0x67, 0xfe, 0xb5, 0xad, 0xb0, 0xfe, 0x83, 0xbc,
    0xac, 0x2f, 0xa8, 0xfa, 0x45, 0xc3, 0x7a, 0x9b, 0x05, 0xfe, 0xa7, 0xcc, 0xc2, 0xfe, 0x98, 0x8f,
    0x92, 0xfe, 0x66, 0x68, 0x68, 0xad, 0xa8, 0x9d, 0x88, 0xc1, 0xa2, 0x88, 0x9b, 0x88, 0x3d, 0xfe,
    0xf1, 0xf1, 0xf1, 0xae, 0x88, 0xc7, 0x94, 0x88, 0xfe, 0xc3, 0xc3, 0xc3, 0x55, 0xa2, 0x88, 0x22,
    0xc3, 0xa0, 0x8b, 0xfe, 0xc3, 0xc3, 0xbd, 0xfe, 0xc2, 0xc2, 0x0e, 0xfe, 0xc1, 0xc1, 0x00, 0xc4,
    0x5a, 0xa0, 0x9a, 0xfe, 0xca, 0xc1, 0x00, 0xfe, 0x30, 0xc1, 0x96, 0xfe, 0x00, 0xc1, 0xce, 0xfe,
    0x02, 0xc1, 0xbe, 0xa0, 0x6b, 0xc3, 0x68, 0xfe, 0x00, 0xc2, 0xcf, 0xfe, 0x00, 0xc1, 0x57, 0xfe,
    0x00, 0xc1, 0x00, 0xa0, 0x8c, 0x3a, 0xc2, 0x6e, 0xfe, 0x04, 0xba, 0x04, 0xfe, 0x00, 0xd4, 0x00,
    0xfe, 0x56, 0x70, 0x56, 0xfe, 0xce, 0x00, 0xce, 0xfe, 0xbf, 0x01, 0xbf, 0x9f, 0xbb, 0xc3, 0xa0,
    0x85, 0xfe, 0xc1, 0x00, 0xcd, 0xfe, 0xc1, 0x00, 0x95, 0xfe, 0xc0, 0x00, 0x00, 0xc5, 0x4a, 0xa0,
    0xf8, 0xfe, 0xb3, 0x00, 0x0d, 0xfe, 0x09, 0x00, 0xbb, 0xfe, 0x00, 0x00, 0xc3, 0xa0, 0x85, 0xc3,
    0x68, 0x0a, 0x68, 0xfe, 0x00, 0x00, 0x2c, 0xfe, 0x00, 0x00, 0x00, 0xc7, 0xfe, 0xa2, 0xa2, 0xa2,
    0x8c, 0x88, 0xfe, 0x68, 0x68, 0x68, 0x10, 0x23, 0xc1, 0x10, 0x93, 0x86, 0xfe, 0x92, 0x91, 0x98,
    0xfe, 0xc0, 0xc5, 0xa7, 0xfe, 0x74, 0x7f, 0x3b, 0xa7, 0x9e, 0x69, 0xc3, 0x0e, 0x96, 0x83, 0xfe,
    0xa9, 0xb1, 0x83, 0xfe, 0xb0, 0xaf, 0xb5, 0xfe, 0x64, 0x64, 0x63, 0xa9, 0x8a, 0xfe, 0xa5, 0xa5,
    0xa5, 0xac, 0x88, 0xfe, 0x6b, 0x6b, 0x6b, 0x10, 0x98, 0x88, 0xab, 0x88, 0x2e, 0xfe, 0x1e, 0x1e,
    0x1e, 0x35, 0xc2, 0xaf, 0x88, 0xc0, 0x7f, 0x16, 0xb9, 0x88, 0xfe, 0xce, 0xce, 0xce, 0xae, 0x88,
    0x98, 0x88, 0x55, 0xb0, 0x88, 0xa9, 0x88, 0x89, 0x88, 0xa3, 0x88, 0x99, 0x78, 0xba, 0xe9, 0xfe,
    0x7a, 0xb5, 0xa4, 0xfe, 0x3b, 0x8f, 0x78, 0xa8, 0xea, 0x44, 0xc3, 0xa1, 0x98, 0x98, 0x06, 0xfe,
    0xa5, 0xcc, 0xc1, 0xfe, 0xea, 0xe4, 0xe6, 0x8e, 0x05, 0x1d, 0x55, 0xc1, 0x1d, 0x40, 0x1d, 0xbd,
    0x88, 0x9b, 0x88, 0xc0, 0x55, 0x05, 0xc2, 0x36, 0x05, 0x94, 0x88, 0xfe, 0xbb, 0xbb, 0xbb, 0x55,
    0xa2, 0x88, 0x2a, 0xc3, 0xa0, 0x8a, 0xa0, 0x81, 0xfe, 0xbc, 0xbc, 0x11, 0xfe, 0xbd, 0xbd, 0x04,
    0x56, 0xc4, 0xa0, 0x8a, 0xfe, 0xc4, 0xbc, 0x03, 0xfe, 0x32, 0xbc, 0x92, 0xfe, 0x03, 0xbc, 0xc8,
    0xfe, 0x06, 0xbc, 0xba, 0xa0, 0x6a, 0xc3, 0x6d, 0xfe, 0x03, 0xbc, 0xc9, 0xfe, 0x06, 0xbd, 0x59,
    0xfe, 0x08, 0xbe, 0x07, 0xa1, 0x6a, 0xa0, 0x85, 0xc2, 0x6e, 0xfe, 0x0b, 0xb8, 0x0b, 0xfe, 0x07,
    0xd1, 0x07, 0xfe, 0x59, 0x71, 0x59, 0xfe, 0xcb, 0x07, 0xcb, 0xfe, 0xbc, 0x08, 0xbc, 0x9f, 0xcc,
    0xc3, 0xa1, 0x74, 0xfe, 0xbe, 0x07, 0xca, 0xfe, 0xbf, 0x08, 0x95, 0xfe, 0xc0, 0x0b, 0x0b, 0xa0,
    0x8b, 0x39, 0xc3, 0x4a, 0xa0, 0xf8, 0xfe, 0xb3, 0x0b, 0x15, 0xfe, 0x15, 0x0b, 0xba, 0xfe, 0x0b,
    0x0b, 0xc3, 0xa0, 0x85, 0xc3, 0x68, 0x22, 0xa0, 0x84, 0xfe, 0x0e, 0x0e, 0x39, 0xfe, 0x10, 0x10,
    0x0f, 0x9f, 0x8c, 0x16, 0xc3, 0x25, 0xc0, 0xfe, 0xaa, 0xaa, 0xaa, 0xfe, 0xe3, 0xe3, 0xe3, 0x8f,
    0x88, 0x1d, 0x55, 0xc1, 0x1d, 0x9a, 0x76, 0xb4, 0x9e, 0xfe, 0xbf, 0xc4, 0xa5, 0xfe, 0x73, 0x7d,
    0x39, 0xaa, 0x8e, 0x54, 0xc3, 0xa2, 0x88, 0x96, 0x84, 0xfe, 0xa2, 0xa9, 0x7a, 0xfe, 0xed, 0xec,
    0xf0, 0x85, 0x73, 0xa5, 0x89, 0xab, 0x88, 0xad, 0x88, 0x12, 0x1d, 0x12, 0x19, 0x92, 0x88, 0xfe,
    0x28, 0x28, 0x28, 0x87, 0x88, 0x25, 0x16, 0xc0, 0xfe, 0xeb, 0xeb, 0xeb, 0xc1, 0x55, 0xa2, 0x88,
    0xa5, 0x88, 0x8e, 0x88, 0x7f, 0xa4, 0x88, 0xaf, 0x88, 0x15, 0xc0, 0xa2, 0x88, 0x9a, 0x77, 0xb2,
    0xba, 0xfe, 0x79, 0xb4, 0xa3, 0xfe, 0x3c, 0x90, 0x78, 0xa7, 0xeb, 0x44, 0xc3, 0xa2, 0x88, 0x96,
    0x26, 0xfe, 0xa5, 0xcb, 0xc0, 0xfe, 0xea, 0xe8, 0xe9, 0x95, 0x36, 0x24, 0x15, 0xc1, 0x24, 0x9b,
    0x88, 0xac, 0x88, 0xfe, 0xae, 0xae, 0xae, 0xfe, 0x13, 0x13, 0x13, 0xa3, 0x88, 0x40, 0xc5, 0x12,
    0x9c, 0x88, 0xc7, 0xa3, 0x89, 0xfe, 0x44, 0x44, 0x38, 0xa7, 0x86, 0x40, 0xc5, 0x7a, 0xfe, 0x3f,
    0x49, 0x46, 0xa0, 0x4c, 0x69, 0xc4, 0x7f, 0x9a, 0x99, 0xfe, 0x5f, 0x6c, 0x64, 0xbe, 0x82, 0x99,
    0x88, 0xa2, 0x89, 0xc3, 0x66, 0xa2, 0x55, 0xfe, 0x7d, 0x7f, 0x7d, 0xfe, 0x85, 0x78, 0x85, 0x59,
    0x3f, 0xc3, 0x7f, 0x9b, 0x89, 0xb0, 0x85, 0xfe, 0xc3, 0xb6, 0xb5, 0x9d, 0x89, 0xc5, 0x7a, 0x4b,
    0xfe, 0xb4, 0xb3, 0xbf, 0x5b, 0xc4, 0x7e, 0x42, 0x0d, 0xfe, 0xde, 0xde, 0xe1, 0xae, 0x84, 0x2b,
    0x3a, 0xc4, 0x2b, 0x32, 0x24, 0x55, 0xc3, 0x24, 0x9b, 0x86, 0xac, 0x9c, 0xfe, 0xbf, 0xc4, 0xa5,
    0xfe, 0x72, 0x7d, 0x39, 0xab, 0x9d, 0x40, 0xc3, 0x16, 0x97, 0x74, 0xfe, 0xa1, 0xa8, 0x79, 0xfe,
    0xef, 0xef, 0xf0, 0x8c, 0x86, 0xa8, 0x89, 0x9a, 0x88, 0xb0, 0x88, 0xc0, 0x91, 0x88, 0x33, 0x06,
    0x14, 0x9b, 0x88, 0x2b, 0x3a, 0xc1, 0x26, 0xc3, 0xfe, 0xd3, 0xd3, 0xd3, 0xfe, 0x6c, 0x6c, 0x6c,
    0x7f, 0xbe, 0x88, 0xfe, 0xc3, 0xc3, 0xc3, 0xfe, 0x71, 0x71, 0x71, 0xc0, 0xa7, 0x88, 0x8b, 0x67,
    0xfe, 0xb6, 0xae, 0xb0, 0xfe, 0x83, 0xbc, 0xac, 0xfe, 0x3a, 0x8f, 0x77, 0xa8, 0xfa, 0x45, 0xc3,
    0x7a, 0x9a, 0x06, 0xfe, 0xa7, 0xcc, 0xc2, 0xfe, 0x99, 0x90, 0x93, 0xfe, 0x66, 0x69, 0x68, 0xad,
    0xb9, 0x9c, 0x88, 0xc1, 0xa2, 0x88, 0x95, 0x88, 0xfe, 0x8e, 0x8e, 0x8e, 0xb3, 0x88, 0xfe, 0x00,
    0x00, 0x00, 0xd1, 0xa2, 0x89, 0xfe, 0x38, 0x38, 0x3d, 0xa7, 0x88, 0x40, 0xc6, 0xa0, 0xc4, 0x79,
    0xc5, 0x7f, 0x9a, 0x87, 0xfe, 0x68, 0x63, 0x66, 0xfe, 0x89, 0x84, 0x89, 0x98, 0x88, 0xa2, 0x88,
    0xc4, 0x66, 0xa3, 0x33, 0xa3, 0x11, 0x7b, 0xc4, 0x7f, 0x9b, 0x87, 0xb2, 0x8a, 0xfe, 0xc3, 0xc8,
    0xc8, 0x9d, 0x88, 0xc6, 0x7a, 0xa0, 0xc3, 0xc5, 0x7f, 0x40, 0x2c, 0xfe, 0xf4, 0xf4, 0xf2, 0xab,
    0x8a, 0xc7, 0x92, 0x88, 0x3d, 0x97, 0x88, 0xa4, 0x88, 0x55, 0xc1, 0x1f, 0x92, 0x86, 0xfe, 0x93,
    0x92, 0x99, 0xfe, 0xc0, 0xc5, 0xa7, 0xfe, 0x74, 0x7f, 0x3a, 0xa7, 0x9f, 0x69, 0xc3, 0xa1, 0x89,
    0x96, 0x83, 0xfe, 0xa9, 0xb1, 0x83, 0xfe, 0xb0, 0xb0, 0xb6, 0xfe, 0x62, 0x62, 0x61, 0xb7, 0x89,
    0x1c, 0xfe, 0xa7, 0xa7, 0xa7, 0xa8, 0x88, 0xfe, 0x6a, 0x6a, 0x6a, 0x01, 0x98, 0x88, 0x12, 0x26,
    0xc3, 0x55, 0xc1, 0x40, 0x17, 0xfe, 0xd8, 0xd8, 0xd8, 0xfe, 0x7e, 0x7e, 0x7e, 0x55, 0xfe, 0xb9,
    0xb9, 0xb9, 0x99, 0x88, 0xfe, 0x79, 0x79, 0x79, 0xab, 0x88, 0xa4, 0x88, 0x8d, 0x67, 0xfe, 0xbf,
    0xb8, 0xba, 0xfe, 0x81, 0xbb, 0xab, 0xfe, 0x3a, 0x8f, 0x77, 0x0a, 0x45, 0xc3, 0x7a, 0x9a, 0x06,
    0xfe, 0xa7, 0xcc, 0xc2, 0xfe, 0xa6, 0x9d, 0xa0, 0xfe, 0x78, 0x7a, 0x79, 0xac, 0xa9, 0x9d, 0x88,
    0xc1, 0x00, 0x95, 0x88, 0xfe, 0x9b, 0x9b, 0x9b, 0xaa, 0x88, 0xfe, 0x02, 0x02, 0x02, 0xa2, 0x88,
    0x9d, 0x88, 0xce, 0x35, 0xa5, 0x88, 0xfe, 0x3c, 0x3c, 0x3b, 0xa7, 0x88, 0x40, 0xc6, 0x5b, 0xc6,
    0x7f, 0x9a, 0x88, 0xfe, 0x64, 0x66, 0x65, 0xfe, 0x85, 0x86, 0x85, 0x98, 0x88, 0xa2, 0x88, 0xc4,
    0x6e, 0x77, 0x77, 0x59, 0xc4, 0x7f, 0x9b, 0x89, 0xb2, 0x87, 0xfe, 0xc3, 0xc1, 0xc1, 0x9d, 0x88,
    0xc7, 0xa0, 0x6a, 0xc5, 0x7f, 0x40, 0x25, 0xfe, 0xef, 0xef, 0xef, 0xaf, 0x88, 0x55, 0x17, 0xc3,
    0x08, 0x17, 0x14, 0x2d, 0x35, 0xa4, 0x88, 0x55, 0xc1, 0x0f, 0x94, 0x76, 0xfe, 0xa0, 0x9f, 0xa6,
    0x1f, 0xfe, 0x74, 0x7f, 0x3a, 0xa7, 0x9f, 0x69, 0xc3, 0xa1, 0x89, 0x15, 0xfe, 0xa8, 0xb0, 0x81,
    0xfe, 0xba, 0xba, 0xbf, 0xfe, 0x74, 0x74, 0x73, 0xb5, 0x89, 0x93, 0x88, 0xb6, 0x88, 0xfe, 0xca,
    0xca, 0xca, 0xfe, 0x8a, 0x8a, 0x8a, 0x97, 0x88, 0x9c, 0x88, 0xfe, 0xd8, 0xd8, 0xd8, 0x17, 0x40,
    0x17, 0xc1, 0x26, 0xc1, 0x40, 0x26, 0xfe, 0xd7, 0xd7, 0xd7, 0xfe, 0x7a, 0x7a, 0x7a, 0xa3, 0x88,
    0xfe, 0xcb, 0xcb, 0xcb, 0xfe, 0x91, 0x91, 0x91, 0x8a, 0x88, 0x04, 0x31, 0x8e, 0x67, 0xfe, 0xbd,
    0xb6, 0xb8, 0x0c, 0x2f, 0xa8, 0xfa, 0x45, 0xc3, 0x7a, 0x9a, 0x06, 0xfe, 0xa7, 0xcc, 0xc2, 0xfe,
    0xa4, 0x9b, 0x9e, 0xfe, 0x75, 0x77, 0x76, 0xac, 0xa9, 0x35, 0xc1, 0xa2, 0x88, 0x95, 0x88, 0xfe,
    0x99, 0x99, 0x99, 0xab, 0x88, 0xfe, 0x01, 0x01, 0x01, 0xa2, 0x88, 0x9d, 0x88, 0xcf, 0xa4, 0x88,
    0xfe, 0x3b, 0x3b, 0x3b, 0xa7, 0x88, 0x40, 0xce, 0x7f, 0x2a, 0xfe, 0x65, 0x65, 0x65, 0x0f, 0x98,
    0x88, 0xa2, 0x88, 0xcd, 0x7f, 0x9b, 0x88, 0x07, 0xfe, 0xc3, 0xc3, 0xc3, 0x9d, 0x88, 0xce, 0x7f,
    0x40, 0x35, 0xfe, 0xf0, 0xf0, 0xf0, 0xaf, 0x88, 0x55, 0x26, 0xc3, 0x17, 0x26, 0x14, 0xfe, 0x85,
    0x85, 0x85, 0x08, 0xa4, 0x88, 0x55, 0xc1, 0xa3, 0x88, 0x94, 0x76, 0xfe, 0x9e, 0x9d, 0xa4, 0x1f,
    0xfe, 0x74, 0x7f, 0x3a, 0x3f, 0x69, 0xc3, 0xa1, 0x89, 0x15, 0x24, 0xfe, 0xb8, 0xb8, 0xbd, 0xfe,
    0x71, 0x71, 0x70, 0x00, 0x35, 0x9b, 0x88, 0xfe, 0xc6, 0xc6, 0xc6, 0xfe, 0x98, 0x98, 0x98, 0x2a,
    0x1b, 0xfe, 0xd7, 0xd7, 0xd7, 0x26, 0x40, 0x26, 0xc4, 0x08, 0x26, 0xfe, 0xd8, 0xd8, 0xd8, 0xfe,
    0x75, 0x75, 0x75, 0xbc, 0x88, 0xfe, 0xc5, 0xc5, 0xc5, 0x04, 0x40, 0x04, 0xa3, 0x98, 0x16, 0x02,
    0x0c, 0x2f, 0x0a, 0x45, 0xc3, 0x7a, 0x9a, 0x06, 0xfe, 0xa7, 0xcc, 0xc2, 0x3a, 0x21, 0xac, 0xa9,
    0x35, 0xc1, 0xa2, 0x88, 0x2e, 0x2c, 0x11, 0xfe, 0x01, 0x01, 0x01, 0xa2, 0x88, 0x9d, 0x88, 0xcf,
    0x31, 0xfe, 0x3b, 0x3b, 0x3b, 0xa7, 0x88, 0x40, 0xce, 0x7f, 0x2a, 0xfe, 0x65, 0x65, 0x65, 0xfe,
    0x86, 0x86, 0x86, 0x98, 0x88, 0xa2, 0x88, 0xcd, 0x7f, 0x39, 0x07, 0xfe, 0xc3, 0xc3, 0xc3, 0x9d,
    0x88, 0xce, 0x7f, 0x40, 0x35, 0x05, 0xaf, 0x88, 0x55, 0x26, 0xc3, 0x17, 0x26, 0x14, 0xfe, 0x85,
    0x85, 0x85, 0x98, 0x88, 0xa4, 0x88, 0x55, 0xc1, 0xa3, 0x88, 0x94, 0x76, 0x1c, 0x1f, 0xfe, 0x74,
    0x7f, 0x3a, 0x3f, 0x69, 0xc3, 0xa1, 0x89, 0x15, 0x24, 0xfe, 0xb8, 0xb8, 0xbd, 0x0d, 0x00, 0x04,
    0x2e, 0x23, 0x9d, 0x88, 0x1b, 0xc0, 0xfe, 0xd7, 0xd7, 0xd7, 0x26, 0x40, 0x26, 0xc4, 0x08, 0x26,
    0xfe, 0xda, 0xda, 0xda, 0xfe, 0x6e, 0x6e, 0x6e, 0xfe, 0xae, 0xae, 0xae, 0xa8, 0x88, 0x2e, 0xab,
    0x88, 0x9d, 0x88, 0x00, 0x16, 0x02, 0x0c, 0x2f, 0x0a, 0x45, 0xc3, 0x7a, 0x9a, 0x06, 0x34, 0x3a,
    0x21, 0xac, 0xa9, 0x35, 0xc1, 0x13, 0x2e, 0x2c, 0x11, 0xfe, 0x01, 0x01, 0x01, 0xa2, 0x88, 0x9d,
    0x88, 0xcf, 0x31, 0x2a, 0xa7, 0x88, 0x40, 0xce, 0x7f, 0x2a, 0xfe, 0x65, 0x65, 0x65, 0x0f, 0x98,
    0x88, 0xa2, 0x88, 0xcd, 0x7f, 0x39, 0x07, 0xfe, 0xc3, 0xc3, 0xc3, 0x9d, 0x88, 0xce, 0x7f, 0x40,
    0x35, 0x05, 0xaf, 0x88, 0x55, 0x26, 0xc3, 0x17, 0x26, 0x14, 0x00, 0x98, 0x88, 0xa4, 0x88, 0x55,
    0xc1, 0xa3, 0x88, 0x1d, 0x1c, 0xfe, 0xc0, 0xc5, 0xa7, 0xfe, 0x74, 0x7f, 0x3a, 0x3f, 0x69, 0xc3,
    0xa1, 0x89, 0x15, 0x24, 0xfe, 0xb8, 0xb8, 0xbd, 0x0d, 0xb4, 0x88, 0x04, 0x9a, 0x88, 0xbb, 0x88,
    0xfe, 0xc7, 0xc7, 0xc7, 0xfe, 0x7c, 0x7c, 0x7c, 0x2a, 0xfe, 0xd7, 0xd7, 0xd7, 0x26, 0x40, 0x26,
    0xc4, 0x08, 0x26, 0xfe, 0xd8, 0xd8, 0xd8, 0xfe, 0x73, 0x73, 0x73, 0xfe, 0xbf, 0xbf, 0xbf, 0x84,
    0x88, 0xfe, 0x76, 0x76, 0x76, 0xac, 0x88, 0x9d, 0x88, 0x00, 0x16, 0xfe, 0xbd, 0xb6, 0xb8, 0x0c,
    0x2f, 0x0a, 0x45, 0xc3, 0x7a, 0x9a, 0x06, 0x34, 0x3a, 0x21, 0xac, 0xa9, 0x35, 0xc1, 0x13, 0x2e,
    0x2c, 0x11, 0xfe, 0x01, 0x01, 0x01, 0xa2, 0x88, 0x9d, 0x88, 0xcf, 0x31, 0xfe, 0x3b, 0x3b, 0x3b,
    0xa7, 0x88, 0x40, 0xce, 0x7f, 0x2a, 0xfe, 0x65, 0x65, 0x65, 0x0f, 0x98, 0x88, 0xa2, 0x88, 0xcd,
    0x7f, 0x39, 0x07, 0xfe, 0xc3, 0xc3, 0xc3, 0x9d, 0x88, 0xce, 0x7f, 0x40, 0x35, 0x05, 0xaf, 0x88,
    0x55, 0x26, 0xc3, 0x17, 0x26, 0x14, 0x00, 0x98, 0x88, 0xa4, 0x88, 0x55, 0xc1, 0xa3, 0x88, 0x94,
    0x76, 0x1c, 0xfe, 0xc0, 0xc5, 0xa7, 0xfe, 0x74, 0x7f, 0x3a, 0xa7, 0x9f, 0x69, 0xc3, 0xa1, 0x89,
    0x15, 0x24, 0xfe, 0xb8, 0xb8, 0xbd, 0x0d, 0xb3, 0x8a, 0x04, 0x08, 0xa7, 0x88, 0x1a, 0xfe, 0x8b,
    0x8b, 0x8b, 0x2e, 0xfe, 0xd8, 0xd8, 0xd8, 0x26, 0x40, 0x26, 0xc1, 0x17, 0xc1, 0x40, 0x17, 0xfe,
    0xd5, 0xd5, 0xd5, 0xfe, 0x82, 0x82, 0x82, 0x1e, 0xfe, 0x91, 0x91, 0x91, 0x35, 0x31, 0x13, 0x2d,
    0x8e, 0x67, 0xfe, 0xbf, 0xb8, 0xba, 0x0c, 0x2f, 0x0a, 0x45, 0xc3, 0x7a, 0x9a, 0x06, 0xfe, 0xa7,
    0xcc, 0xc2, 0xfe, 0xa6, 0x9e, 0xa1, 0xfe, 0x78, 0x7a, 0x79, 0x0f, 0x9d, 0x88, 0xc1, 0x00, 0x1b,
    0xfe, 0x9c, 0x9c, 0x9c, 0x11, 0xfe, 0x01, 0x01, 0x01, 0xa2, 0x88, 0x9d, 0x88, 0xcf, 0xa4, 0x88,
    0x2a, 0xa7, 0x88, 0x40, 0xce, 0x7f, 0x2a, 0xfe, 0x65, 0x65, 0x65, 0x0f, 0x98, 0x88, 0xa2, 0x88,
    0xcd, 0x7f, 0x9b, 0x88, 0x07, 0xfe, 0xc3, 0xc3, 0xc3, 0x9d, 0x88, 0xce, 0x7f, 0x40, 0x35, 0x05,
    0xaf, 0x88, 0x55, 0x26, 0xc3, 0x17, 0x26, 0x14, 0x2d, 0x98, 0x88, 0xa4, 0x88, 0x55, 0xc1, 0x0f,
    0x94, 0x76, 0xfe, 0xa1, 0xa0, 0xa6, 0x1f, 0xfe, 0x74, 0x7f, 0x3a, 0x3f, 0x69, 0xc3, 0xa1, 0x89,
    0x15, 0xfe, 0xa8, 0xb0, 0x81, 0x3e, 0xfe, 0x75, 0x75, 0x74, 0x2d, 0x9b, 0x88, 0xc0, 0x9c, 0x88,
    0xfe, 0xc0, 0xc0, 0xc0, 0x83, 0x88, 0xfe, 0x74, 0x74, 0x74, 0xfe, 0xdb, 0xdb, 0xdb, 0x17, 0x40,
    0x17, 0xc1, 0x39, 0xc1, 0x40, 0x08, 0xfe, 0xcb, 0xcb, 0xcb, 0x22, 0xfe, 0xbf, 0xbf, 0xbf, 0xfe,
    0x6c, 0x6c, 0x6c, 0x32, 0x55, 0xc0, 0xa6, 0x88, 0x8a, 0x78, 0xfe, 0xb6, 0xae, 0xb0, 0xfe, 0x82,
    0xbc, 0xac, 0x2f, 0xa8, 0xfa, 0x45, 0xc3, 0x7a, 0x9a, 0x06, 0x34, 0xfe, 0x9a, 0x90, 0x93, 0xfe,
    0x66, 0x68, 0x67, 0x10, 0x23, 0xc1, 0x01, 0x94, 0x88, 0x07, 0x02, 0xfe, 0x01, 0x01, 0x01, 0xa2,
    0x88, 0x9d, 0x88, 0xcf, 0xa4, 0x88, 0x2a, 0x13, 0x40, 0xce, 0x7f, 0x2a, 0x20, 0x0f, 0x98, 0x88,
    0xa2, 0x88, 0xcd, 0x7f, 0x9b, 0x88, 0x07, 0xfe, 0xc3, 0xc3, 0xc3, 0x9d, 0x88, 0xce, 0x7f, 0x26,
    0x35, 0x05, 0xaf, 0x88, 0x55, 0x26, 0xc3, 0x17, 0x26, 0x05, 0x3d, 0x97, 0x88, 0x32, 0x23, 0xc1,
    0x10, 0x93, 0x76, 0xfe, 0x93, 0x92, 0x9a, 0x1f, 0xfe, 0x74, 0x7f, 0x3a, 0x3f, 0x69, 0xc3, 0x0e,
    0x15, 0xfe, 0xa9, 0xb1, 0x82, 0xfe, 0xb0, 0xb0, 0xb6, 0xfe, 0x62, 0x62, 0x61, 0x3d, 0x99, 0x88,
    0x10, 0x91, 0x88, 0xfe, 0xa5, 0xa5, 0xa5, 0xaa, 0x88, 0xfe, 0x5f, 0x5f, 0x5f, 0xfe, 0xd6, 0xd6,
    0xd6, 0x08, 0x9d, 0x88, 0xa2, 0x88, 0xc1, 0x26, 0xc3, 0x89, 0x88, 0x81, 0x88, 0x28, 0xfe, 0xb8,
    0xb8, 0xb8, 0xa5, 0x88, 0x55, 0xc0, 0xa3, 0x88, 0x95, 0x77, 0xfe, 0xdc, 0xd9, 0xda, 0xfe, 0x7d,
    0xb6, 0xa6, 0xfe, 0x3b, 0x90, 0x77, 0x0a, 0x45, 0xc3, 0x7f, 0x98, 0x26, 0xfe, 0xa5, 0xcb, 0xc1,
    0xfe, 0xce, 0xca, 0xcb, 0x8d, 0x16, 0xa7, 0xb9, 0x39, 0xc1, 0x17, 0x98, 0x88, 0xb4, 0x88, 0x20,
    0xfe, 0x01, 0x01, 0x01, 0xa2, 0x88, 0x9d, 0x88, 0xcf, 0x31, 0x2a, 0x13, 0x40, 0xce, 0x7f, 0x2a,
    0xfe, 0x65, 0x65, 0x65, 0x0f, 0x98, 0x88, 0xa2, 0x88, 0xcd, 0x7f, 0x9b, 0x88, 0xb2, 0x88, 0xfe,
    0xc3, 0xc3, 0xc3, 0x9d, 0x88, 0xce, 0x7f, 0x26, 0x35, 0x05, 0xaf, 0x88, 0x55, 0x26, 0xc3, 0x17,
    0x26, 0x99, 0x88, 0xfe, 0xbf, 0xbf, 0xbf, 0x9c, 0x88, 0x7f, 0xc2, 0xa2, 0x88, 0x98, 0x86, 0xb5,
    0x8d, 0xfe, 0xc0, 0xc5, 0xa5, 0xfe, 0x73, 0x7e, 0x3a, 0xa9, 0x9d, 0x55, 0xc3, 0x0e, 0x97, 0x73,
    0xfe, 0xa3, 0xab, 0x7d, 0xfe, 0xda, 0xd9, 0xdc, 0xfe, 0xb3, 0xb4, 0xb3, 0x26, 0x39, 0x17, 0x99,
    0x88, 0xb9, 0x88, 0x28, 0xfe, 0xb4, 0xb4, 0xb4, 0xfe, 0xec, 0xec, 0xec, 0xb3, 0x88, 0xc3, 0xfe,
    0x41, 0x41, 0x41, 0xc2, 0xb2, 0x88, 0xfe, 0xdc, 0xdc, 0xdc, 0x26, 0x92, 0x88, 0xa4, 0x88, 0xc0,
    0x55, 0xc0, 0x10, 0x9d, 0x78, 0xab, 0xb8, 0xfe, 0x78, 0xb3, 0xa2, 0xfe, 0x3c, 0x8f, 0x78, 0xa8,
    0xda, 0x44, 0xc3, 0xa2, 0x88, 0x96, 0x26, 0xfe, 0xa4, 0xcc, 0xc0, 0xfe, 0xff, 0xfc, 0xfd, 0x96,
    0x36, 0x10, 0x01, 0xc1, 0x10, 0x14, 0xaa, 0x88, 0xfe, 0xa7, 0xa7, 0xa7, 0xfe, 0x00, 0x00, 0x00,
    0x31, 0x35, 0xcf, 0x31, 0xfe, 0x3b, 0x3b, 0x3b, 0x13, 0x40, 0xce, 0x04, 0x2a, 0xfe, 0x65, 0x65,
    0x65, 0x0f, 0x98, 0x88, 0xa2, 0x88, 0xcd, 0x7f, 0x9b, 0x88, 0xb2, 0x88, 0x22, 0x9d, 0x88, 0xce,
    0x7f, 0x40, 0x35, 0x05, 0xaf, 0x88, 0x55, 0x26, 0xc5, 0x17, 0x10, 0xc1, 0x01, 0xc1, 0x10, 0x9c,
    0x87, 0xac, 0x8b, 0xfe, 0xbf, 0xc4, 0xa4, 0xfe, 0x72, 0x7d, 0x39, 0xab, 0x9d, 0x40, 0xc3, 0x16,
    0x97, 0x74, 0xfe, 0xa0, 0xa7, 0x78, 0xfe, 0xfe, 0xfd, 0xff, 0x95, 0x75, 0x10, 0xc2, 0x40, 0x3d,
    0xa3, 0x88, 0x80, 0x88, 0x12, 0x8e, 0x88, 0xc2, 0xfe, 0x00, 0x00, 0x00, 0xc2, 0xb4, 0x88, 0xfe,
    0xb0, 0xb0, 0xb0, 0xbb, 0x88, 0x07, 0x8a, 0x88, 0x39, 0xc0, 0x55, 0xa5, 0x88, 0x8c, 0x79, 0xfe,
    0xbb, 0xb3, 0xb6, 0xfe, 0x82, 0xbc, 0xab, 0xfe, 0x3a, 0x8f, 0x77, 0xa8, 0xfa, 0x45, 0xc3, 0x7a,
    0x9b, 0x05, 0x34, 0xfe, 0xa1, 0x97, 0x9a, 0xfe, 0x70, 0x72, 0x71, 0xac, 0xa9, 0x39, 0xc1, 0x17,
    0x23, 0xfe, 0x96, 0x96, 0x96, 0xae, 0x88, 0xfe, 0x02, 0x02, 0x02, 0x7f, 0x9d, 0x88, 0xcf, 0x31,
    0xfe, 0x3b, 0x3b, 0x3b, 0xa7, 0x88, 0x40, 0xce, 0x04, 0x2a, 0xfe, 0x65, 0x65, 0x65, 0x0f, 0x17,
    0xa2, 0x88, 0xcd, 0x7f, 0x39, 0x07, 0xfe, 0xc3, 0xc3, 0xc3, 0x9d, 0x88, 0xce, 0x7f, 0x40, 0x35,
    0xfe, 0xf0, 0xf0, 0xf0, 0xaf, 0x88, 0x55, 0x26, 0xc3, 0x17, 0x26, 0x92, 0x88, 0xfe, 0x81, 0x81,
    0x81, 0x98, 0x88, 0xa4, 0x88, 0x39, 0xc1, 0xa2, 0x88, 0x94, 0x76, 0xfe, 0x9a, 0x99, 0xa1, 0xfe,
    0xc0, 0xc5, 0xa7, 0xfe, 0x74, 0x7f, 0x3b, 0xa7, 0x9e, 0x69, 0xc3, 0xa1, 0x89, 0x15, 0xfe, 0xa9,
    0xb0, 0x82, 0xfe, 0xb6, 0xb5, 0xbb, 0xfe, 0x6c, 0x6c, 0x6b, 0xb4, 0x89, 0x39, 0xc1, 0x0c, 0xfe,
    0xc2, 0xc2, 0xc2, 0xfe, 0x93, 0x93, 0x93, 0xbd, 0x88, 0xfe, 0x16, 0x16, 0x16, 0x8a, 0x88, 0xc2,
    0xa3, 0x88, 0xc0, 0x31, 0x22, 0xbd, 0x88, 0xfe, 0xc0, 0xc0, 0xc0, 0xad, 0x88, 0xfe, 0x85, 0x85,
    0x85, 0x17, 0x04, 0x55, 0xc0, 0xa4, 0x99, 0x16, 0xfe, 0xbd, 0xb6, 0xb8, 0xfe, 0x81, 0xbb, 0xab,
    0x2f, 0x0a, 0x45, 0xc3, 0x7a, 0x9a, 0x06, 0xfe, 0xa7, 0xcd, 0xc2, 0xfe, 0xa3, 0x9b, 0x9d, 0xfe,
    0x75, 0x77, 0x76, 0xab, 0xba, 0x35, 0xc1, 0xa2, 0x88, 0x95, 0x88, 0xfe, 0x99, 0x99, 0x99, 0x11,
    0xfe, 0x01, 0x01, 0x01, 0x22, 0x9d, 0x88, 0xcf, 0x31, 0x2a, 0xa7, 0x88, 0x40, 0xce, 0x7f, 0x2a,
    0x20, 0x0f, 0x17, 0xa2, 0x88, 0xcd, 0x7f, 0x9b, 0x88, 0x07, 0xfe, 0xc3, 0xc3, 0xc3, 0x9d, 0x88,
    0xce, 0x7f, 0x40, 0x35, 0xfe, 0xf0, 0xf0, 0xf0, 0xaf, 0x88, 0x55, 0x26, 0xc3, 0x17, 0x26, 0x14,
    0x00, 0x08, 0xa4, 0x88, 0x55, 0xc1, 0xa3, 0x88, 0x94, 0x76, 0xfe, 0x9d, 0x9c, 0xa3, 0x1f, 0xfe,
    0x74, 0x7e, 0x3a, 0xa8, 0x8e, 0x69, 0xc3, 0x0e, 0x96, 0x83, 0x24, 0xfe, 0xb8, 0xb8, 0xbd, 0xfe,
    0x71, 0x71, 0x70, 0x00, 0x35, 0xc0, 0xa2, 0x88, 0x97, 0x88, 0xfe, 0xba, 0xba, 0xba, 0x8b, 0x88,
    0xae, 0x88, 0xfe, 0x24, 0x24, 0x24, 0xfe, 0x03, 0x03, 0x03, 0x31, 0x22, 0xc0, 0x9d, 0x88, 0xc0,
    0x7f, 0x35, 0xba, 0x88, 0x25, 0x97, 0x88, 0xfe, 0x7e, 0x7e, 0x7e, 0xa2, 0x88, 0xc2, 0x00, 0x16,
    0x02, 0xfe, 0x81, 0xbb, 0xab, 0x2f, 0x0a, 0x45, 0xc3, 0x7a, 0x9a, 0x06, 0x34, 0x3a, 0x21, 0xac,
    0xa9, 0x35, 0xc1, 0x13, 0x2e, 0x2c, 0xab, 0x88, 0x04, 0xa2, 0x88, 0x9d, 0x88, 0xcf, 0x31, 0x2a,
    0xa7, 0x88, 0x40, 0xce, 0x7f, 0x2a, 0xfe, 0x65, 0x65, 0x65, 0x0f, 0x17, 0xa2, 0x88, 0xcd, 0x7f,
    0x39, 0x07, 0xfe, 0xc3, 0xc3, 0xc3, 0x9d, 0x88, 0xce, 0x7f, 0x40, 0x35, 0x05, 0xaf, 0x88, 0x55,
    0x26, 0xc3, 0x17, 0x26, 0x14, 0x00, 0x08, 0xa4, 0x88, 0x55, 0xc1, 0xa3, 0x88, 0x94, 0x76, 0xfe,
    0x9e, 0x9d, 0xa4, 0x1f, 0xfe, 0x74, 0x7f, 0x3a, 0x3f, 0x69, 0xc3, 0x0e, 0x15, 0x24, 0xfe, 0xb8,
    0xb8, 0xbd, 0x0d, 0x00, 0x35, 0xc0, 0x04, 0x39, 0xfe, 0xa8, 0xa8, 0xa8, 0xad, 0x88, 0x32, 0xfe,
    0x21, 0x21, 0x21, 0xfe, 0x00, 0x00, 0x00, 0x7f, 0x35, 0xc2, 0x04, 0x35, 0xb6, 0x88, 0xfe, 0xdb,
    0xdb, 0xdb, 0x87, 0x88, 0x2e, 0xaa, 0x88, 0x55, 0xc1, 0x00, 0x16, 0x02, 0x0c, 0x2f, 0xa8, 0xfa,
    0x45, 0xc3, 0x7a, 0x9a, 0x06, 0x34, 0x3a, 0x21, 0xac, 0xa9, 0x35, 0xc1, 0xa2, 0x88, 0x2e, 0x2c,
    0x11, 0xfe, 0x01, 0x01, 0x01, 0xa2, 0x88, 0x9d, 0x88, 0xcf, 0x31, 0x2a, 0xa7, 0x88, 0x40, 0xce,
    0x7f, 0x2a, 0xfe, 0x65, 0x65, 0x65, 0x0f, 0x98, 0x88, 0xa2, 0x88, 0xcd, 0x7f, 0x39, 0x07, 0xfe,
    0xc3, 0xc3, 0xc3, 0x9d, 0x88, 0xce, 0x7f, 0x40, 0x35, 0x05, 0xaf, 0x88, 0x55, 0x26, 0xc3, 0x17,
    0x26, 0x14, 0x00, 0x08, 0xa4, 0x88, 0x55, 0xc1, 0xa3, 0x88, 0x1d, 0x1c, 0x1f, 0xfe, 0x74, 0x7f,
    0x3a, 0xa7, 0x9f, 0x69, 0xc3, 0x0e, 0x15, 0xfe, 0xa8, 0xb0, 0x81, 0xfe, 0xb8, 0xb8, 0xbd, 0xfe,
    0x71, 0x71, 0x70, 0x00, 0x35, 0xc1, 0x39, 0xbf, 0x88, 0xfe, 0xc3, 0xc3, 0xc3, 0x32, 0xfe, 0x20,
    0x20, 0x20, 0x80, 0x88, 0x7f, 0x35, 0xc2, 0x04, 0x35, 0xb5, 0x88, 0xfe, 0xe1, 0xe1, 0xe1, 0xfe,
    0xb8, 0xb8, 0xb8, 0xfe, 0x73, 0x73, 0x73, 0xaf, 0x88, 0x40, 0xc1, 0x00, 0x16, 0x02, 0x0c, 0x2f,
    0xa8, 0xfa, 0x45, 0xc3, 0x7a, 0x9a, 0x06, 0x34, 0x3a, 0x21, 0xac, 0xa9, 0x35, 0xc1, 0x13, 0x2e,
    0x2c, 0x11, 0x04, 0xa2, 0x88, 0x9d, 0x88, 0xcf, 0x31, 0x2a, 0xa7, 0x88, 0x40, 0xce, 0x7f, 0x2a,
    0xfe, 0x65, 0x65, 0x65, 0x0f, 0x98, 0x88, 0xa2, 0x88, 0xcd, 0x7f, 0x39, 0x07, 0xfe, 0xc3, 0xc3,
    0xc3, 0x9d, 0x88, 0xce, 0x7f, 0x40, 0x35, 0x05, 0xaf, 0x88, 0x55, 0x26, 0xc3, 0x17, 0x26, 0x14,
    0x00, 0x08, 0xa4, 0x88, 0x55, 0xc1, 0xa3, 0x88, 0x1d, 0x1c, 0x1f, 0xfe, 0x74, 0x7f, 0x3a, 0x3f,
    0x69, 0xc3, 0x0e, 0x96, 0x83, 0xfe, 0xa8, 0xb0, 0x81, 0xfe, 0xb8, 0xb8, 0xbd, 0x0d, 0x00, 0x35,
    0xc0, 0x04, 0x08, 0xb2, 0x88, 0xfe, 0xcf, 0xcf, 0xcf, 0x85, 0x88, 0xfe, 0x20, 0x20, 0x20, 0x80,
    0x88, 0x7f, 0x35, 0xc2, 0x04, 0x35, 0xb6, 0x88, 0xfe, 0xe0, 0xe0, 0xe0, 0xfe, 0xb2, 0xb2, 0xb2,
    0xfe, 0x72, 0x72, 0x72, 0xb1, 0x88, 0x9d, 0x88, 0xc1, 0x00, 0x8d, 0x67, 0x02, 0x0c, 0x2f, 0x0a,
    0x45, 0xc3, 0x7a, 0x9a, 0x06, 0x34, 0x3a, 0x21, 0x22, 0x35, 0xc1, 0xa2, 0x88, 0x2e, 0x2c, 0x11,
    0x04, 0xa2, 0x88, 0x9d, 0x88, 0xcf, 0x31, 0x2a, 0xa7, 0x88, 0x40, 0xce, 0x7f, 0x2a, 0xfe, 0x65,
    0x65, 0x65, 0x0f, 0x98, 0x88, 0xa2, 0x88, 0xcd, 0x7f, 0x39, 0x07, 0xfe, 0xc3, 0xc3, 0xc3, 0x9d,
    0x88, 0xce, 0x7f, 0x40, 0x35, 0x05, 0xaf, 0x88, 0x55, 0x26, 0xc3, 0x17, 0x26, 0x14, 0x00, 0x08,
    0xa4, 0x88, 0x55, 0xc1, 0xa3, 0x88, 0x1d, 0x1c, 0x1f, 0xfe, 0x74, 0x7f, 0x3a, 0xa7, 0x9f, 0x69,
    0xc3, 0x0e, 0x96, 0x83, 0x24, 0xfe, 0xb8, 0xb8, 0xbd, 0x0d, 0x00, 0x35, 0xc0, 0x04, 0x08, 0xaa,
    0x88, 0xfe, 0xcd, 0xcd, 0xcd, 0x8f, 0x88, 0xfe, 0x1e, 0x1e, 0x1e, 0x82, 0x88, 0x7f, 0x35, 0xc2,
    0x04, 0x35, 0xb7, 0x88, 0xfe, 0xd9, 0xd9, 0xd9, 0xfe, 0xab, 0xab, 0xab, 0xfe, 0x76, 0x76, 0x76,
    0xad, 0x88, 0x55, 0xc1, 0x1e, 0x8d, 0x67, 0xfe, 0xbe, 0xb7, 0xb9, 0x0c, 0x2f, 0x0a, 0x45, 0xc3,
    0x7a, 0x9a, 0x06, 0xfe, 0xa7, 0xcc, 0xc1, 0xfe, 0xa5, 0x9c, 0x9f, 0xfe, 0x77, 0x79, 0x78, 0x00,
    0x13, 0xc1, 0xa2, 0x88, 0x95, 0x88, 0xfe, 0x9b, 0x9b, 0x9b, 0xa9, 0x88, 0x04, 0xa2, 0x88, 0x35,
    0xcf, 0xa4, 0x88, 0x2a, 0xa7, 0x88, 0x40, 0xce, 0x7f, 0x2a, 0xfe, 0x65, 0x65, 0x65, 0x0f, 0x98,
    0x88, 0xa2, 0x88, 0xcd, 0x7f, 0x9b, 0x88, 0x07, 0xfe, 0xc3, 0xc3, 0xc3, 0x9d, 0x88, 0xce, 0x7f,
    0x40, 0x35, 0x05, 0xaf, 0x88, 0x55, 0x26, 0xc3, 0x17, 0x26, 0x14, 0x1e, 0x98, 0x88, 0xa3, 0x88,
    0xc2, 0x00, 0x94, 0x76, 0xfe, 0x9f, 0x9e, 0xa5, 0xfe, 0xc0, 0xc5, 0xa7, 0xfe, 0x74, 0x7f, 0x3a,
    0xa7, 0x9f, 0x69, 0xc3, 0xa1, 0x89, 0x15, 0x24, 0xfe, 0xb9, 0xb9, 0xbe, 0xfe, 0x73, 0x73, 0x72,
    0x1e, 0x13, 0xc0, 0x55, 0xc0, 0xa2, 0x88, 0xfe, 0xca, 0xca, 0xca, 0x9c, 0x88, 0xfe, 0x1b, 0x1b,
    0x1b, 0x85, 0x88, 0x7f, 0x35, 0xc0, 0xa3, 0x88, 0xc0, 0x31, 0x40, 0xba, 0x88, 0xfe, 0xd2, 0xd2,
    0xd2, 0xfe, 0x9b, 0x9b, 0x9b, 0xfe, 0x6d, 0x6d, 0x6d, 0xad, 0x88, 0x40, 0xc1, 0x08, 0x8c, 0x67,
    0xfe, 0xb9, 0xb2, 0xb4, 0xfe, 0x82, 0xbb, 0xab, 0xfe, 0x3a, 0x8f, 0x77, 0xa8, 0xfa, 0x45, 0xc3,
    0x7a, 0x9a, 0x06, 0xfe, 0xa7, 0xcc, 0xc2, 0xfe, 0x9d, 0x94, 0x97, 0xfe, 0x6c, 0x6f, 0x6e, 0xac,
    0xb9, 0x3d, 0xc1, 0x1b, 0x95, 0x88, 0x12, 0xb1, 0x88, 0x13, 0x31, 0x35, 0x04, 0xc0, 0x22, 0xc3,
    0x04, 0xc2, 0x13, 0x22, 0xc2, 0xa4, 0x88, 0xfe, 0x3c, 0x3c, 0x3c, 0xa6, 0x88, 0x40, 0xc1, 0x13,
    0xc3, 0x55, 0x35, 0xc2, 0x13, 0xc1, 0x7f, 0x9b, 0x88, 0xfe, 0x66, 0x66, 0x66, 0xbe, 0x88, 0x08,
    0xa2, 0x88, 0xc0, 0xa2, 0x88, 0xc4, 0x26, 0xc2, 0x7f, 0x04, 0xc0, 0x7f, 0x08, 0xb2, 0x88, 0xfe,
    0xc1, 0xc1, 0xc1, 0x9d, 0x88, 0xc2, 0x04, 0xc3, 0x17, 0xc3, 0xa2, 0x88, 0x04, 0x7f, 0x35, 0x04,
    0xfe, 0xee, 0xee, 0xee, 0xaf, 0x88, 0x40, 0x7f, 0xc0, 0xa2, 0x88, 0x7f, 0xc0, 0x17, 0x26, 0x14,
    0xfe, 0x7d, 0x7d, 0x7d, 0x98, 0x88, 0x1b, 0x3d, 0xc1, 0xa3, 0x88, 0x93, 0x86, 0xfe, 0x97, 0x97,
    0x9d, 0x1f, 0xfe, 0x74, 0x7e, 0x3a, 0x3f, 0x69, 0xc3, 0x0e, 0x15, 0xfe, 0xa8, 0xb0, 0x82, 0xfe,
    0xb4, 0xb3, 0xb9, 0xfe, 0x68, 0x69, 0x67, 0x08, 0x3d, 0xc2, 0x40, 0x04, 0xad, 0x88, 0xfe, 0x1d,
    0x1d, 0x1d, 0x85, 0x88, 0xa2, 0x88, 0x55, 0xc0, 0x9d, 0x88, 0xc2, 0xb7, 0x88, 0x1a, 0x88, 0x88,
    0x81, 0x88, 0xaa, 0x88, 0x40, 0xc1, 0xa4, 0x88, 0x91, 0x78, 0xfe, 0xcd, 0xc7, 0xc9, 0xfe, 0x7f,
    0xb9, 0xa9, 0xfe, 0x3a, 0x8f, 0x77, 0x0a, 0x45, 0xc3, 0x7b, 0x3b, 0x34, 0x06, 0xfe, 0x93, 0x95,
    0x94, 0x37, 0x19, 0xc1, 0x37, 0x97, 0x88, 0xbb, 0x88, 0x93, 0x88, 0x35, 0xd1, 0x13, 0xfe, 0x3a,
    0x3a, 0x3a, 0xa9, 0x88, 0x9c, 0x88, 0xa2, 0x88, 0x55, 0x95, 0x88, 0x40, 0xc2, 0xaa, 0x88, 0x04,
    0x35, 0xc0, 0x04, 0x95, 0x88, 0x32, 0xc0, 0x7f, 0x9a, 0x88, 0xfe, 0x62, 0x62, 0x62, 0xfe, 0x8d,
    0x8d, 0x8d, 0x95, 0x88, 0x00, 0x7f, 0x98, 0x88, 0x3d, 0xc0, 0x55, 0xc0, 0xa6, 0x88, 0x0f, 0x00,
    0xc0, 0x0f, 0x9b, 0x88, 0x2e, 0xc0, 0x3d, 0x9b, 0x88, 0xb7, 0x88, 0x07, 0x9c, 0x88, 0x55, 0x1a,
    0x9d, 0x88, 0x95, 0x88, 0x55, 0xc2, 0x0b, 0xc2, 0x3c, 0x08, 0x39, 0x08, 0x9d, 0x88, 0x08, 0xfe,
    0xf2, 0xf2, 0xf2, 0xad, 0x88, 0xc7, 0x95, 0x88, 0xfe, 0xa1, 0xa1, 0xa1, 0x99, 0x88, 0xa3, 0x88,
    0x19, 0xc1, 0x37, 0x97, 0x86, 0xbf, 0x9f, 0xfe, 0xc0, 0xc5, 0xa7, 0x1d, 0xa8, 0x9e, 0x59, 0xc3,
    0xa1, 0x89, 0x96, 0x83, 0xfe, 0xa6, 0xae, 0x7f, 0xfe, 0xc9, 0xc9, 0xcd, 0xfe, 0x90, 0x91, 0x90,
    0xaf, 0x99, 0x19, 0xc1, 0x28, 0x9b, 0x88, 0xfe, 0xd1, 0xd1, 0xd1, 0x40, 0xfe, 0x15, 0x15, 0x15,
    0x8b, 0x88, 0xc2, 0xfe, 0x8c, 0x8c, 0x8c, 0xc0, 0x7f, 0x40, 0xab, 0x88, 0xfe, 0xe8, 0xe8, 0xe8,
    0x01, 0x55, 0x01, 0xc3, 0x9d, 0x89, 0xa8, 0xa8, 0xfe, 0x77, 0xb2, 0xa1, 0xfe, 0x3c, 0x90, 0x78,
    0xa7, 0xeb, 0x44, 0xc3, 0xa2, 0x88, 0x96, 0x26, 0xfe, 0xa3, 0xcb, 0xbf, 0xfe, 0xfa, 0xf8, 0xf8,
    0x99, 0x47, 0xa3, 0xa9, 0xc3, 0x23, 0xa4, 0x88, 0xfe, 0xb1, 0xb1, 0xb1, 0xfe, 0x1b, 0x1b, 0x1b,
    0xad, 0x88, 0x9c, 0x88, 0x9b, 0x88, 0xbf, 0x88, 0xfe, 0x8e, 0x8e, 0x8e, 0x9c, 0x88, 0x1a, 0xa2,
    0x88, 0x88, 0x88, 0xfe, 0x26, 0x26, 0x26, 0x9d, 0x88, 0xa4, 0x88, 0x06, 0xb1, 0x88, 0x00, 0x38,
    0x29, 0xc0, 0x9c, 0x88, 0xfe, 0x44, 0x44, 0x44, 0x99, 0x88, 0xa4, 0x88, 0x08, 0x04, 0x21, 0xb5,
    0x88, 0x55, 0x55, 0xa3, 0x88, 0xfe, 0x59, 0x59, 0x59, 0xfe, 0x38, 0x38, 0x38, 0xa8, 0x88, 0xa2,
    0x88, 0x93, 0x88, 0x1a, 0x2b, 0x0d, 0xc0, 0x3e, 0xfe, 0x7d, 0x7d, 0x7d, 0xfe, 0x51, 0x51, 0x51,
    0xab, 0x88, 0x55, 0x94, 0x88, 0xfe, 0x91, 0x91, 0x91, 0xfe, 0xca, 0xca, 0xca, 0x99, 0x88, 0x7f,
    0xa4, 0x88, 0x3f, 0xfe, 0x52, 0x52, 0x52, 0x0a, 0xc0, 0x03, 0x0c, 0xfe, 0xc7, 0xc7, 0xc7, 0x40,
    0xc0, 0x7f, 0x8a, 0x88, 0xfe, 0x71, 0x71, 0x71, 0xa2, 0x88, 0x2e, 0x96, 0x88, 0xb9, 0x88, 0xfe,
    0xdb, 0xdb, 0xdb, 0xa8, 0x88, 0x55, 0x02, 0x0a, 0x2e, 0x9b, 0x88, 0xa2, 0x88, 0x23, 0xa4, 0x88,
    0xfe, 0xd7, 0xd7, 0xd7, 0x02, 0x33, 0xc0, 0x9c, 0x88, 0x28, 0x8b, 0x88, 0xa8, 0x88, 0x55, 0x0f,
    0xfe, 0xe4, 0xe4, 0xe4, 0x26, 0x55, 0x26, 0xc0, 0x17, 0x96, 0x88, 0xc5, 0x9c, 0x87, 0xa8, 0x8b,
    0xfe, 0xbe, 0xc3, 0xa3, 0xfe, 0x72, 0x7d, 0x39, 0xab, 0x9d, 0x40, 0xc3, 0x16, 0x97, 0x74, 0xfe,
    0x9f, 0xa6, 0x77, 0xfe, 0xfa, 0xfa, 0xfb, 0x97, 0x87, 0x01, 0xc3, 0x55, 0xa5, 0x88, 0x93, 0x88,
    0xfe, 0x97, 0x97, 0x97, 0x1a, 0xa2, 0x88, 0x29, 0xc0, 0x26, 0xc3, 0x86, 0x88, 0xfe, 0x8f, 0x8f,
    0x8f, 0x1a, 0x38, 0x29, 0xc1, 0x25, 0x8f, 0x67, 0xfe, 0xc6, 0xbe, 0xc0, 0xfe, 0x80, 0xba, 0xaa,
    0xfe, 0x3a, 0x8f, 0x78, 0xa8, 0xf9, 0x45, 0xc3, 0x7a, 0x9b, 0x05, 0xfe, 0xa6, 0xcc, 0xc2, 0xfe,
    0xaf, 0xa6, 0xa9, 0xfe, 0x81, 0x83, 0x83, 0xac, 0x97, 0x29, 0xc1, 0x07, 0x96, 0x88, 0x15, 0xb7,
    0x88, 0x10, 0xb4, 0x88, 0x9c, 0x88, 0x94, 0x88, 0xfe, 0x76, 0x76, 0x76, 0x26, 0xc2, 0xfe, 0xdd,
    0xdd, 0xdd, 0xfe, 0x46, 0x46, 0x46, 0x04, 0x3c, 0x92, 0x88, 0xbf, 0x88, 0xfe, 0xfb, 0xfb, 0xfb,
    0x26, 0xc2, 0xfe, 0x4d, 0x4d, 0x4d, 0x8b, 0x88, 0x13, 0x98, 0x88, 0x04, 0xfe, 0xe0, 0xe0, 0xe0,
    0x26, 0xc2, 0xfe, 0x6e, 0x6e, 0x6e, 0xfe, 0x30, 0x30, 0x30, 0x35, 0xa3, 0x88, 0x89, 0x88, 0xfe,
    0xce, 0xce, 0xce, 0x26, 0xc2, 0xfe, 0x92, 0x92, 0x92, 0xfe, 0x21, 0x21, 0x21, 0xbe, 0x88, 0x1b,
    0x8b, 0x88, 0xfe, 0xa0, 0xa0, 0xa0, 0xfe, 0xff, 0xff, 0xff, 0xc2, 0x2b, 0xfe, 0x29, 0x29, 0x29,
    0x1b, 0xc0, 0x90, 0x88, 0xfe, 0x74, 0x74, 0x74, 0x26, 0xc2, 0xfe, 0xd0, 0xd0, 0xd0, 0xfe, 0x27,
    0x27, 0x27, 0x05, 0x3d, 0x8c, 0x88, 0xfe, 0x55, 0x55, 0x55, 0xfe, 0xf4, 0xf4, 0xf4, 0x26, 0xc1,
    0x32, 0xfe, 0x37, 0x37, 0x37, 0x97, 0x88, 0xa4, 0x88, 0x9d, 0x88, 0xa7, 0x88, 0xfe, 0xea, 0xea,
    0xea, 0x26, 0xc1, 0x9a, 0x88, 0x30, 0xfe, 0x1d, 0x1d, 0x1d, 0xb4, 0x88, 0x9c, 0x88, 0x8f, 0x88,
    0xfe, 0xcc, 0xcc, 0xcc, 0x26, 0x40, 0x26, 0xc0, 0x32, 0x34, 0x99, 0x88, 0xa3, 0x88, 0x55, 0xc1,
    0xa2, 0x88, 0x95, 0x86, 0xfe, 0xa9, 0xa8, 0xaf, 0xfe, 0xc0, 0xc5, 0xa6, 0xfe, 0x74, 0x7f, 0x3b,
    0xa7, 0x9e, 0x69, 0xc3, 0xa1, 0x89, 0x96, 0x93, 0xfe, 0xa7, 0xaf, 0x80, 0xfe, 0xc1, 0xc0, 0xc6,
    0xfe, 0x7e, 0x7e, 0x7d, 0xb2, 0x89, 0x9c, 0x88, 0xc2, 0x9b, 0x88, 0xfe, 0xb9, 0xb9, 0xb9, 0x26,
    0xc4, 0x9a, 0x88, 0xc1, 0x40, 0xa5, 0x88, 0xfe, 0xda, 0xda, 0xda, 0xfe, 0x7a, 0x7a, 0x7a, 0xc0,
    0xa2, 0x88, 0x55, 0xc1, 0xa4, 0x99, 0x8d, 0x67, 0xfe, 0xba, 0xb3, 0xb5, 0xfe, 0x82, 0xbc, 0xac,
    0xfe, 0x3a, 0x8f, 0x77, 0x0a, 0x45, 0xc3, 0x7a, 0x9a, 0x06, 0xfe, 0xa7, 0xcd, 0xc2, 0xfe, 0x9f,
    0x97, 0x99, 0xfe, 0x6f, 0x71, 0x71, 0xac, 0xb9, 0x2a, 0xc1, 0xa2, 0x88, 0x96, 0x88, 0xbe, 0x88,
    0xfe, 0xb4, 0xb4, 0xb4, 0x27, 0x35, 0x9d, 0x88, 0x94, 0x88, 0xfe, 0x6a, 0x6a, 0x6a, 0xfe, 0xfc,
    0xfc, 0xfc, 0x9a, 0x88, 0xc0, 0xa5, 0x88, 0xfe, 0xca, 0xca, 0xca, 0xfe, 0x3c, 0x3c, 0x3c, 0x40,
    0x04, 0x93, 0x88, 0xba, 0x88, 0xfe, 0xea, 0xea, 0xea, 0xb0, 0x88, 0x40, 0x1b, 0x94, 0x88, 0xfe,
    0x4a, 0x4a, 0x4a, 0x8f, 0x88, 0x04, 0x9a, 0x88, 0x35, 0xfe, 0xd3, 0xd3, 0xd3, 0xfe, 0xfc, 0xfc,
    0xfc, 0x1f, 0xa3, 0x88, 0x39, 0xfe, 0x67, 0x67, 0x67, 0x23, 0x35, 0xa3, 0x88, 0x8b, 0x88, 0xfe,
    0xbe, 0xbe, 0xbe, 0x39, 0x3d, 0x2e, 0xa4, 0x88, 0xfe, 0x8d, 0x8d, 0x8d, 0x27, 0xb9, 0x88, 0x22,
    0x05, 0xfe, 0x9e, 0x9e, 0x9e, 0xfe, 0xfd, 0xfd, 0xfd, 0x0c, 0x2e, 0x08, 0xfe, 0xa7, 0xa7, 0xa7,
    0x01, 0x13, 0x22, 0x01, 0xfe, 0x76, 0x76, 0x76, 0x08, 0x0c, 0x1b, 0x08, 0xfe, 0xce, 0xce, 0xce,
    0xfe, 0x3a, 0x3a, 0x3a, 0x22, 0xa5, 0x88, 0x90, 0x88, 0xfe, 0x62, 0x62, 0x62, 0xfe, 0xf0, 0xf0,
    0xf0, 0x08, 0x2a, 0xa3, 0x88, 0x90, 0x88, 0x1e, 0x35, 0x22, 0x35, 0x0f, 0xfe, 0xe7, 0xe7, 0xe7,
    0x17, 0x9c, 0x88, 0x39, 0x99, 0x88, 0xfe, 0x67, 0x67, 0x67, 0xfe, 0x39, 0x39, 0x39, 0x0b, 0x1e,
    0x3d, 0xfe, 0xd2, 0xd2, 0xd2, 0x26, 0x08, 0x17, 0x26, 0x05, 0xfe, 0x80, 0x80, 0x80, 0x98, 0x88,
    0xa4, 0x88, 0x55, 0xc1, 0xa3, 0x88, 0x93, 0x86, 0xfe, 0x99, 0x98, 0x9f, 0xfe, 0xc0, 0xc5, 0xa7,
    0xfe, 0x74, 0x7e, 0x3a, 0x3f, 0x69, 0xc3, 0xa1, 0x89, 0x96, 0x83, 0xfe, 0xa9, 0xb1, 0x82, 0xfe,
    0xb5, 0xb5, 0xba, 0xfe, 0x6c, 0x6c, 0x6b, 0x35, 0x2a, 0xc1, 0xa2, 0x88, 0x32, 0xfe, 0xac, 0xac,
    0xac, 0x26, 0x9a, 0x88, 0xc3, 0x26, 0xc1, 0x55, 0x26, 0xfe, 0xdb, 0xdb, 0xdb, 0xfe, 0x7f, 0x7f,
    0x7f, 0xa4, 0x88, 0x31, 0x22, 0xc1, 0xa4, 0x99, 0x8e, 0x56, 0xfe, 0xbf, 0xb8, 0xba, 0xfe, 0x82,
    0xba, 0xab, 0xfe, 0x3c, 0x8e, 0x77, 0xa8, 0xfa, 0x45, 0xc3, 0x7a, 0x9a, 0x06, 0xfe, 0xa8, 0xcc,
    0xc2, 0xfe, 0xa6, 0x9d, 0xa0, 0xfe, 0x78, 0x7a, 0x79, 0xac, 0xa9, 0x22, 0xc1, 0xa2, 0x88, 0x2a,
    0xbc, 0x88, 0xbe, 0x88, 0xfe, 0x30, 0x30, 0x30, 0x13, 0x9d, 0x88, 0x94, 0x88, 0xfe, 0x6d, 0x6d,
    0x6d, 0xfe, 0xff, 0xff, 0xff, 0x40, 0xc0, 0x26, 0xfe, 0xd1, 0xd1, 0xd1, 0xfe, 0x3e, 0x3e, 0x3e,
    0x40, 0xa7, 0x88, 0x93, 0x88, 0xbb, 0x88, 0xfe, 0xf1, 0xf1, 0xf1, 0x26, 0xc1, 0x96, 0x88, 0xfe,
    0x4b, 0x4b, 0x4b, 0x8e, 0x88, 0x04, 0x9a, 0x88, 0xa5, 0x88, 0xfe, 0xd7, 0xd7, 0xd7, 0x26, 0x9d,
    0x88, 0x08, 0x26, 0xfe, 0x69, 0x69, 0x69, 0x23, 0x35, 0x22, 0x8b, 0x88, 0xfe, 0xc4, 0xc4, 0xc4,
    0x26, 0x08, 0xc0, 0x26, 0xfe, 0x8e, 0x8e, 0x8e, 0xfe, 0x2b, 0x2b, 0x2b, 0xba, 0x88, 0x04, 0x8c,
    0x88, 0xfe, 0x9f, 0x9f, 0x9f, 0x26, 0x9c, 0x88, 0x1b, 0x26, 0x0d, 0xfe, 0x31, 0x31, 0x31, 0x35,
    0x04, 0x14, 0xfe, 0x76, 0x76, 0x76, 0x26, 0x39, 0x08, 0x26, 0xfe, 0xcf, 0xcf, 0xcf, 0x01, 0xa9,
    0x88, 0x22, 0x23, 0xfe, 0x5e, 0x5e, 0x5e, 0xfe, 0xf1, 0xf1, 0xf1, 0xad, 0x88, 0x55, 0x26, 0x91,
    0x88, 0x13, 0x98, 0x88, 0xa4, 0x88, 0x9d, 0x88, 0x04, 0xfe, 0xe8, 0xe8, 0xe8, 0x26, 0x39, 0xa2,
    0x88, 0x2e, 0xfe, 0x61, 0x61, 0x61, 0xfe, 0x31, 0x31, 0x31, 0x13, 0x9d, 0x88, 0x91, 0x88, 0xfe,
    0xd0, 0xd0, 0xd0, 0xfe, 0xff, 0xff, 0xff, 0x08, 0x17, 0x26, 0x92, 0x88, 0xfe, 0x88, 0x88, 0x88,
    0x98, 0x88, 0xa4, 0x88, 0x55, 0xc1, 0x0f, 0x94, 0x76, 0xfe, 0xa0, 0x9f, 0xa6, 0xfe, 0xc0, 0xc5,
    0xa8, 0xfe, 0x74, 0x7e, 0x3c, 0xa8, 0x8e, 0x69, 0xc3, 0xa1, 0x89, 0x96, 0x83, 0xfe, 0xa8, 0xb0,
    0x82, 0xfe, 0xba, 0xba, 0xbf, 0xfe, 0x74, 0x74, 0x73, 0x2d, 0x22, 0xc1, 0xa2, 0x88, 0x96, 0x88,
    0xfe, 0xb1, 0xb1, 0xb1, 0xfe, 0xff, 0xff, 0xff, 0x17, 0x26, 0xc5, 0x08, 0x26, 0xfe, 0xd8, 0xd8,
    0xd8, 0xfe, 0x79, 0x79, 0x79, 0x35, 0x7f, 0x35, 0xc1, 0x00, 0x8d, 0x57, 0xfe, 0xbe, 0xb5, 0xb8,
    0xfe, 0x7b, 0xbe, 0xab, 0xfe, 0x30, 0x94, 0x77, 0xfe, 0x40, 0x9c, 0x81, 0x9f, 0x68, 0xc3, 0xa0,
    0xa8, 0xfe, 0x30, 0x95, 0x78, 0xfe, 0xa2, 0xce, 0xc2, 0xfe, 0xa4, 0x9a, 0x9e, 0xfe, 0x74, 0x77,
    0x76, 0x22, 0x9d, 0x88, 0xc1, 0xa2, 0x88, 0x3d, 0xbd, 0x88, 0xfe, 0xb5, 0xb5, 0xb5, 0x05, 0xb2,
    0x88, 0x9d, 0x88, 0x32, 0xfe, 0x6d, 0x6d, 0x6d, 0xfe, 0xff, 0xff, 0xff, 0x9d, 0x88, 0xc0, 0x26,
    0x25, 0xfe, 0x3e, 0x3e, 0x3e, 0x40, 0xa7, 0x88, 0x93, 0x88, 0x34, 0xfe, 0xf0, 0xf0, 0xf0, 0x26,
    0x55, 0x26, 0x95, 0x88, 0x1a, 0x8e, 0x88, 0xa8, 0x88, 0x9a, 0x88, 0xa5, 0x88, 0x0e, 0x26, 0x9c,
    0x88, 0xa2, 0x88, 0x26, 0xfe, 0x69, 0x69, 0x69, 0xfe, 0x32, 0x32, 0x32, 0x35, 0x22, 0x27, 0xfe,
    0xc3, 0xc3, 0xc3, 0x26, 0x08, 0x55, 0x26, 0x07, 0xfe, 0x2b, 0x2b, 0x2b, 0xba, 0x88, 0x04, 0x8c,
    0x88, 0xfe, 0x9f, 0x9f, 0x9f, 0x26, 0x2a, 0x55, 0x26, 0xfe, 0xa8, 0xa8, 0xa8, 0xfe, 0x31, 0x31,
    0x31, 0x35, 0x04, 0x14, 0xfe, 0x76, 0x76, 0x76, 0x26, 0x39, 0x08, 0x26, 0x16, 0xfe, 0x35, 0x35,
    0x35, 0xa9, 0x88, 0xa6, 0x88, 0x32, 0x37, 0xfe, 0xf1, 0xf1, 0xf1, 0xad, 0x88, 0x08, 0x26, 0x05,
    0xfe, 0x43, 0x43, 0x43, 0x98, 0x88, 0xa4, 0x88, 0x9d, 0x88, 0x13, 0xfe, 0xe8, 0xe8, 0xe8, 0xb7,
    0x88, 0x9d, 0x88, 0x17, 0x2e, 0xfe, 0x62, 0x62, 0x62, 0x23, 0x22, 0x35, 0x91, 0x88, 0x25, 0x26,
    0x08, 0x17, 0x26, 0x92, 0x88, 0xfe, 0x85, 0x85, 0x85, 0x98, 0x88, 0xa4, 0x88, 0x55, 0xc1, 0xa3,
    0x88, 0x94, 0x75, 0xfe, 0x9e, 0x9d, 0xa4, 0xfe, 0xc0, 0xc5, 0xa2, 0xfe, 0x74, 0x80, 0x30, 0xfe,
    0x7c, 0x87, 0x3f, 0x69, 0xc3, 0xa1, 0x89, 0x97, 0x71, 0xfe, 0xa8, 0xb1, 0x7b, 0xfe, 0xb8, 0xb8,
    0xbe, 0xfe, 0x71, 0x71, 0x6f, 0x00, 0x35, 0xc1, 0xa2, 0x88, 0x1f, 0xfe, 0xaf, 0xaf, 0xaf, 0x26,
    0x40, 0x26, 0xc5, 0x08, 0x26, 0x0e, 0xfe, 0x79, 0x79, 0x79, 0x04, 0xc0, 0x35, 0xc1, 0x00, 0x8d,
    0x77, 0xfe, 0xb8, 0xb8, 0xb8, 0x91, 0x8a, 0xfe, 0x74, 0x74, 0x76, 0xaa, 0x88, 0x55, 0xc4, 0x98,
    0x88, 0xfe, 0xc1, 0xc1, 0xc2, 0xfe, 0x9e, 0x9e, 0x9e, 0xfe, 0x77, 0x77, 0x76, 0x22, 0x35, 0xc1,
    0x13, 0x96, 0x88, 0x30, 0xfe, 0xb5, 0xb5, 0xb5, 0xfe, 0x30, 0x30, 0x30, 0xb2, 0x88, 0x9d, 0x88,
    0x32, 0xfe, 0x6d, 0x6d, 0x6d, 0xfe, 0xff, 0xff, 0xff, 0x39, 0xc0, 0x26, 0xfe, 0xd0, 0xd0, 0xd0,
    0xfe, 0x3e, 0x3e, 0x3e, 0x40, 0xa7, 0x88, 0x93, 0x88, 0x34, 0xfe, 0xf0, 0xf0, 0xf0, 0x26, 0x55,
    0x26, 0x01, 0x1a, 0x8e, 0x88, 0xa8, 0x88, 0x9a, 0x88, 0xa5, 0x88, 0x0e, 0x26, 0x9c, 0x88, 0x08,
    0x26, 0xfe, 0x69, 0x69, 0x69, 0x23, 0x35, 0x22, 0x8b, 0x88, 0xfe, 0xc3, 0xc3, 0xc3, 0x26, 0x08,
    0x55, 0x26, 0x07, 0x3a, 0xba, 0x88, 0x04, 0x8c, 0x88, 0xfe, 0x9f, 0x9f, 0x9f, 0x26, 0x2a, 0x1b,
    0x26, 0xfe, 0xa8, 0xa8, 0xa8, 0xfe, 0x31, 0x31, 0x31, 0x35, 0x04, 0x14, 0xfe, 0x76, 0x76, 0x76,
    0x26, 0x39, 0x08, 0x26, 0xfe, 0xcf, 0xcf, 0xcf, 0xfe, 0x35, 0x35, 0x35, 0xa9, 0x88, 0x31, 0x32,
    0xfe, 0x5e, 0x5e, 0x5e, 0xfe, 0xf1, 0xf1, 0xf1, 0xad, 0x88, 0x08, 0x26, 0x05, 0xfe, 0x43, 0x43,
    0x43, 0x98, 0x88, 0xa4, 0x88, 0x9d, 0x88, 0x13, 0xfe, 0xe8, 0xe8, 0xe8, 0xb7, 0x88, 0x9d, 0x88,
    0x17, 0x2e, 0x33, 0x23, 0x22, 0x35, 0x91, 0x88, 0x25, 0x26, 0x08, 0x17, 0x26, 0x92, 0x88, 0xfe,
    0x85, 0x85, 0x85, 0x98, 0x88, 0xa4, 0x88, 0x55, 0xc1, 0xa3, 0x88, 0x94, 0x78, 0xfe, 0x9e, 0x9e,
    0x9e, 0xfe, 0xc0, 0xc0, 0xc0, 0xfe, 0x74, 0x73, 0x73, 0xa9, 0x78, 0xc4, 0xa2, 0x77, 0x95, 0x98,
    0xfe, 0xa8, 0xa9, 0xa8, 0xb0, 0x88, 0xfe, 0x71, 0x71, 0x71, 0x00, 0x9b, 0x88, 0xc1, 0xa2, 0x88,
    0x1f, 0xfe, 0xae, 0xae, 0xae, 0x26, 0x40, 0x26, 0xc5, 0x08, 0x26, 0x1d, 0xfe, 0x79, 0x79, 0x79,
    0x35, 0x04, 0x35, 0xc1, 0x00, 0x8c, 0x98, 0xfe, 0xb3, 0xbb, 0xb8, 0xfe, 0xd7, 0x93, 0xaa, 0xfe,
    0xb7, 0x53, 0x75, 0xad, 0x05, 0x71, 0xc3, 0x4e, 0xfe, 0xb9, 0x54, 0x76, 0xfe, 0xde, 0xb2, 0xc1,
    0xfe, 0x97, 0xa0, 0x9e, 0xfe, 0x78, 0x76, 0x76, 0x22, 0x35, 0xc1, 0x13, 0x96, 0x88, 0x30, 0xfe,
    0xb5, 0xb5, 0xb5, 0xfe, 0x30, 0x30, 0x30, 0xb2, 0x88, 0x9d, 0x88, 0x32, 0xfe, 0x6d, 0x6d, 0x6d,
    0xfe, 0xff, 0xff, 0xff, 0x9d, 0x88, 0xc0, 0x26, 0xfe, 0xd0, 0xd0, 0xd0, 0xfe, 0x3e, 0x3e, 0x3e,
    0x40, 0xa7, 0x88, 0x93, 0x88, 0xbb, 0x88, 0xfe, 0xf0, 0xf0, 0xf0, 0x26, 0x55, 0x26, 0x01, 0x1a,
    0x8e, 0x88, 0xa8, 0x88, 0x2a, 0xa5, 0x88, 0x0e, 0x26, 0x9c, 0x88, 0x08, 0x26, 0x1c, 0x23, 0x35,
    0x22, 0x8b, 0x88, 0xfe, 0xc3, 0xc3, 0xc3, 0x26, 0x08, 0x55, 0x26, 0x07, 0x3a, 0xba, 0x88, 0x04,
    0x8c, 0x88, 0x06, 0x26, 0x2a, 0x1b, 0x26, 0xfe, 0xa8, 0xa8, 0xa8, 0xfe, 0x31, 0x31, 0x31, 0x35,
    0x04, 0x14, 0xfe, 0x76, 0x76, 0x76, 0x26, 0x39, 0x08, 0x26, 0x16, 0xfe, 0x35, 0x35, 0x35, 0xa9,
    0x88, 0x31, 0x32, 0xfe, 0x5e, 0x5e, 0x5e, 0xfe, 0xf1, 0xf1, 0xf1, 0xad, 0x88, 0x08, 0x26, 0x05,
    0xfe, 0x43, 0x43, 0x43, 0x98, 0x88, 0xa4, 0x88, 0x9d, 0x88, 0x13, 0xfe, 0xe8, 0xe8, 0xe8, 0xb7,
    0x88, 0x9d, 0x88, 0x17, 0x2e, 0xfe, 0x62, 0x62, 0x62, 0x23, 0x22, 0x35, 0x91, 0x88, 0x25, 0x26,
    0x08, 0x17, 0x26, 0x92, 0x88, 0xfe, 0x85, 0x85, 0x85, 0x98, 0x88, 0xa4, 0x88, 0x55, 0xc1, 0xa3,
    0x88, 0x93, 0x8a, 0xfe, 0x9e, 0x9f, 0x97, 0xfe, 0xc0, 0xbb, 0xdd, 0xfe, 0x74, 0x67, 0xb7, 0xaa,
    0x60, 0x6b, 0xc3, 0xa2, 0x76, 0xfe, 0x73, 0x66, 0xb5, 0xfe, 0xa8, 0xa0, 0xd5, 0xfe, 0xb8, 0xba,
    0xb3, 0xfe, 0x71, 0x71, 0x72, 0x00, 0x35, 0xc1, 0xa2, 0x88, 0x1f, 0x36, 0x26, 0x40, 0x26, 0xc5,
    0x17, 0x26, 0xfe, 0xdb, 0xdb, 0xdb, 0xfe, 0x7f, 0x7f, 0x7f, 0x22, 0x7f, 0x22, 0xc1, 0xa5, 0x78,
    0x8c, 0xa8, 0xfe, 0xb6, 0xbc, 0xba, 0xfe, 0xce, 0x97, 0xaa, 0xfe, 0xab, 0x59, 0x75, 0xad, 0x15,
    0x61, 0xc3, 0x5e, 0xfe, 0xad, 0x5a, 0x76, 0xfe, 0xd9, 0xb4, 0xc1, 0xfe, 0x9b, 0xa2, 0xa0, 0xfe,
    0x7b, 0x79, 0x79, 0xad, 0x68, 0x22, 0xc1, 0x00, 0x96, 0x88, 0xbc, 0x88, 0xbe, 0x88, 0xfe, 0x30,
    0x30, 0x30, 0xb2, 0x88, 0x9c, 0x88, 0x23, 0xfe, 0x6d, 0x6d, 0x6d, 0xfe, 0xff, 0xff, 0xff, 0x08,
    0x39, 0x26, 0x25, 0x17, 0x40, 0xa7, 0x88, 0x92, 0x88, 0xbb, 0x88, 0xfe, 0xf0, 0xf0, 0xf0, 0x26,
    0x55, 0x26, 0x95, 0x88, 0x1a, 0x0c, 0xa8, 0x88, 0x99, 0x88, 0xa5, 0x88, 0xfe, 0xd7, 0xd7, 0xd7,
    0xfe, 0xff, 0xff, 0xff, 0x9c, 0x88, 0x08, 0x26, 0x1c, 0x23, 0xae, 0x88, 0x13, 0x8b, 0x88, 0xfe,
    0xc3, 0xc3, 0xc3, 0x26, 0x08, 0x55, 0x26, 0x07, 0x3a, 0xba, 0x88, 0x35, 0x8c, 0x88, 0x06, 0x26,
    0x2a, 0x55, 0x26, 0xfe, 0xa8, 0xa8, 0xa8, 0xfe, 0x31, 0x31, 0x31, 0x35, 0xc0, 0x90, 0x88, 0x1f,
    0x26, 0x08, 0xc0, 0x26, 0x16, 0x10, 0xa9, 0x88, 0xa5, 0x88, 0x23, 0x37, 0xfe, 0xf2, 0xf2, 0xf2,
    0x26, 0x08, 0x26, 0x91, 0x88, 0x22, 0x98, 0x88, 0xa4, 0x88, 0x2a, 0x04, 0xfe, 0xe9, 0xe9, 0xe9,
    0xb6, 0x88, 0x39, 0xa2, 0x88, 0x99, 0x88, 0x33, 0xfe, 0x32, 0x32, 0x32, 0x22, 0x9c, 0x88, 0x91,
    0x88, 0xfe, 0xd0, 0xd0, 0xd0, 0xfe, 0xff, 0xff, 0xff, 0x08, 0x17, 0x26, 0x92, 0x88, 0xfe, 0x88,
    0x88, 0x88, 0x98, 0x88, 0x31, 0x55, 0xc1, 0x0f, 0x93, 0x8a, 0xfe, 0xa0, 0xa1, 0x9b, 0xfe, 0xc0,
    0xbb, 0xd8, 0xfe, 0x74, 0x68, 0xaa, 0xaa, 0x62, 0x6b, 0xc3, 0xa2, 0x76, 0x94, 0xad, 0xfe, 0xa8,
    0xa1, 0xcc, 0xfe, 0xba, 0xbb, 0xb6, 0xfe, 0x74, 0x74, 0x75, 0xb4, 0x86, 0x22, 0xc1, 0xa2, 0x88,
    0x96, 0x88, 0xfe, 0xb2, 0xb2, 0xb2, 0xfe, 0xff, 0xff, 0xff, 0x17, 0x26, 0xc2, 0x9a, 0x88, 0xc1,
    0x40, 0xa5, 0x88, 0xfe, 0xda, 0xda, 0xda, 0xfe, 0x7a, 0x7a, 0x7a, 0xc0, 0xa2, 0x88, 0x2a, 0xc1,
    0xa5, 0x78, 0x8b, 0xa9, 0xfe, 0xb1, 0xb7, 0xb5, 0xfe, 0xd1, 0x97, 0xab, 0xfe, 0xad, 0x58, 0x75,
    0xad, 0x15, 0x61, 0xc3, 0x5e, 0xfe, 0xaf, 0x59, 0x76, 0xfe, 0xda, 0xb4, 0xc1, 0xfe, 0x94, 0x9c,
    0x99, 0xfe, 0x72, 0x70, 0x71, 0xae, 0x57, 0x2a, 0xc1, 0xa2, 0x88, 0x96, 0x88, 0xbe, 0x88, 0xfe,
    0xb4, 0xb4, 0xb4, 0xfe, 0x2e, 0x2e, 0x2e, 0xb1, 0x88, 0xa5, 0x88, 0x97, 0x88, 0xfe, 0x70, 0x70,
    0x70, 0xfe, 0xfb, 0xfb, 0xfb, 0x9b, 0x88, 0xa4, 0x88, 0xa5, 0x88, 0xfe, 0xd0, 0xd0, 0xd0, 0xfe,
    0x3c, 0x3c, 0x3c, 0x40, 0xac, 0x88, 0x98, 0x88, 0xb8, 0x88, 0xfe, 0xeb, 0xeb, 0xeb, 0x0c, 0x2a,
    0x26, 0x95, 0x88, 0xfe, 0x49, 0x49, 0x49, 0x8d, 0x88, 0xad, 0x88, 0xc0, 0x0f, 0xfe, 0xd3, 0xd3,
    0xd3, 0xfe, 0xfa, 0xfa, 0xfa, 0x2e, 0xa6, 0x88, 0x26, 0xfe, 0x68, 0x68, 0x68, 0xfe, 0x2f, 0x2f,
    0x2f, 0xb1, 0x88, 0xaa, 0x88, 0x10, 0xfe, 0xbf, 0xbf, 0xbf, 0x2a, 0x9d, 0x88, 0xa4, 0x88, 0xa3,
    0x88, 0xfe, 0x8d, 0x8d, 0x8d, 0xfe, 0x29, 0x29, 0x29, 0x31, 0xa3, 0x88, 0x10, 0x06, 0x2a, 0x9b,
    0x88, 0x1b, 0x26, 0xfe, 0xa7, 0xa7, 0xa7, 0x36, 0x17, 0xa7, 0x88, 0x94, 0x88, 0xfe, 0x78, 0x78,
    0x78, 0x2a, 0x9a, 0x88, 0x2a, 0x26, 0xfe, 0xce, 0xce, 0xce, 0xfe, 0x33, 0x33, 0x33, 0xa9, 0x88,
    0xac, 0x88, 0x93, 0x88, 0xfe, 0x61, 0x61, 0x61, 0xfe, 0xec, 0xec, 0xec, 0xac, 0x88, 0x1b, 0x26,
    0x91, 0x88, 0xfe, 0x41, 0x41, 0x41, 0x97, 0x88, 0x04, 0x31, 0x2d, 0xfe, 0xe2, 0xe2, 0xe2, 0xb7,
    0x88, 0x55, 0xa6, 0x88, 0x2e, 0x24, 0x36, 0x22, 0x1e, 0x91, 0x88, 0xfe, 0xcc, 0xcc, 0xcc, 0xfe,
    0xfb, 0xfb, 0xfb, 0x0c, 0x17, 0x26, 0x05, 0xfe, 0x80, 0x80, 0x80, 0x98, 0x88, 0xa4, 0x88, 0x55,
    0xc1, 0xa3, 0x87, 0x92, 0x9b, 0xfe, 0x99, 0x9b, 0x94, 0xfe, 0xc0, 0xbc, 0xd9, 0xfe, 0x74, 0x68,
    0xac, 0xaa, 0x62, 0x6b, 0xc3, 0xa2, 0x76, 0x94, 0xad, 0xfe, 0xa9, 0xa2, 0xcf, 0xfe, 0xb5, 0xb6,
    0xb1, 0xfe, 0x6c, 0x6b, 0x6c, 0xb5, 0x76, 0x2a, 0xc1, 0x7f, 0x97, 0x88, 0xfe, 0xad, 0xad, 0xad,
    0x26, 0x0c, 0xc3, 0x26, 0xc3, 0x86, 0x88, 0xfe, 0x8f, 0x8f, 0x8f, 0x9c, 0x88, 0x38, 0x55, 0xc1,
    0xa4, 0x88, 0x8e, 0x98, 0xfe, 0xbc, 0xc3, 0xc0, 0xfe, 0xcf, 0x95, 0xa9, 0xfe, 0xad, 0x58, 0x76,
    0xad, 0x14, 0x2f, 0xc3, 0x5a, 0xfe, 0xb0, 0x59, 0x76, 0xfe, 0xd9, 0xb4, 0xc1, 0xfe, 0xa3, 0xac,
    0xa9, 0xfe, 0x84, 0x82, 0x83, 0xac, 0x77, 0x29, 0xc1, 0xa2, 0x88, 0x96, 0x88, 0xbc, 0x88, 0xb7,
    0x88, 0xfe, 0x35, 0x35, 0x35, 0xb4, 0x88, 0x8a, 0x88, 0x89, 0x88, 0xfe, 0x63, 0x63, 0x63, 0x26,
    0xc2, 0xfe, 0xd2, 0xd2, 0xd2, 0x22, 0x55, 0x99, 0x88, 0x85, 0x88, 0x22, 0x0c, 0x26, 0xc1, 0x96,
    0x88, 0xfe, 0x50, 0x50, 0x50, 0x91, 0x88, 0x9b, 0x88, 0x8a, 0x88, 0xaa, 0x88, 0xfe, 0xdf, 0xdf,
    0xdf, 0x26, 0xc0, 0x9d, 0x88, 0x26, 0xfe, 0x6d, 0x6d, 0x6d, 0xfe, 0x3a, 0x3a, 0x3a, 0xa6, 0x88,
    0x36, 0x89, 0x88, 0xfe, 0xcd, 0xcd, 0xcd, 0x26, 0xc0, 0x08, 0x26, 0xfe, 0x90, 0x90, 0x90, 0xfe,
    0x31, 0x31, 0x31, 0x3c, 0x05, 0x85, 0x88, 0xfe, 0x9d, 0x9d, 0x9d, 0x26, 0xc0, 0x39, 0x26, 0xfe,
    0xab, 0xab, 0xab, 0xfe, 0x37, 0x37, 0x37, 0xae, 0x88, 0x8f, 0x88, 0x87, 0x88, 0xfe, 0x6e, 0x6e,
    0x6e, 0x26, 0xc2, 0xfe, 0xd0, 0xd0, 0xd0, 0x2a, 0xa9, 0x88, 0x1b, 0x19, 0xfe, 0x54, 0x54, 0x54,
    0x08, 0x26, 0xc1, 0x92, 0x88, 0x2d, 0x31, 0x94, 0x88, 0x2f, 0xac, 0x88, 0xfe, 0xf7, 0xf7, 0xf7,
    0x26, 0xc0, 0x08, 0x2e, 0xfe, 0x65, 0x65, 0x65, 0xfe, 0x39, 0x39, 0x39, 0x22, 0x89, 0x88, 0x19,
    0xfe, 0xd6, 0xd6, 0xd6, 0x26, 0xc2, 0x94, 0x88, 0x34, 0x99, 0x88, 0xa3, 0x88, 0x29, 0xc1, 0xa2,
    0x89, 0x94, 0x99, 0xfe, 0xa9, 0xaa, 0xa3, 0xfe, 0xc0, 0xbb, 0xd9, 0xfe, 0x74, 0x69, 0xad, 0x33,
    0x6b, 0xc3, 0x7e, 0x95, 0xac, 0xfe, 0xa7, 0xa0, 0xcd, 0xfe, 0xc1, 0xc2, 0xbc, 0xfe, 0x7e, 0x7e,
    0x7f, 0xb2, 0x87, 0x29, 0xc2, 0x9b, 0x88, 0xfe, 0xb9, 0xb9, 0xb9, 0xfe, 0xff, 0xff, 0xff, 0xc4,
    0x29, 0xc0, 0x38, 0x40, 0xab, 0x88, 0xfe, 0xe8, 0xe8, 0xe8, 0xac, 0x88, 0x32, 0x01, 0xc3, 0x9c,
    0x99, 0xaa, 0x67, 0xfe, 0xc7, 0x8c, 0xa0, 0xfe, 0xaf, 0x5a, 0x76, 0xab, 0x27, 0x50, 0xc3, 0x0a,
    0x92, 0xfa, 0xfe, 0xd9, 0xb1, 0xbf, 0xfe, 0xf7, 0xf9, 0xf8, 0x97, 0xb9, 0x01, 0xc3, 0x40, 0x1f,
    0xfe, 0xb2, 0xb2, 0xb2, 0xfe, 0x1b, 0x1b, 0x1b, 0xab, 0x88, 0xfe, 0x71, 0x71, 0x71, 0xfe, 0x93,
    0x93, 0x93, 0x38, 0x9b, 0x88, 0x1e, 0xfe, 0xdc, 0xdc, 0xdc, 0xfe, 0xff, 0xff, 0xff, 0xfe, 0xc8,
    0xc8, 0xc8, 0xfe, 0x2a, 0x2a, 0x2a, 0x97, 0x88, 0xfe, 0x64, 0x64, 0x64, 0x25, 0x29, 0x16, 0x93,
    0x88, 0xfe, 0xc6, 0xc6, 0xc6, 0x26, 0x91, 0x88, 0xfe, 0x36, 0x36, 0x36, 0x83, 0x88, 0xfe, 0x58,
    0x58, 0x58, 0x25, 0x98, 0x88, 0x34, 0x93, 0x88, 0xfe, 0xb0, 0xb0, 0xb0, 0x17, 0x26, 0xfe, 0x5a,
    0x5a, 0x5a, 0xfe, 0x11, 0x11, 0x11, 0x35, 0xfe, 0x95, 0x95, 0x95, 0x91, 0x88, 0xab, 0x88, 0x31,
    0xfe, 0xa7, 0xa7, 0xa7, 0xfe, 0xf6, 0xf6, 0xf6, 0x26, 0xfe, 0x83, 0x83, 0x83, 0xfe, 0x11, 0x11,
    0x11, 0xfe, 0x34, 0x34, 0x34, 0x0f, 0x16, 0xc0, 0x31, 0x30, 0xfe, 0xf0, 0xf0, 0xf0, 0x26, 0xfe,
    0x9c, 0x9c, 0x9c, 0xfe, 0x1a, 0x1a, 0x1a, 0xb3, 0x88, 0xfe, 0x76, 0x76, 0x76, 0x07, 0xc0, 0x1a,
    0x1e, 0xfe, 0xe1, 0xe1, 0xe1, 0x26, 0xfe, 0xc6, 0xc6, 0xc6, 0xfe, 0x1d, 0x1d, 0x1d, 0xa6, 0x88,
    0xfe, 0x6f, 0x6f, 0x6f, 0x07, 0x9c, 0x88, 0x25, 0x2d, 0xfe, 0xc8, 0xc8, 0xc8, 0x26, 0x8d, 0x88,
    0xfe, 0x30, 0x30, 0x30, 0x87, 0x88, 0xfe, 0x59, 0x59, 0x59, 0xfe, 0x97, 0x97, 0x97, 0x8f, 0x88,
    0xac, 0x88, 0x93, 0x88, 0xfe, 0xbc, 0xbc, 0xbc, 0x17, 0x96, 0x88, 0xfe, 0x55, 0x55, 0x55, 0xfe,
    0x14, 0x14, 0x14, 0xfe, 0x46, 0x46, 0x46, 0xfe, 0x91, 0x91, 0x91, 0x38, 0x25, 0x13, 0xfe, 0xaa,
    0xaa, 0xaa, 0x26, 0x40, 0xc0, 0x01, 0xc5, 0x9c, 0x89, 0xa8, 0x86, 0xfe, 0xbe, 0xb9, 0xd7, 0xfe,
    0x72, 0x67, 0xaa, 0xad, 0x73, 0x3a, 0xc3, 0x11, 0x95, 0x9d, 0xfe, 0x9f, 0x97, 0xc5, 0xfe, 0xfa,
    0xfa, 0xf9, 0x96, 0x9a, 0x01, 0xc3, 0x32, 0xa5, 0x88, 0x93, 0x88, 0x0e, 0x1a, 0x38, 0x29, 0xc0,
    0xfe, 0x00, 0x00, 0x00, 0xc2, 0xb7, 0x88, 0xfe, 0xcb, 0xcb, 0xcb, 0x88, 0x88, 0x81, 0x88, 0xaa,
    0x88, 0x19, 0xc1, 0xa4, 0x88, 0x90, 0x98, 0xfe, 0xc5, 0xca, 0xc9, 0xfe, 0xce, 0x94, 0xa8, 0xfe,
    0xad, 0x58, 0x75, 0xad, 0x15, 0x61, 0xc3, 0x5e, 0xfe, 0xaf, 0x58, 0x76, 0xfe, 0xda, 0xb4, 0xc1,
    0xfe, 0xaf, 0xb6, 0xb4, 0xfe, 0x95, 0x94, 0x94, 0x37, 0x19, 0xc1, 0x37, 0x97, 0x88, 0xbc, 0x88,
    0x93, 0x88, 0xfe, 0x00, 0x00, 0x00, 0xc0, 0xfe, 0xbb, 0xbb, 0xbb, 0x26, 0xfe, 0xc1, 0xc1, 0xc1,
    0x35, 0xc0, 0x32, 0x26, 0x39, 0xfe, 0x0c, 0x0c, 0x0c, 0x35, 0xfe, 0x96, 0x96, 0x96, 0x26, 0x84,
    0x88, 0x0a, 0x35, 0xfe, 0x78, 0x78, 0x78, 0x26, 0x8a, 0x88, 0xfe, 0x16, 0x16, 0x16, 0x35, 0xfe,
    0x7e, 0x7e, 0x7e, 0x26, 0x3a, 0xfe, 0x37, 0x37, 0x37, 0x35, 0xfe, 0x49, 0x49, 0x49, 0x26, 0xc0,
    0xfe, 0x43, 0x43, 0x43, 0x35, 0xfe, 0x45, 0x45, 0x45, 0x26, 0xc0, 0x00, 0x35, 0xfe, 0x38, 0x38,
    0x38, 0x3a, 0x26, 0xfe, 0x71, 0x71, 0x71, 0x35, 0x0a, 0x0d, 0x26, 0xfe, 0x7f, 0x7f, 0x7f, 0x35,
    0xb7, 0x88, 0xfe, 0xe0, 0xe0, 0xe0, 0xbf, 0x88, 0x0b, 0x35, 0xb3, 0x88, 0xfe, 0xc5, 0xc5, 0xc5,
    0x26, 0xfe, 0xb6, 0xb6, 0xb6, 0x35, 0xc0, 0xfe, 0xb8, 0xb8, 0xb8, 0x26, 0xfe, 0xb9, 0xb9, 0xb9,
    0x35, 0xc0, 0x32, 0x26, 0xfe, 0xc7, 0xc7, 0xc7, 0xfe, 0x14, 0x14, 0x14, 0x35, 0x17, 0x26, 0x86,
    0x88, 0x21, 0x35, 0xfe, 0x85, 0x85, 0x85, 0x26, 0x20, 0xfe, 0x19, 0x19, 0x19, 0x35, 0xfe, 0x67,
    0x67, 0x67, 0x26, 0x92, 0x88, 0xfe, 0x40, 0x40, 0x40, 0xfe, 0x00, 0x00, 0x00, 0x3c, 0x26, 0xc0,
    0xfe, 0x3f, 0x3f, 0x3f, 0x35, 0xfe, 0x44, 0x44, 0x44, 0xfe, 0xfe, 0xfe, 0xfe, 0xc0, 0x95, 0x88,
    0xfe, 0xa1, 0xa1, 0xa1, 0x99, 0x88, 0xa3, 0x88, 0x19, 0xc1, 0x37, 0x96, 0x9a, 0xfe, 0xb5, 0xb6,
    0xb0, 0xfe, 0xc0, 0xbb, 0xd9, 0xfe, 0x74, 0x68, 0xac, 0xab, 0x61, 0x57, 0xc3, 0xa2, 0x76, 0x94,
    0xad, 0xfe, 0xa6, 0x9f, 0xcc, 0xfe, 0xc9, 0xca, 0xc5, 0xfe, 0x90, 0x90, 0x91, 0xb0, 0x87, 0x19,
    0xc1, 0x28, 0x9b, 0x88, 0xfe, 0xd1, 0xd1, 0xd1, 0x40, 0xfe, 0x15, 0x15, 0x15, 0x35, 0xc2, 0xa3,
    0x88, 0xc0, 0x7f, 0x40, 0xba, 0x88, 0xfe, 0xd2, 0xd2, 0xd2, 0xfe, 0x9b, 0x9b, 0x9b, 0xfe, 0x6d,
    0x6d, 0x6d, 0xad, 0x88, 0x40, 0xc1, 0xa5, 0x88, 0x8b, 0x98, 0xfe, 0xae, 0xb6, 0xb4, 0xfe, 0xd0,
    0x96, 0xaa, 0x27, 0xad, 0x15, 0x2f, 0xc3, 0x5e, 0xfe, 0xaf, 0x59, 0x76, 0xfe, 0xd9, 0xb4, 0xc1,
    0xfe, 0x91, 0x9a, 0x97, 0xfe, 0x6f, 0x6d, 0x6e, 0xae, 0x67, 0x3d, 0xc1, 0x1b, 0x95, 0x88, 0xfe,
    0x93, 0x93, 0x93, 0xb2, 0x88, 0xfe, 0x01, 0x01, 0x01, 0x35, 0xfe, 0xb8, 0xb8, 0xb8, 0x17, 0xfe,
    0xbb, 0xbb, 0xbb, 0x35, 0xc0, 0x1f, 0xfe, 0xff, 0xff, 0xff, 0xfe, 0xbe, 0xbe, 0xbe, 0xfe, 0x0e,
    0x0e, 0x0e, 0x35, 0xfe, 0x91, 0x91, 0x91, 0xfe, 0xfe, 0xfe, 0xfe, 0xfe, 0xdb, 0xdb, 0xdb, 0x19,
    0x35, 0xfe, 0x83, 0x83, 0x83, 0x26, 0x8b, 0x88, 0xfe, 0x1a, 0x1a, 0x1a, 0x04, 0xfe, 0x77, 0x77,
    0x77, 0x26, 0x89, 0x88, 0xfe, 0x3b, 0x3b, 0x3b, 0x35, 0xfe, 0x55, 0x55, 0x55, 0x26, 0xc0, 0xfe,
    0x44, 0x44, 0x44, 0x04, 0xfe, 0x41, 0x41, 0x41, 0x26, 0xc0, 0xfe, 0x50, 0x50, 0x50, 0x35, 0xfe,
    0x40, 0x40, 0x40, 0xfe, 0xed, 0xed, 0xed, 0x26, 0xfe, 0x73, 0x73, 0x73, 0xfe, 0x01, 0x01, 0x01,
    0xbc, 0x88, 0xfe, 0xe4, 0xe4, 0xe4, 0x17, 0xfe, 0x80, 0x80, 0x80, 0xfe, 0x00, 0x00, 0x00, 0xbb,
    0x88, 0x02, 0x26, 0x38, 0x35, 0xb2, 0x88, 0xfe, 0xc0, 0xc0, 0xc0, 0x17, 0xfe, 0xaf, 0xaf, 0xaf,
    0xfe, 0x00, 0x00, 0x00, 0xc0, 0xfe, 0xbf, 0xbf, 0xbf, 0xfe, 0xff, 0xff, 0xff, 0xfe, 0xbc, 0xbc,
    0xbc, 0x35, 0xc0, 0xfe, 0xaa, 0xaa, 0xaa, 0x17, 0xfe, 0xc5, 0xc5, 0xc5, 0xfe, 0x19, 0x19, 0x19,
    0x35, 0xfe, 0x88, 0x88, 0x88, 0x26, 0x87, 0x88, 0x3f, 0x04, 0xfe, 0x7c, 0x7c, 0x7c, 0x17, 0x02,
    0xfe, 0x25, 0x25, 0x25, 0x35, 0xfe, 0x6f, 0x6f, 0x6f, 0x26, 0x14, 0xfe, 0x42, 0x42, 0x42, 0x04,
    0xfe, 0x49, 0x49, 0x49, 0x26, 0xc0, 0x31, 0x35, 0xfe, 0x48, 0x48, 0x48, 0x26, 0xc0, 0x91, 0x88,
    0x08, 0x98, 0x88, 0x1b, 0x40, 0xc1, 0xa3, 0x88, 0x93, 0x89, 0xfe, 0x97, 0x99, 0x92, 0xfe, 0xc0,
    0xbb, 0xd8, 0xfe, 0x74, 0x68, 0xad, 0x33, 0x3a, 0xc3, 0xa2, 0x76, 0x94, 0xad, 0xfe, 0xa8, 0xa1,
    0xce, 0xfe, 0xb4, 0xb5, 0xae, 0xfe, 0x68, 0x68, 0x69, 0x08, 0x3d, 0xc2, 0x40, 0xfe, 0xc1, 0xc1,
    0xc1, 0xad, 0x88, 0x28, 0x85, 0x88, 0xa2, 0x88, 0x55, 0xc0, 0x9d, 0x88, 0xc0, 0x7f, 0x35, 0x0e,
    0xfe, 0xd9, 0xd9, 0xd9, 0xfe, 0xab, 0xab, 0xab, 0x1f, 0xad, 0x88, 0x55, 0xc1, 0xa5, 0x78, 0x8c,
    0xa8, 0xfe, 0xb5, 0xbb, 0xb9, 0xfe, 0xd0, 0x96, 0xaa, 0x27, 0xad, 0x15, 0x61, 0xc3, 0x5e, 0xfe,
    0xaf, 0x59, 0x76, 0xfe, 0xda, 0xb4, 0xc1, 0xfe, 0x99, 0xa1, 0x9f, 0xfe, 0x7a, 0x78, 0x78, 0xad,
    0x58, 0x13, 0xc1, 0xa2, 0x88, 0x95, 0x88, 0xfe, 0x9a, 0x9a, 0x9a, 0xab, 0x88, 0xfe, 0x00, 0x00,
    0x00, 0xc0, 0xfe, 0xba, 0xba, 0xba, 0x26, 0xfe, 0xbd, 0xbd, 0xbd, 0x35, 0xc0, 0xfe, 0xb5, 0xb5,
    0xb5, 0x26, 0xfe, 0xbe, 0xbe, 0xbe, 0xfe, 0x0d, 0x0d, 0x0d, 0x35, 0xfe, 0x92, 0x92, 0x92, 0x26,
    0xfe, 0xdd, 0xdd, 0xdd, 0xfe, 0x19, 0x19, 0x19, 0x35, 0xfe, 0x81, 0x81, 0x81, 0x26, 0x8b, 0x88,
    0x2c, 0x35, 0xfe, 0x78, 0x78, 0x78, 0x26, 0x2b, 0xfe, 0x39, 0x39, 0x39, 0x35, 0xfe, 0x53, 0x53,
    0x53, 0x26, 0xc0, 0xfe, 0x44, 0x44, 0x44, 0x35, 0xfe, 0x41, 0x41, 0x41, 0x26, 0xc0, 0xfe, 0x4e,
    0x4e, 0x4e, 0x35, 0xfe, 0x3d, 0x3d, 0x3d, 0x18, 0x26, 0x32, 0x35, 0xbd, 0x88, 0xfe, 0xe7, 0xe7,
    0xe7, 0x26, 0xfe, 0x80, 0x80, 0x80, 0xfe, 0x00, 0x00, 0x00, 0xb8, 0x88, 0xfe, 0xe2, 0xe2, 0xe2,
    0x26, 0xfe, 0x8c, 0x8c, 0x8c, 0x35, 0xb2, 0x88, 0xfe, 0xc2, 0xc2, 0xc2, 0x26, 0xfe, 0xb1, 0xb1,
    0xb1, 0x35, 0xc0, 0x17, 0x26, 0xfe, 0xbb, 0xbb, 0xbb, 0x35, 0xc0, 0xfe, 0xac, 0xac, 0xac, 0x26,
    0xfe, 0xc6, 0xc6, 0xc6, 0xfe, 0x15, 0x15, 0x15, 0x35, 0xfe, 0x87, 0x87, 0x87, 0x26, 0x87, 0x88,
    0x30, 0x35, 0xfe, 0x7e, 0x7e, 0x7e, 0x26, 0x2f, 0xfe, 0x22, 0x22, 0x22, 0x35, 0xfe, 0x6d, 0x6d,
    0x6d, 0x26, 0x93, 0x88, 0x04, 0x35, 0xfe, 0x4a, 0x4a, 0x4a, 0x26, 0xc0, 0xfe, 0x42, 0x42, 0x42,
    0x35, 0xfe, 0x45, 0x45, 0x45, 0x26, 0x55, 0x05, 0x1e, 0x98, 0x88, 0xa3, 0x88, 0xc2, 0xa3, 0x87,
    0x93, 0x8b, 0xfe, 0x9f, 0xa0, 0x9a, 0xfe, 0xc0, 0xbb, 0xd9, 0xfe, 0x74, 0x69, 0xac, 0xa9, 0x73,
    0x6b, 0xc3, 0xa2, 0x76, 0x3c, 0x34, 0xfe, 0xb9, 0xbb, 0xb5, 0xfe, 0x73, 0x73, 0x74, 0xb4, 0x86,
    0x13, 0xc0, 0x55, 0xc0, 0x22, 0xfe, 0xca, 0xca, 0xca, 0x0f, 0xfe, 0x1b, 0x1b, 0x1b, 0x35, 0x7f,
    0x35, 0xc2, 0x04, 0x35, 0x3f, 0xfe, 0xe0, 0xe0, 0xe0, 0xfe, 0xb2, 0xb2, 0xb2, 0xfe, 0x72, 0x72,
    0x72, 0x22, 0x9d, 0x88, 0xc1, 0xa5, 0x88, 0x8c, 0x98, 0xfe, 0xb4, 0xba, 0xb8, 0xfe, 0xd0, 0x96,
    0xaa, 0x27, 0xad, 0x15, 0x61, 0xc3, 0x5e, 0xfe, 0xaf, 0x59, 0x76, 0x0e, 0xfe, 0x98, 0xa0, 0x9e,
    0xfe, 0x78, 0x76, 0x76, 0x22, 0x35, 0xc1, 0x13, 0x95, 0x88, 0xfe, 0x99, 0x99, 0x99, 0x20, 0x04,
    0x55, 0x1b, 0xfe, 0xff, 0xff, 0xff, 0xfe, 0xbd, 0xbd, 0xbd, 0x35, 0xc0, 0x10, 0x26, 0xfe, 0xbe,
    0xbe, 0xbe, 0x38, 0x35, 0xfe, 0x92, 0x92, 0x92, 0x26, 0xfe, 0xdd, 0xdd, 0xdd, 0xfe, 0x19, 0x19,
    0x19, 0x35, 0xfe, 0x81, 0x81, 0x81, 0x26, 0x2b, 0x2c, 0x35, 0x3d, 0x26, 0x2b, 0x0c, 0x35, 0xfe,
    0x53, 0x53, 0x53, 0x26, 0xc0, 0xfe, 0x44, 0x44, 0x44, 0x35, 0xfe, 0x41, 0x41, 0x41, 0x26, 0xc0,
    0xfe, 0x4e, 0x4e, 0x4e, 0x35, 0xfe, 0x3d, 0x3d, 0x3d, 0xfe, 0xed, 0xed, 0xed, 0x26, 0x32, 0x35,
    0xbd, 0x88, 0x3e, 0x26, 0xfe, 0x80, 0x80, 0x80, 0xfe, 0x00, 0x00, 0x00, 0x1d, 0xfe, 0xe2, 0xe2,
    0xe2, 0x26, 0x29, 0x35, 0xb2, 0x88, 0xfe, 0xc2, 0xc2, 0xc2, 0x26, 0x14, 0x35, 0xc0, 0x17, 0x26,
    0x2a, 0x35, 0xc0, 0x09, 0x26, 0x0f, 0x30, 0x35, 0x1e, 0x26, 0x87, 0x88, 0x30, 0x35, 0xfe, 0x7e,
    0x7e, 0x7e, 0x26, 0x2f, 0xfe, 0x22, 0x22, 0x22, 0x35, 0xfe, 0x6d, 0x6d, 0x6d, 0x26, 0x93, 0x88,
    0x04, 0x35, 0xfe, 0x4a, 0x4a, 0x4a, 0x26, 0xc0, 0xfe, 0x42, 0x42, 0x42, 0x35, 0xfe, 0x45, 0x45,
    0x45, 0x26, 0xc0, 0x05, 0xfe, 0x85, 0x85, 0x85, 0x98, 0x88, 0xa4, 0x88, 0x55, 0xc1, 0x22, 0x93,
    0x8a, 0xfe, 0x9e, 0x9f, 0x99, 0xfe, 0xc0, 0xbb, 0xd9, 0xfe, 0x74, 0x68, 0xac, 0xaa, 0x62, 0x6b,
    0xc3, 0xa2, 0x76, 0x3c, 0x34, 0xfe, 0xb8, 0xba, 0xb4, 0xfe, 0x71, 0x71, 0x72, 0x00, 0x35, 0xc0,
    0x04, 0x08, 0x1e, 0xfe, 0xcd, 0xcd, 0xcd, 0x8f, 0x88, 0xfe, 0x1e, 0x1e, 0x1e, 0x82, 0x88, 0x7f,
    0x35, 0xc2, 0x04, 0x35, 0x30, 0xfe, 0xe1, 0xe1, 0xe1, 0xfe, 0xb8, 0xb8, 0xb8, 0x32, 0xaf, 0x88,
    0x40, 0xc1, 0x00, 0x8c, 0x98, 0x3b, 0xfe, 0xd0, 0x96, 0xaa, 0x27, 0xad, 0x15, 0x61, 0xc3, 0x5e,
    0xfe, 0xaf, 0x59, 0x76, 0x0e, 0xfe, 0x98, 0xa0, 0x9e, 0x25, 0x22, 0x35, 0xc1, 0x13, 0x2e, 0xfe,
    0x99, 0x99, 0x99, 0x20, 0x04, 0x55, 0xfe, 0xba, 0xba, 0xba, 0x26, 0xfe, 0xbd, 0xbd, 0xbd, 0x35,
    0xc0, 0x10, 0x26, 0xfe, 0xbe, 0xbe, 0xbe, 0xfe, 0x0d, 0x0d, 0x0d, 0x35, 0xfe, 0x92, 0x92, 0x92,
    0x26, 0xfe, 0xdd, 0xdd, 0xdd, 0xfe, 0x19, 0x19, 0x19, 0x35, 0xfe, 0x81, 0x81, 0x81, 0x26, 0x8b,
    0x88, 0x2c, 0x35, 0xfe, 0x78, 0x78, 0x78, 0x26, 0x2b, 0x0c, 0x35, 0x12, 0x26, 0xc0, 0xfe, 0x44,
    0x44, 0x44, 0x35, 0xfe, 0x41, 0x41, 0x41, 0x26, 0xc0, 0xfe, 0x4e, 0x4e, 0x4e, 0x35, 0xfe, 0x3d,
    0x3d, 0x3d, 0xfe, 0xed, 0xed, 0xed, 0x26, 0x32, 0x35, 0xbd, 0x88, 0x3e, 0x26, 0xfe, 0x80, 0x80,
    0x80, 0xfe, 0x00, 0x00, 0x00, 0x1d, 0xfe, 0xe2, 0xe2, 0xe2, 0x26, 0x29, 0x35, 0xb2, 0x88, 0xfe,
    0xc2, 0xc2, 0xc2, 0x26, 0x14, 0x35, 0xc0, 0x17, 0x26, 0x2a, 0x35, 0xc0, 0x09, 0x26, 0x0f, 0x30,
    0x35, 0x1e, 0x26, 0x87, 0x88, 0x30, 0x35, 0xfe, 0x7e, 0x7e, 0x7e, 0x26, 0x2f, 0xfe, 0x22, 0x22,
    0x22, 0x35, 0xfe, 0x6d, 0x6d, 0x6d, 0x26, 0x23, 0x04, 0x35, 0xfe, 0x4a, 0x4a, 0x4a, 0x26, 0xc0,
    0xfe, 0x42, 0x42, 0x42, 0x35, 0xfe, 0x45, 0x45, 0x45, 0x26, 0xc0, 0x05, 0xfe, 0x85, 0x85, 0x85,
    0x98, 0x88, 0xa4, 0x88, 0x55, 0xc1, 0x22, 0x2d, 0x19, 0xfe, 0xc0, 0xbb, 0xd9, 0x0d, 0xaa, 0x62,
    0x3a, 0xc3, 0xa2, 0x76, 0x3c, 0x34, 0xfe, 0xb8, 0xba, 0xb4, 0xfe, 0x71, 0x71, 0x72, 0x00, 0x35,
    0xc0, 0x04, 0x08, 0xb2, 0x88, 0xfe, 0xce, 0xce, 0xce, 0x86, 0x88, 0xfe, 0x20, 0x20, 0x20, 0x80,
    0x88, 0x7f, 0x35, 0xc2, 0x04, 0x35, 0x3f, 0xfe, 0xdb, 0xdb, 0xdb, 0x87, 0x88, 0x2e, 0xaa, 0x88,
    0x55, 0xc1, 0x00, 0x8c, 0x98, 0x3b, 0xfe, 0xd0, 0x96, 0xaa, 0x27, 0xad, 0x15, 0x61, 0xc3, 0x5e,
    0xfe, 0xaf, 0x59, 0x76, 0x0e, 0xfe, 0x98, 0xa0, 0x9e, 0x25, 0x22, 0x35, 0xc1, 0xa2, 0x88, 0x2e,
    0xfe, 0x99, 0x99, 0x99, 0x20, 0xfe, 0x01, 0x01, 0x01, 0x55, 0xfe, 0xba, 0xba, 0xba, 0x26, 0xfe,
    0xbd, 0xbd, 0xbd, 0x35, 0xc0, 0x10, 0x26, 0xfe, 0xbe, 0xbe, 0xbe, 0x38, 0x35, 0xfe, 0x92, 0x92,
    0x92, 0x26, 0xfe, 0xdd, 0xdd, 0xdd, 0xfe, 0x19, 0x19, 0x19, 0x35, 0xfe, 0x81, 0x81, 0x81, 0x26,
    0x8b, 0x88, 0x2c, 0x35, 0x3d, 0x26, 0x2b, 0x0c, 0x35, 0x12, 0x26, 0xc0, 0xfe, 0x44, 0x44, 0x44,
    0x35, 0xfe, 0x41, 0x41, 0x41, 0x26, 0xc0, 0xfe, 0x4e, 0x4e, 0x4e, 0x35, 0xfe, 0x3d, 0x3d, 0x3d,
    0xfe, 0xed, 0xed, 0xed, 0x26, 0x32, 0x35, 0xbd, 0x88, 0x3e, 0x26, 0xfe, 0x80, 0x80, 0x80, 0xfe,
    0x00, 0x00, 0x00, 0x1d, 0xfe, 0xe2, 0xe2, 0xe2, 0x26, 0x29, 0x35, 0xb2, 0x88, 0xfe, 0xc2, 0xc2,
    0xc2, 0x26, 0x14, 0x35, 0xc0, 0x17, 0x26, 0x2a, 0x35, 0xc0, 0x09, 0x26, 0x0f, 0x30, 0x35, 0x1e,
    0x26, 0x87, 0x88, 0x30, 0x35, 0xfe, 0x7e, 0x7e, 0x7e, 0x26, 0x2f, 0xfe, 0x22, 0x22, 0x22, 0x35,
    0xfe, 0x6d, 0x6d, 0x6d, 0x26, 0x23, 0x04, 0x35, 0xfe, 0x4a, 0x4a, 0x4a, 0x26, 0xc0, 0xfe, 0x42,
    0x42, 0x42, 0x35, 0xfe, 0x45, 0x45, 0x45, 0x26, 0xc0, 0x05, 0xfe, 0x85, 0x85, 0x85, 0x98, 0x88,
    0xa4, 0x88, 0x55, 0xc1, 0x22, 0x2d, 0x19, 0xfe, 0xc0, 0xbb, 0xd9, 0x0d, 0xaa, 0x62, 0x3a, 0xc3,
    0xa2, 0x76, 0x3c, 0x34, 0xfe, 0xb8, 0xba, 0xb4, 0xfe, 0x71, 0x71, 0x72, 0x00, 0x35, 0xc1, 0x9c,
    0x88, 0xfe, 0x9c, 0x9c, 0x9c, 0xfe, 0xc4, 0xc4, 0xc4, 0x8f, 0x88, 0x15, 0x80, 0x88, 0x7f, 0x35,
    0xc2, 0x04, 0x35, 0xba, 0x88, 0xfe, 0xd0, 0xd0, 0xd0, 0x97, 0x88, 0x08, 0xa3, 0x88, 0xc2, 0x00,
    0x8c, 0x98, 0xfe, 0xb4, 0xba, 0xb8, 0xfe, 0xd0, 0x96, 0xaa, 0x27, 0xad, 0x15, 0x61, 0xc3, 0x5e,
    0xfe, 0xaf, 0x59, 0x76, 0x0e, 0xfe, 0x98, 0xa0, 0x9e, 0xfe, 0x78, 0x76, 0x76, 0x22, 0x35, 0xc1,
    0xa2, 0x88, 0x2e, 0xfe, 0x99, 0x99, 0x99, 0x20, 0x04, 0x55, 0xfe, 0xba, 0xba, 0xba, 0x26, 0xfe,
    0xbd, 0xbd, 0xbd, 0x35, 0xc0, 0x10, 0x26, 0xfe, 0xbe, 0xbe, 0xbe, 0x38, 0x35, 0xfe, 0x92, 0x92,
    0x92, 0x26, 0xfe, 0xdd, 0xdd, 0xdd, 0xfe, 0x19, 0x19, 0x19, 0x35, 0xfe, 0x81, 0x81, 0x81, 0x26,
    0x8b, 0x88, 0x2c, 0x35, 0x3d, 0x26, 0x2b, 0x0c, 0x35, 0x12, 0x26, 0xc0, 0xfe, 0x44, 0x44, 0x44,
    0x35, 0xfe, 0x41, 0x41, 0x41, 0x26, 0xc0, 0xfe, 0x4e, 0x4e, 0x4e, 0x35, 0xfe, 0x3d, 0x3d, 0x3d,
    0xfe, 0xed, 0xed, 0xed, 0x26, 0xfe, 0x73, 0x73, 0x73, 0x35, 0xbd, 0x88, 0x3e, 0x26, 0xfe, 0x80,
    0x80, 0x80, 0xfe, 0x00, 0x00, 0x00, 0x1d, 0xfe, 0xe2, 0xe2, 0xe2, 0x26, 0x29, 0x35, 0xb2, 0x88,
    0xfe, 0xc2, 0xc2, 0xc2, 0x26, 0x14, 0x35, 0xc0, 0x17, 0x26, 0x2a, 0x35, 0xc0, 0x09, 0x26, 0x0f,
    0x30, 0x35, 0xfe, 0x87, 0x87, 0x87, 0x26, 0x87, 0x88, 0x30, 0x35, 0xfe, 0x7e, 0x7e, 0x7e, 0x26,
    0x2f, 0xfe, 0x22, 0x22, 0x22, 0x35, 0xfe, 0x6d, 0x6d, 0x6d, 0x26, 0x23, 0x04, 0x35, 0xfe, 0x4a,
    0x4a, 0x4a, 0x26, 0xc0, 0xfe, 0x42, 0x42, 0x42, 0x35, 0xfe, 0x45, 0x45, 0x45, 0x26, 0xc0, 0x05,
    0xfe, 0x85, 0x85, 0x85, 0x98, 0x88, 0xa4, 0x88, 0x55, 0xc1, 0x22, 0x2d, 0xfe, 0x9e, 0x9f, 0x99,
    0xfe, 0xc0, 0xbb, 0xd9, 0x0d, 0xaa, 0x62, 0x3a, 0xc3, 0xa2, 0x76, 0x3c, 0x34, 0xfe, 0xb8, 0xba,
    0xb4, 0xfe, 0x71, 0x71, 0x72, 0x00, 0x35, 0xc0, 0x04, 0x9a, 0x88, 0xfe, 0xa9, 0xa9, 0xa9, 0xad,
    0x88, 0x9d, 0x88, 0xfe, 0x21, 0x21, 0x21, 0xfe, 0x00, 0x00, 0x00, 0x7f, 0x35, 0xc0, 0xa3, 0x88,
    0xc0, 0x7f, 0x22, 0x15, 0xfe, 0xc0, 0xc0, 0xc0, 0x1a, 0xfe, 0x84, 0x84, 0x84, 0x17, 0xa3, 0x88,
    0x55, 0xc0, 0xa5, 0x78, 0x8c, 0xa8, 0x3b, 0xfe, 0xd0, 0x96, 0xaa, 0x27, 0xad, 0x15, 0x61, 0xc3,
    0x5e, 0xfe, 0xaf, 0x59, 0x76, 0x0e, 0xfe, 0x98, 0xa0, 0x9d, 0x25, 0xad, 0x58, 0x35, 0xc1, 0xa2,
    0x88, 0x2e, 0xfe, 0x99, 0x99, 0x99, 0xac, 0x98, 0xfe, 0x04, 0x00, 0x01, 0x5a, 0xfe, 0xbb, 0xb8,
    0xb9, 0xfe, 0xff, 0xfc, 0xfd, 0xfe, 0xbe, 0xba, 0xbc, 0x05, 0xc0, 0xfe, 0xb6, 0xb2, 0xb4, 0x09,
    0xfe, 0xbf, 0xbc, 0xbd, 0xfe, 0x10, 0x0d, 0x0e, 0x05, 0xfe, 0x93, 0x90, 0x91, 0xfe, 0xfe, 0xfc,
    0xfd, 0xfe, 0xdd, 0xda, 0xdb, 0xfe, 0x1b, 0x19, 0x1a, 0x05, 0xfe, 0x82, 0x7f, 0x80, 0x06, 0x8b,
    0x88, 0x39, 0x87, 0x88, 0xfe, 0x79, 0x76, 0x77, 0xfe, 0xfe, 0xfc, 0xfc, 0x0b, 0xfe, 0x3a, 0x38,
    0x39, 0x02, 0xfe, 0x54, 0x52, 0x53, 0xfe, 0xfd, 0xfc, 0xfc, 0xc0, 0xfe, 0x45, 0x43, 0x44, 0x02,
    0xfe, 0x42, 0x40, 0x41, 0x3c, 0xc0, 0xfe, 0x4e, 0x4d, 0x4d, 0xfe, 0x01, 0x00, 0x00, 0xfe, 0x3d,
    0x3c, 0x3d, 0xfe, 0xeb, 0xea, 0xea, 0x3c, 0xfe, 0x72, 0x71, 0x72, 0x38, 0xbd, 0x88, 0xfe, 0xe5,
    0xe4, 0xe4, 0xb8, 0x78, 0xfe, 0x7f, 0x7e, 0x7e, 0x38, 0x1d, 0xfe, 0xdf, 0xdf, 0xdf, 0x39, 0xfe,
    0x8b, 0x8a, 0x8a, 0xfe, 0x00, 0x00, 0x00, 0xb2, 0x88, 0xfe, 0xc0, 0xbf, 0xbf, 0x39, 0xfe, 0xaf,
    0xae, 0xae, 0x35, 0xc0, 0xfe, 0xbc, 0xbb, 0xbc, 0x39, 0xfe, 0xb9, 0xb9, 0xb9, 0xfe, 0x01, 0x01,
    0x01, 0xc0, 0xfe, 0xaa, 0xaa, 0xaa, 0x39, 0xfe, 0xc4, 0xc4, 0xc4, 0x30, 0x04, 0xfe, 0x86, 0x86,
    0x86, 0x39, 0x11, 0x30, 0x04, 0xfe, 0x7d, 0x7d, 0x7d, 0x39, 0x11, 0xfe, 0x22, 0x22, 0x22, 0x04,
    0xfe, 0x6c, 0x6c, 0x6c, 0x39, 0x94, 0x88, 0xfe, 0x41, 0x41, 0x41, 0xfe, 0x01, 0x01, 0x01, 0xfe,
    0x4a, 0x4a, 0x4a, 0x39, 0xc0, 0xfe, 0x42, 0x42, 0x42, 0x04, 0xfe, 0x45, 0x45, 0x45, 0xfe, 0xfd,
    0xfd, 0xfd, 0x39, 0x93, 0x88, 0xfe, 0x85, 0x85, 0x85, 0x98, 0x88, 0xa4, 0x88, 0x55, 0xc1, 0xa3,
    0x87, 0x2d, 0xfe, 0x9d, 0x9f, 0x98, 0xfe, 0xc0, 0xbc, 0xd9, 0xfe, 0x74, 0x68, 0xac, 0xaa, 0x62,
    0x3a, 0xc3, 0x07, 0x94, 0xad, 0xfe, 0xa8, 0xa1, 0xce, 0xfe, 0xb8, 0xb9, 0xb4, 0xfe, 0x71, 0x71,
    0x72, 0xb4, 0x86, 0x35, 0xc0, 0xa2, 0x88, 0x97, 0x88, 0xfe, 0xba, 0xba, 0xba, 0x20, 0x32, 0xfe,
    0x24, 0x24, 0x24, 0x22, 0x7f, 0x22, 0xc0, 0x9d, 0x88, 0xc2, 0xb3, 0x88, 0xfe, 0xb0, 0xb0, 0xb0,
    0xb9, 0x88, 0xfe, 0x8c, 0x8c, 0x8c, 0x8c, 0x88, 0xa4, 0x88, 0xc0, 0x55, 0xa5, 0x88, 0x8b, 0x9a,
    0xfe, 0xb1, 0xb8, 0xb6, 0xfe, 0xd1, 0x96, 0xaa, 0x27, 0xad, 0x15, 0x61, 0xc3, 0x5a, 0xfe, 0xb0,
    0x59, 0x76, 0xfe, 0xda, 0xb5, 0xc2, 0xfe, 0x94, 0x9e, 0x9a, 0xfe, 0x73, 0x71, 0x71, 0xad, 0x68,
    0x39, 0xc1, 0x17, 0x94, 0x88, 0xfe, 0x96, 0x96, 0x96, 0xaf, 0x36, 0xfe, 0x00, 0x01, 0x00, 0x66,
    0xfe, 0xb6, 0xc2, 0xbe, 0xfe, 0xff, 0xff, 0xff, 0xfe, 0xb9, 0xc6, 0xc2, 0x35, 0xc0, 0xfe, 0xb2,
    0xbf, 0xba, 0x26, 0xfe, 0xbb, 0xc7, 0xc3, 0xfe, 0x02, 0x0d, 0x0a, 0x35, 0xfe, 0x8e, 0x99, 0x96,
    0x26, 0xfe, 0xde, 0xe9, 0xe5, 0xfe, 0x10, 0x1a, 0x17, 0x35, 0xfe, 0x7d, 0x88, 0x84, 0x26, 0x96,
    0x06, 0xfe, 0x10, 0x1a, 0x16, 0x35, 0xfe, 0x75, 0x7e, 0x7b, 0x26, 0xfe, 0xed, 0xf6, 0xf3, 0xfe,
    0x34, 0x3c, 0x39, 0x35, 0xfe, 0x50, 0x58, 0x55, 0x26, 0xc0, 0xfe, 0x41, 0x48, 0x45, 0x35, 0xfe,
    0x3e, 0x44, 0x43, 0x26, 0xc0, 0xfe, 0x4c, 0x53, 0x50, 0x35, 0xfe, 0x3c, 0x41, 0x3f, 0xfe, 0xf5,
    0xf9, 0xf7, 0x26, 0xfe, 0x75, 0x7a, 0x78, 0x35, 0xbf, 0x36, 0xfe, 0xef, 0xf3, 0xf1, 0x26, 0xfe,
    0x84, 0x87, 0x86, 0x35, 0xba, 0x57, 0xfe, 0xed, 0xef, 0xee, 0x26, 0xfe, 0x92, 0x94, 0x93, 0x35,
    0xb3, 0x78, 0xfe, 0xca, 0xcc, 0xcb, 0x26, 0xfe, 0xba, 0xbc, 0xbb, 0x35, 0xc0, 0xfe, 0xc7, 0xc8,
    0xc8, 0x26, 0xfe, 0xc4, 0xc4, 0xc4, 0x35, 0xc0, 0xfe, 0xb2, 0xb2, 0xb2, 0x26, 0xfe, 0xce, 0xce,
    0xce, 0x12, 0x35, 0xfe, 0x8b, 0x8b, 0x8b, 0x26, 0x91, 0x88, 0x12, 0x35, 0xfe, 0x82, 0x82, 0x82,
    0x26, 0x90, 0x88, 0x15, 0x35, 0xfe, 0x6f, 0x6f, 0x6f, 0x26, 0x9c, 0x88, 0xfe, 0x42, 0x42, 0x42,
    0x35, 0xfe, 0x4a, 0x4a, 0x4a, 0x26, 0xc0, 0x13, 0x35, 0xfe, 0x46, 0x46, 0x46, 0x26, 0xc0, 0x95,
    0x88, 0xfe, 0x82, 0x82, 0x82, 0x97, 0x88, 0xa4, 0x88, 0x39, 0xc1, 0x17, 0x93, 0x8a, 0xfe, 0x9a,
    0x9c, 0x94, 0x10, 0xfe, 0x74, 0x69, 0xad, 0x33, 0x6b, 0xc3, 0x7e, 0x95, 0x9d, 0xfe, 0xa9, 0xa1,
    0xcf, 0xfe, 0xb6, 0xb7, 0xb1, 0xfe, 0x6c, 0x6b, 0x6c, 0xb5, 0x77, 0x39, 0xc1, 0x0c, 0xfe, 0xc2,
    0xc2, 0xc2, 0xfe, 0x93, 0x93, 0x93, 0xbd, 0x88, 0xfe, 0x16, 0x16, 0x16, 0x8a, 0x88, 0xc2, 0xfe,
    0x41, 0x41, 0x41, 0xc2, 0xb2, 0x88, 0xfe, 0xdc, 0xdc, 0xdc, 0x26, 0x92, 0x88, 0xa4, 0x88, 0xc0,
    0x55, 0xc0, 0x10, 0x9c, 0x99, 0xad, 0x47, 0xfe, 0xc8, 0x8d, 0xa1, 0xfe, 0xaf, 0x5a, 0x76, 0xab,
    0x27, 0x50, 0xc3, 0x0a, 0x92, 0xfa, 0xfe, 0xda, 0xb2, 0xc0, 0xfe, 0xfa, 0xff, 0xfd, 0x92, 0xfa,
    0x10, 0x01, 0xc1, 0x10, 0x9c, 0x98, 0xaa, 0x88, 0xfe, 0xbd, 0xa9, 0xaf, 0xfe, 0x41, 0x00, 0x14,
    0xa5, 0x17, 0xfe, 0xc7, 0x8f, 0xa1, 0xfe, 0xfe, 0xc4, 0xd8, 0xfe, 0xc8, 0x95, 0xa7, 0xfe, 0x3b,
    0x03, 0x16, 0xc0, 0xfe, 0xc2, 0x90, 0xa1, 0xfe, 0xfa, 0xc4, 0xd6, 0xfe, 0xc5, 0x92, 0xa4, 0xfe,
    0x40, 0x0f, 0x1e, 0x94, 0xaa, 0xfe, 0xa1, 0x73, 0x83, 0xfe, 0xf5, 0xc3, 0xd4, 0x89, 0x47, 0xfe,
    0x46, 0x17, 0x28, 0x8b, 0x87, 0xfe, 0x8f, 0x64, 0x72, 0xfe, 0xf0, 0xc3, 0xd3, 0x8f, 0x67, 0xfe,
    0x3c, 0x16, 0x23, 0x8b, 0xca, 0xfe, 0x84, 0x60, 0x6c, 0xfe, 0xe9, 0xc2, 0xcf, 0x90, 0x68, 0xfe,
    0x52, 0x2f, 0x3b, 0xfe, 0x25, 0x01, 0x0d, 0xfe, 0x61, 0x42, 0x4d, 0xfe, 0xe2, 0xc1, 0xcd, 0x5a,
    0xfe, 0x54, 0x37, 0x41, 0xfe, 0x1e, 0x00, 0x0a, 0xfe, 0x50, 0x35, 0x3e, 0xfe, 0xdc, 0xc1, 0xcb,
    0x55, 0xfe, 0x54, 0x3d, 0x45, 0xfe, 0x18, 0x00, 0x09, 0xfe, 0x47, 0x31, 0x39, 0xfe, 0xc9, 0xb4,
    0xbb, 0xac, 0x79, 0xfe, 0x6c, 0x5b, 0x61, 0xfe, 0x12, 0x00, 0x06, 0xb7, 0x68, 0xfe, 0xbd, 0xae,
    0xb4, 0xb2, 0x99, 0xfe, 0x6f, 0x63, 0x67, 0xfe, 0x0b, 0x00, 0x04, 0xb4, 0x87, 0xfe, 0xb9, 0xae,
    0xb2, 0xb2, 0x78, 0xfe, 0x73, 0x6c, 0x6f, 0xfe, 0x08, 0x00, 0x02, 0xaf, 0x68, 0xfe, 0x98, 0x93,
    0x95, 0xfe, 0xc6, 0xc0, 0xc3, 0xfe, 0x8d, 0x89, 0x8b, 0xfe, 0x03, 0x00, 0x01, 0xc0, 0xfe, 0x91,
    0x8e, 0x8f, 0xfe, 0xc1, 0xbf, 0xc0, 0xfe, 0x90, 0x8f, 0x8f, 0xfe, 0x10, 0x10, 0x10, 0xc0, 0xfe,
    0x93, 0x93, 0x93, 0xfe, 0xd0, 0xd0, 0xd0, 0xfe, 0xa5, 0xa5, 0xa5, 0xfe, 0x20, 0x20, 0x20, 0x8f,
    0x88, 0xfe, 0x76, 0x76, 0x76, 0x25, 0x90, 0x88, 0x15, 0x8e, 0x88, 0xfe, 0x71, 0x71, 0x71, 0x25,
    0x8b, 0x88, 0xfe, 0x29, 0x29, 0x29, 0x16, 0xfe, 0x63, 0x63, 0x63, 0xfe, 0xcf, 0xcf, 0xcf, 0x96,
    0x88, 0xfe, 0x43, 0x43, 0x43, 0xfe, 0x0f, 0x0f, 0x0f, 0xfe, 0x46, 0x46, 0x46, 0xfe, 0xcf, 0xcf,
    0xcf, 0x25, 0xfe, 0x42, 0x42, 0x42, 0x07, 0xfe, 0x45, 0x45, 0x45, 0x25, 0x9a, 0x88, 0xfe, 0xeb,
    0xeb, 0xeb, 0x01, 0x7f, 0xc0, 0x01, 0xc1, 0x10, 0x9c, 0x89, 0xad, 0x74, 0xfe, 0xbf, 0xb9, 0xd8,
    0xfe, 0x72, 0x67, 0xaa, 0xad, 0x73, 0x41, 0xc3, 0x11, 0x95, 0x9d, 0xfe, 0xa0, 0x98, 0xc6, 0xfe,
    0xfe, 0xfe, 0xfb, 0x1e, 0x10, 0xc2, 0x40, 0xa5, 0x88, 0xa3, 0x88, 0x80, 0x88, 0xfe, 0x53, 0x53,
    0x53, 0x8e, 0x88, 0xc2, 0x26, 0xc3, 0x89, 0x88, 0x80, 0x88, 0xb5, 0x88, 0xfe, 0xb8, 0xb8, 0xb8,
    0xa5, 0x88, 0x55, 0xc0, 0xa3, 0x88, 0x94, 0x98, 0xfe, 0xd7, 0xdb, 0xda, 0xfe, 0xcb, 0x91, 0xa5,
    0xfe, 0xae, 0x59, 0x75, 0xac, 0x16, 0x61, 0xc3, 0x6f, 0x94, 0xfa, 0xfe, 0xda, 0xb3, 0xc1, 0xfe,
    0xc9, 0xcd, 0xcb, 0x88, 0xeb, 0xa9, 0x67, 0x39, 0xc1, 0xa2, 0x68, 0x98, 0xfa, 0xfe, 0xbe, 0xc9,
    0xc6, 0xfe, 0xf9, 0xa8, 0xc5, 0xfe, 0xff, 0x04, 0x57, 0xfe, 0xff, 0x13, 0x66, 0xfe, 0xfc, 0x05,
    0x59, 0xa0, 0x36, 0x6b, 0xa8, 0x46, 0xa0, 0x57, 0x98, 0x56, 0x9e, 0x47, 0xa2, 0x57, 0xa7, 0x47,
    0xa1, 0x36, 0x98, 0x68, 0x9c, 0x46, 0xa0, 0x37, 0xaa, 0x36, 0x9f, 0x47, 0x9b, 0x57, 0x9c, 0x26,
    0x9f, 0x36, 0xa9, 0x47, 0xa0, 0x36, 0x9b, 0x36, 0x9c, 0x25, 0xa0, 0x36, 0xa6, 0x58, 0xa2, 0x26,
    0x9d, 0x36, 0x9b, 0x04, 0xa0, 0x36, 0xa4, 0x69, 0xa1, 0x37, 0x9f, 0x46, 0xfe, 0x6c, 0x00, 0x22,
    0xa0, 0x26, 0xa2, 0x9b, 0xa2, 0x47, 0x9e, 0x26, 0xfe, 0x52, 0x00, 0x18, 0xa0, 0x37, 0xa0, 0x9b,
    0xa3, 0x58, 0x9f, 0x36, 0xfe, 0x3a, 0x00, 0x10, 0xa0, 0x36, 0xa0, 0x8a, 0xa2, 0x6a, 0xa0, 0x46,
    0xfe, 0x22, 0x00, 0x07, 0x49, 0xa0, 0x7a, 0xa1, 0x9b, 0xa0, 0x37, 0xfe, 0x11, 0x00, 0x01, 0xa0,
    0x37, 0x5a, 0xa1, 0xcd, 0x9f, 0x69, 0xfe, 0x03, 0x00, 0x00, 0xa0, 0x58, 0xab, 0x98, 0x22, 0x40,
    0x97, 0x88, 0x40, 0x3d, 0xa7, 0x88, 0x7f, 0x9b, 0x88, 0x1f, 0xc0, 0x26, 0x35, 0x2a, 0x1f, 0x7f,
    0x35, 0xc0, 0x9c, 0x88, 0x99, 0x88, 0xc0, 0xa9, 0x88, 0x35, 0x17, 0x1f, 0xc0, 0x17, 0x35, 0x9d,
    0x88, 0x9d, 0x88, 0x8b, 0x88, 0xfe, 0xb5, 0xb5, 0xb5, 0xb4, 0x88, 0x8e, 0x88, 0xa7, 0x88, 0x40,
    0xc1, 0x17, 0x98, 0x89, 0xb6, 0x74, 0xfe, 0xc0, 0xba, 0xd9, 0xfe, 0x73, 0x68, 0xab, 0xab, 0x73,
    0x3a, 0xc3, 0xa2, 0x76, 0x03, 0xfe, 0xa3, 0x9c, 0xca, 0xfe, 0xda, 0xda, 0xd7, 0xfe, 0xb3, 0xb3,
    0xb4, 0xac, 0x87, 0x9d, 0x88, 0x17, 0x2e, 0xb8, 0x88, 0x28, 0xfe, 0xb4, 0xb4, 0xb4, 0xfe, 0xec,
    0xec, 0xec, 0xb3, 0x88, 0xc3, 0x9d, 0x88, 0xc1, 0x40, 0xa3, 0x88, 0xfe, 0xcb, 0xcb, 0xcb, 0xfe,
    0x83, 0x83, 0x83, 0xfe, 0xbf, 0xbf, 0xbf, 0xfe, 0x6c, 0x6c, 0x6c, 0xa7, 0x88, 0x55, 0xc0, 0xa6,
    0x88, 0x89, 0x99, 0xfe, 0xab, 0xb3, 0xb0, 0xfe, 0xd1, 0x97, 0xab, 0xfe, 0xad, 0x58, 0x75, 0x00,
    0x61, 0xc3, 0x5e, 0xfe, 0xaf, 0x59, 0x76, 0xfe, 0xda, 0xb4, 0xc1, 0xfe, 0x8d, 0x96, 0x93, 0xfe,
    0x69, 0x67, 0x67, 0xae, 0x68, 0x23, 0xc1, 0xa2, 0x78, 0xfe, 0x6f, 0x68, 0x6b, 0xfe, 0x78, 0x8d,
    0x86, 0xfe, 0xef, 0xa6, 0xc1, 0xfe, 0xfd, 0x05, 0x55, 0xfe, 0xf9, 0x12, 0x62, 0x9b, 0xd9, 0x9f,
    0x67, 0xa2, 0x37, 0x55, 0xa0, 0x46, 0xa1, 0x36, 0x9e, 0x67, 0xa1, 0x46, 0x9f, 0x68, 0xa0, 0x37,
    0x9f, 0x58, 0xa1, 0x35, 0x9f, 0x58, 0xa0, 0x46, 0xa1, 0x36, 0x9e, 0x58, 0xa0, 0x25, 0xa0, 0x58,
    0xa0, 0x25, 0xa0, 0x48, 0xa0, 0x35, 0x9f, 0x36, 0xa0, 0x47, 0xa0, 0x36, 0xa0, 0x36, 0x9f, 0x47,
    0xa0, 0x46, 0x9f, 0x37, 0xa0, 0x37, 0xa0, 0x37, 0x9f, 0x35, 0xa1, 0x26, 0xa0, 0x36, 0x9f, 0x46,
    0xa0, 0x47, 0x9f, 0x37, 0xa1, 0x25, 0xa0, 0x36, 0x9f, 0x48, 0x9f, 0x57, 0xa0, 0x36, 0xa1, 0x26,
    0xa0, 0x35, 0x9f, 0x68, 0x9f, 0x58, 0xa0, 0x35, 0xa1, 0x26, 0xa0, 0x46, 0x46, 0x9e, 0x57, 0xa0,
    0x47, 0xa3, 0x34, 0x9f, 0x47, 0x4a, 0x9e, 0x78, 0x9f, 0x68, 0xa4, 0x25, 0x9e, 0x47, 0xb0, 0x77,
    0xfe, 0x41, 0x41, 0x41, 0x9d, 0x88, 0xc6, 0x7f, 0x17, 0x26, 0xc0, 0x17, 0xc1, 0x26, 0x17, 0xc2,
    0x26, 0x17, 0xc2, 0x26, 0x40, 0xa5, 0x88, 0x8e, 0x88, 0xfe, 0xb4, 0xb4, 0xb4, 0xfe, 0x89, 0x89,
    0x89, 0x81, 0x88, 0xaa, 0x88, 0x40, 0xc1, 0xa3, 0x88, 0x92, 0x8a, 0xfe, 0x93, 0x94, 0x8d, 0xfe,
    0xc0, 0xbb, 0xd9, 0xfe, 0x74, 0x68, 0xac, 0xaa, 0x62, 0x3a, 0xc3, 0xa2, 0x76, 0x94, 0xad, 0xfe,
    0xa9, 0xa2, 0xcf, 0xfe, 0xb0, 0xb2, 0xab, 0xfe, 0x62, 0x61, 0x62, 0xb7, 0x77, 0x99, 0x88, 0x10,
    0x91, 0x88, 0xfe, 0xa5, 0xa5, 0xa5, 0xaa, 0x88, 0xfe, 0x5f, 0x5f, 0x5f, 0xfe, 0xd6, 0xd6, 0xd6,
    0xfe, 0xfd, 0xfd, 0xfd, 0x9d, 0x88, 0xa2, 0x88, 0xc1, 0xa2, 0x88, 0xc1, 0x39, 0x17, 0xfe, 0xd5,
    0xd5, 0xd5, 0xfe, 0x82, 0x82, 0x82, 0xfe, 0xc7, 0xc7, 0xc7, 0xfe, 0x90, 0x90, 0x90, 0x90, 0x88,
    0xa4, 0x88, 0x13, 0xa6, 0x88, 0x8d, 0x98, 0xfe, 0xb6, 0xbc, 0xba, 0xfe, 0xd0, 0x96, 0xaa, 0xfe,
    0xad, 0x58, 0x75, 0xad, 0x15, 0x61, 0xc3, 0x5e, 0xfe, 0xaf, 0x59, 0x76, 0xfe, 0xda, 0xb4, 0xc1,
    0xfe, 0x9b, 0xa2, 0xa1, 0xfe, 0x7b, 0x79, 0x79, 0xad, 0x68, 0x9d, 0x88, 0xc1, 0xa2, 0x78, 0x95,
    0xfa, 0xfe, 0x88, 0x9b, 0x95, 0xfe, 0xf1, 0xa6, 0xc1, 0xfe, 0xfe, 0x05, 0x53, 0xfe, 0xfa, 0x12,
    0x61, 0x9c, 0xb9, 0xa2, 0x36, 0x41, 0x9f, 0x46, 0xa0, 0x56, 0x4f, 0xa1, 0x36, 0x9e, 0x79, 0x9f,
    0x45, 0xa0, 0x47, 0xa1, 0x47, 0xa0, 0x46, 0xa0, 0x47, 0x9e, 0x58, 0x9f, 0x46, 0xa2, 0x36, 0xa0,
    0x47, 0x9f, 0x47, 0x9f, 0x36, 0x9f, 0x47, 0xa1, 0x36, 0xa1, 0x35, 0xa0, 0x27, 0x9d, 0x67, 0xa0,
    0x26, 0x11, 0xa1, 0x36, 0xa0, 0x37, 0x9e, 0x37, 0xa0, 0x25, 0xa0, 0x56, 0xa1, 0x36, 0x9e, 0x48,
    0xa0, 0x26, 0x9f, 0x36, 0xa1, 0x35, 0xa0, 0x48, 0xa0, 0x36, 0x9f, 0x36, 0x9f, 0x38, 0x18, 0xa0,
    0x57, 0xa0, 0x37, 0xa0, 0x35, 0x9f, 0x47, 0xa0, 0x36, 0x4e, 0x9f, 0x59, 0xa0, 0x44, 0x9e, 0x59,
    0xa0, 0x47, 0x4d, 0xa0, 0x58, 0xa0, 0x45, 0x9f, 0x67, 0x9f, 0x58, 0xa2, 0x57, 0x9f, 0x34, 0xaf,
    0x79, 0xfe, 0x41, 0x41, 0x41, 0x9d, 0x88, 0x26, 0xc1, 0x17, 0xc1, 0x26, 0xc0, 0x17, 0xc0, 0x26,
    0xc1, 0x17, 0xc1, 0x26, 0xc0, 0x17, 0xc1, 0x26, 0xc0, 0x17, 0xc0, 0x55, 0xa6, 0x88, 0x8e, 0x88,
    0xfe, 0xb5, 0xb5, 0xb5, 0x83, 0x88, 0x83, 0x88, 0xaa, 0x88, 0x40, 0xc1, 0xa3, 0x88, 0x93, 0x8a,
    0xfe, 0xa1, 0xa2, 0x9c, 0x0b, 0xfe, 0x74, 0x68, 0xac, 0x33, 0x6b, 0xc3, 0x07, 0x94, 0xad, 0xfe,
    0xa8, 0xa1, 0xce, 0xfe, 0xba, 0xbc, 0xb6, 0xfe, 0x75, 0x75, 0x76, 0xb3, 0x86, 0x22, 0xc0, 0x9d,
    0x88, 0xfe, 0xc0, 0xc0, 0xc0, 0x83, 0x88, 0x01, 0xfe, 0xdb, 0xdb, 0xdb, 0xfe, 0xfe, 0xfe, 0xfe,
    0x40, 0x17, 0xc1, 0x7f, 0xc1, 0x40, 0x26, 0xfe, 0xd8, 0xd8, 0xd8, 0xfe, 0x73, 0x73, 0x73, 0xfe,
    0xbf, 0xbf, 0xbf, 0x02, 0xfe, 0x76, 0x76, 0x76, 0xac, 0x88, 0x9d, 0x88, 0x00, 0x8c, 0x98, 0xfe,
    0xb4, 0xba, 0xb8, 0xfe, 0xd0, 0x96, 0xaa, 0xfe, 0xad, 0x58, 0x75, 0xad, 0x15, 0x61, 0xc3, 0x31,
    0xfe, 0xaf, 0x59, 0x76, 0xfe, 0xda, 0xb4, 0xc1, 0xfe, 0x98, 0xa0, 0x9e, 0xfe, 0x78, 0x76, 0x76,
    0x22, 0x9d, 0x88, 0xc1, 0xa2, 0x78, 0x95, 0xfa, 0xfe, 0x85, 0x98, 0x92, 0xfe, 0xf1, 0xa6, 0xc1,
    0xfe, 0xff, 0x05, 0x54, 0xfe, 0xfb, 0x12, 0x62, 0x9b, 0xb9, 0xa0, 0x57, 0x4d, 0xa0, 0x57, 0x9f,
    0x57, 0xa0, 0x57, 0xa0, 0x57, 0x9f, 0x57, 0xa0, 0x57, 0xa0, 0x47, 0xa0, 0x47, 0x9f, 0x46, 0xa1,
    0x36, 0x9f, 0x58, 0x9f, 0x47, 0xa1, 0x35, 0x9f, 0x57, 0xa0, 0x37, 0xa0, 0x26, 0xa0, 0x46, 0x9f,
    0x47, 0x9f, 0x48, 0xa0, 0x36, 0xa0, 0x36, 0xa0, 0x45, 0xa0, 0x27, 0x9f, 0x57, 0xa0, 0x25, 0xa0,
    0x37, 0xa0, 0x26, 0x9f, 0x58, 0xa0, 0x25, 0x9f, 0x47, 0xa1, 0x36, 0x9f, 0x36, 0xa0, 0x38, 0x9f,
    0x46, 0xa0, 0x46, 0xa1, 0x25, 0x9e, 0x48, 0xa0, 0x46, 0xa1, 0x26, 0x9f, 0x58, 0xa0, 0x45, 0xa0,
    0x37, 0x9f, 0x58, 0xa1, 0x35, 0x9f, 0x48, 0xa0, 0x55, 0xa0, 0x37, 0x9f, 0x69, 0xa0, 0x55, 0xa0,
    0x57, 0xa0, 0x58, 0x9f, 0x67, 0xa0, 0x58, 0x4d, 0x9f, 0x34, 0xb0, 0x58, 0xfe, 0x41, 0x41, 0x41,
    0x9d, 0x88, 0xd8, 0x55, 0xa5, 0x88, 0x8e, 0x88, 0xfe, 0xb5, 0xb5, 0xb5, 0x80, 0x88, 0x83, 0x88,
    0xaa, 0x88, 0x40, 0xc1, 0xa3, 0x88, 0x93, 0x8a, 0xfe, 0x9e, 0x9f, 0x99, 0xfe, 0xc0, 0xbb, 0xd9,
    0xfe, 0x74, 0x68, 0xac, 0xaa, 0x62, 0x6b, 0xc3, 0x07, 0x94, 0xad, 0xfe, 0xa8, 0xa1, 0xce, 0xfe,
    0xb8, 0xba, 0xb4, 0xfe, 0x71, 0x71, 0x72, 0xb3, 0x87, 0x9d, 0x88, 0x9c, 0x88, 0x31, 0xfe, 0xcb,
    0xcb, 0xcb, 0xfe, 0x8b, 0x8b, 0x8b, 0x8c, 0x88, 0xfe, 0xd8, 0xd8, 0xd8, 0xfe, 0xff, 0xff, 0xff,
    0x40, 0x26, 0xc4, 0x08, 0x26, 0xfe, 0xda, 0xda, 0xda, 0xfe, 0x6e, 0x6e, 0x6e, 0xfe, 0xae, 0xae,
    0xae, 0xa8, 0x88, 0x2e, 0x13, 0x9d, 0x88, 0xa6, 0x78, 0x8c, 0xa8, 0xfe, 0xb4, 0xba, 0xb8, 0xfe,
    0xd0, 0x96, 0xaa, 0xfe, 0xad, 0x58, 0x75, 0xad, 0x15, 0x61, 0xc3, 0x5e, 0xfe, 0xaf, 0x59, 0x76,
    0xfe, 0xda, 0xb4, 0xc1, 0xfe, 0x98, 0xa0, 0x9e, 0x25, 0x22, 0x35, 0xc1, 0xa2, 0x78, 0x95, 0xfa,
    0xfe, 0x85, 0x98, 0x92, 0xfe, 0xf1, 0xa7, 0xc1, 0xfe, 0xff, 0x04, 0x54, 0xfe, 0xfb, 0x12, 0x62,
    0x9b, 0xb9, 0x4c, 0x9f, 0x69, 0xa0, 0x57, 0xa0, 0x57, 0xa0, 0x46, 0x9f, 0x68, 0xa1, 0x36, 0x9f,
    0x57, 0xa0, 0x47, 0xa0, 0x46, 0x9f, 0x67, 0xa0, 0x37, 0xa0, 0x47, 0xa0, 0x46, 0x9f, 0x38, 0xa1,
    0x34, 0x9f, 0x58, 0xa0, 0x26, 0x9f, 0x48, 0xa1, 0x45, 0x9e, 0x47, 0xa0, 0x37, 0xa1, 0x34, 0x9f,
    0x48, 0xa0, 0x26, 0xa0, 0x36, 0x9f, 0x48, 0xa0, 0x36, 0x9f, 0x45, 0xa1, 0x26, 0xa0, 0x27, 0x9e,
    0x57, 0xa1, 0x15, 0xa0, 0x57, 0x9f, 0x37, 0x9f, 0x47, 0xa0, 0x37, 0xa1, 0x34, 0x9f, 0x37, 0xa0,
    0x57, 0xa0, 0x26, 0x9f, 0x47, 0xa0, 0x57, 0x9f, 0x47, 0xa1, 0x25, 0xa0, 0x47, 0x9f, 0x67, 0x9f,
    0x58, 0xa0, 0x46, 0xa0, 0x57, 0xa1, 0x36, 0x9f, 0x68, 0xa0, 0x56, 0x9f, 0x58, 0xa1, 0x45, 0xa0,
    0x6a, 0x9f, 0x33, 0xb0, 0x68, 0xfe, 0x41, 0x41, 0x41, 0x9d, 0x88, 0xd8, 0x55, 0xa5, 0x88, 0x05,
    0xfe, 0xb5, 0xb5, 0xb5, 0x80, 0x88, 0x83, 0x88, 0xaa, 0x88, 0x35, 0xc1, 0xa3, 0x88, 0x93, 0x8a,
    0xfe, 0x9e, 0x9f, 0x99, 0x0b, 0x0d, 0xaa, 0x62, 0x6b, 0xc3, 0xa2, 0x76, 0x94, 0xad, 0xfe, 0xa8,
    0xa1, 0xce, 0xfe, 0xb8, 0xba, 0xb4, 0xfe, 0x71, 0x71, 0x72, 0xb4, 0x86, 0x9c, 0x89, 0x9a, 0x88,
    0xbb, 0x88, 0xfe, 0xc8, 0xc8, 0xc8, 0xfe, 0x7c, 0x7c, 0x7c, 0x2a, 0xfe, 0xd7, 0xd7, 0xd7, 0xfe,
    0xff, 0xff, 0xff, 0x40, 0x26, 0xc4, 0x08, 0x26, 0x1d, 0xfe, 0x75, 0x75, 0x75, 0xbc, 0x88, 0xfe,
    0xc5, 0xc5, 0xc5, 0x04, 0x40, 0x04, 0xa3, 0x88, 0x8d, 0x98, 0xfe, 0xb4, 0xba, 0xb8, 0xfe, 0xd0,
    0x96, 0xaa, 0xfe, 0xad, 0x58, 0x75, 0xad, 0x15, 0x61, 0xc3, 0x5e, 0xfe, 0xaf, 0x59, 0x76, 0xfe,
    0xda, 0xb4, 0xc1, 0xfe, 0x98, 0xa0, 0x9e, 0x25, 0x22, 0x35, 0xc1, 0xa2, 0x78, 0x95, 0xfa, 0xfe,
    0x85, 0x98, 0x92, 0xfe, 0xf1, 0xa6, 0xc1, 0xfe, 0xff, 0x05, 0x55, 0xfe, 0xfb, 0x12, 0x62, 0x9a,
    0xd9, 0xa1, 0x36, 0x4e, 0xa0, 0x57, 0x9f, 0x67, 0xa0, 0x48, 0x9f, 0x57, 0x4c, 0x1a, 0x0a, 0x9f,
    0x57, 0xa1, 0x26, 0x9f, 0x57, 0xa0, 0x46, 0xa0, 0x37, 0xa0, 0x45, 0x9f, 0x48, 0xa0, 0x36, 0x9f,
    0x58, 0xa0, 0x36, 0xa1, 0x25, 0x9f, 0x48, 0xa0, 0x36, 0xa0, 0x36, 0x9f, 0x46, 0xa0, 0x27, 0x9f,
    0x48, 0xa1, 0x35, 0x9f, 0x47, 0x15, 0x9f, 0x57, 0xa0, 0x37, 0xa0, 0x25, 0x9f, 0x48, 0xa1, 0x25,
    0x9f, 0x47, 0xa0, 0x25, 0x9f, 0x69, 0xa0, 0x26, 0xa0, 0x45, 0x18, 0x9f, 0x48, 0xa0, 0x45, 0xa0,
    0x46, 0xa0, 0x37, 0x9f, 0x57, 0xa0, 0x47, 0xa0, 0x37, 0xa0, 0x56, 0xa0, 0x37, 0xa0, 0x56, 0x9f,
    0x57, 0xa0, 0x57, 0x4a, 0xa0, 0x57, 0x9f, 0x57, 0x4e, 0x9f, 0x34, 0xaf, 0x79, 0xfe, 0x41, 0x40,
    0x41, 0x9e, 0x77, 0xd8, 0x55, 0xa5, 0x88, 0x05, 0xfe, 0xb5, 0xb5, 0xb5, 0x30, 0x83, 0x88, 0xaa,
    0x88, 0x40, 0xc1, 0x22, 0x93, 0x8a, 0x19, 0xfe, 0xc0, 0xbb, 0xd9, 0xfe, 0x74, 0x68, 0xac, 0xaa,
    0x62, 0x6b, 0xc3, 0x07, 0x94, 0xad, 0xfe, 0xa8, 0xa1, 0xce, 0xfe, 0xb8, 0xba, 0xb4, 0xfe, 0x71,
    0x71, 0x72, 0xb4, 0x87, 0x9c, 0x88, 0x96, 0x88, 0xfe, 0xb2, 0xb2, 0xb2, 0x9d, 0x88, 0xfe, 0x7a,
    0x7a, 0x7a, 0xc0, 0xfe, 0xd7, 0xd7, 0xd7, 0xfe, 0xff, 0xff, 0xff, 0x40, 0x26, 0xc4, 0x08, 0x26,
    0x0e, 0x1b, 0xa3, 0x88, 0xfe, 0xcb, 0xcb, 0xcb, 0xfe, 0x90, 0x90, 0x90, 0x8b, 0x88, 0x04, 0xa3,
    0x88, 0x8d, 0x98, 0xfe, 0xb4, 0xba, 0xb8, 0xfe, 0xd0, 0x96, 0xaa, 0xfe, 0xad, 0x58, 0x75, 0xad,
    0x15, 0x61, 0xc3, 0x5e, 0xfe, 0xaf, 0x59, 0x76, 0xfe, 0xda, 0xb4, 0xc1, 0xfe, 0x98, 0xa0, 0x9e,
    0xfe, 0x78, 0x76, 0x76, 0x22, 0x35, 0xc1, 0xa2, 0x78, 0x95, 0xfa, 0xfe, 0x85, 0x98, 0x92, 0xfe,
    0xf1, 0xa6, 0xc1, 0xfe, 0xff, 0x05, 0x55, 0xfe, 0xfb, 0x12, 0x62, 0x9b, 0xc8, 0xa0, 0x48, 0xa0,
    0x57, 0x49, 0xa0, 0x56, 0xa0, 0x47, 0xa0, 0x56, 0x9f, 0x68, 0xa1, 0x26, 0x9f, 0x67, 0xa0, 0x58,
    0xa0, 0x35, 0x9f, 0x48, 0x21, 0xa0, 0x47, 0xa0, 0x36, 0x9f, 0x57, 0xa0, 0x37, 0xa0, 0x36, 0xa0,
    0x47, 0x9f, 0x47, 0xa0, 0x25, 0xa0, 0x36, 0x9f, 0x48, 0xa0, 0x36, 0x11, 0xa0, 0x26, 0x9f, 0x56,
    0xa0, 0x27, 0x9f, 0x48, 0xa1, 0x34, 0x9f, 0x48, 0xa0, 0x26, 0x9f, 0x36, 0xa0, 0x46, 0xa0, 0x37,
    0x9f, 0x47, 0xa0, 0x46, 0xa0, 0x37, 0xa0, 0x35, 0x9f, 0x47, 0xa0, 0x47, 0xa0, 0x26, 0x09, 0x2c,
    0x9f, 0x57, 0xa0, 0x37, 0xa1, 0x36, 0x9e, 0x77, 0xa0, 0x47, 0xa0, 0x48, 0xa0, 0x46, 0xa0, 0x56,
    0x4a, 0xa0, 0x56, 0x9f, 0x59, 0x5d, 0x9f, 0x24, 0xb0, 0x68, 0xfe, 0x41, 0x41, 0x41, 0x9d, 0x88,
    0xd8, 0x55, 0xa5, 0x88, 0x8e, 0x88, 0xfe, 0xb5, 0xb5, 0xb5, 0x80, 0x88, 0x3d, 0xaa, 0x88, 0x35,
    0xc1, 0xa3, 0x88, 0x2d, 0xfe, 0x9e, 0x9f, 0x99, 0xfe, 0xc0, 0xbb, 0xd9, 0xfe, 0x74, 0x68, 0xac,
    0x33, 0x6b, 0xc3, 0x07, 0x94, 0xad, 0x34, 0xfe, 0xb8, 0xba, 0xb4, 0xfe, 0x71, 0x71, 0x72, 0xb4,
    0x87, 0x35, 0x9b, 0x88, 0xfe, 0xc6, 0xc6, 0xc6, 0xfe, 0x98, 0x98, 0x98, 0x2a, 0x55, 0xfe, 0xd7,
    0xd7, 0xd7, 0xfe, 0xff, 0xff, 0xff, 0x40, 0x26, 0xc1, 0x55, 0xc1, 0x40, 0x17, 0xfe, 0xd8, 0xd8,
    0xd8, 0xfe, 0x7e, 0x7e, 0x7e, 0x55, 0xfe, 0xb9, 0xb9, 0xb9, 0x98, 0x88, 0xfe, 0x79, 0x79, 0x79,
    0xab, 0x88, 0xa4, 0x78, 0x8c, 0xa8, 0xfe, 0xb6, 0xbc, 0xba, 0xfe, 0xd0, 0x96, 0xaa, 0x27, 0xad,
    0x15, 0x61, 0xc3, 0x5e, 0xfe, 0xaf, 0x59, 0x76, 0xfe, 0xda, 0xb4, 0xc1, 0xfe, 0x9a, 0xa2, 0xa0,
    0xfe, 0x7b, 0x79, 0x79, 0xad, 0x68, 0x22, 0xc1, 0xa2, 0x78, 0x95, 0xfa, 0xfe, 0x88, 0x9a, 0x95,
    0xfe, 0xf1, 0xa6, 0xc2, 0xfe, 0xff, 0x05, 0x56, 0xfe, 0xfa, 0x12, 0x63, 0x9a, 0xc9, 0xa2, 0x35,
    0x46, 0xa1, 0x46, 0x9f, 0x67, 0xa0, 0x47, 0xa0, 0x47, 0x9f, 0x68, 0xa1, 0x35, 0x9f, 0x58, 0xa0,
    0x57, 0x9f, 0x56, 0xa1, 0x26, 0x9f, 0x58, 0xa0, 0x46, 0xa0, 0x27, 0xa0, 0x45, 0x9f, 0x57, 0xa0,
    0x37, 0xa0, 0x27, 0xa0, 0x56, 0x9f, 0x36, 0xa0, 0x35, 0xa0, 0x38, 0x9f, 0x47, 0xa0, 0x36, 0xa0,
    0x36, 0x9f, 0x46, 0xa0, 0x37, 0x9f, 0x48, 0xa1, 0x23, 0xa0, 0x36, 0x9f, 0x46, 0xa0, 0x28, 0xa0,
    0x47, 0x24, 0xa0, 0x36, 0xa0, 0x37, 0x9f, 0x47, 0xa0, 0x35, 0x9f, 0x58, 0xa0, 0x46, 0xa0, 0x27,
    0xa0, 0x46, 0xa0, 0x46, 0x9f, 0x57, 0x37, 0x29, 0x9f, 0x67, 0x2e, 0xa0, 0x48, 0xa0, 0x56, 0xa0,
    0x56, 0xa0, 0x57, 0xa0, 0x57, 0x9f, 0x58, 0x4e, 0x01, 0xb0, 0x68, 0xfe, 0x41, 0x41, 0x41, 0x9d,
    0x88, 0xd8, 0x55, 0xa5, 0x88, 0x05, 0x10, 0x82, 0x88, 0x84, 0x88, 0xaa, 0x88, 0x40, 0xc1, 0xa3,
    0x88, 0x93, 0x8a, 0xfe, 0xa0, 0xa1, 0x9c, 0xfe, 0xc0, 0xbb, 0xd9, 0xfe, 0x74, 0x68, 0xac, 0xaa,
    0x62, 0x3a, 0xc3, 0xa2, 0x76, 0x94, 0xad, 0xfe, 0xa8, 0xa1, 0xce, 0xfe, 0xba, 0xbc, 0xb6, 0xfe,
    0x74, 0x74, 0x75, 0xb5, 0x87, 0x93, 0x88, 0xb6, 0x88, 0xfe, 0xca, 0xca, 0xca, 0xfe, 0x8a, 0x8a,
    0x8a, 0x97, 0x88, 0x9c, 0x88, 0x1d, 0xfe, 0xfe, 0xfe, 0xfe, 0x40, 0x17, 0xc1, 0x26, 0xc3, 0xfe,
    0xd3, 0xd3, 0xd3, 0xfe, 0x6c, 0x6c, 0x6c, 0x7f, 0xbe, 0x88, 0xfe, 0xc3, 0xc3, 0xc3, 0xfe, 0x71,
    0x71, 0x71, 0xc0, 0xa7, 0x88, 0x8a, 0x98, 0xfe, 0xab, 0xb3, 0xb0, 0xfe, 0xd1, 0x97, 0xab, 0x27,
    0xad, 0x15, 0x2f, 0xc3, 0x5e, 0xfe, 0xaf, 0x59, 0x76, 0xfe, 0xda, 0xb4, 0xc1, 0xfe, 0x8d, 0x96,
    0x93, 0xfe, 0x69, 0x67, 0x68, 0xaf, 0x67, 0x9c, 0x88, 0xc1, 0xa2, 0x78, 0x95, 0xfa, 0xfe, 0x78,
    0x8d, 0x86, 0xfe, 0xf1, 0xa5, 0xbf, 0xfe, 0xff, 0x04, 0x50, 0xfe, 0xfe, 0x10, 0x5e, 0x9b, 0xd8,
    0xa1, 0x46, 0x9f, 0x69, 0xa1, 0x46, 0x9f, 0x67, 0xa0, 0x47, 0xa0, 0x47, 0xa0, 0x56, 0xa0, 0x57,
    0xa0, 0x38, 0x9f, 0x58, 0xa1, 0x24, 0x9f, 0x58, 0xa0, 0x47, 0xa0, 0x45, 0x9f, 0x48, 0xa0, 0x36,
    0xa0, 0x56, 0x9f, 0x38, 0xa0, 0x36, 0xa1, 0x34, 0x9f, 0x38, 0xa0, 0x37, 0x9f, 0x46, 0xa0, 0x37,
    0xa0, 0x36, 0xa0, 0x27, 0xa0, 0x45, 0x9f, 0x37, 0xa0, 0x27, 0xa0, 0x46, 0xa0, 0x26, 0x9f, 0x48,
    0xa0, 0x46, 0xa0, 0x26, 0x9f, 0x47, 0xa0, 0x36, 0x9f, 0x48, 0xa0, 0x36, 0xa0, 0x35, 0xa1, 0x26,
    0x9f, 0x48, 0xa0, 0x46, 0xa0, 0x46, 0x9f, 0x48, 0xa0, 0x47, 0xa0, 0x36, 0x9f, 0x58, 0xa0, 0x56,
    0xa0, 0x46, 0xa0, 0x48, 0xa0, 0x57, 0xa0, 0x36, 0x45, 0xa0, 0x57, 0xa1, 0x45, 0x4f, 0x01, 0x2b,
    0xfe, 0x41, 0x41, 0x41, 0x9d, 0x88, 0xd8, 0x55, 0x13, 0x8e, 0x88, 0xfe, 0xb5, 0xb5, 0xb5, 0xfe,
    0x8a, 0x8a, 0x8a, 0x80, 0x88, 0xaa, 0x88, 0x40, 0xc1, 0xa4, 0x88, 0x92, 0x89, 0xfe, 0x93, 0x94,
    0x8d, 0xfe, 0xc0, 0xbb, 0xd9, 0xfe, 0x74, 0x68, 0xac, 0xaa, 0x62, 0x6b, 0xc3, 0x07, 0x94, 0xad,
    0xfe, 0xa9, 0xa2, 0xcf, 0xfe, 0xb0, 0xb2, 0xab, 0xfe, 0x62, 0x62, 0x63, 0x0c, 0x90, 0x88, 0xfe,
    0xa7, 0xa7, 0xa7, 0xa9, 0x88, 0x2b, 0x01, 0x98, 0x88, 0x12, 0x26, 0xc3, 0x8c, 0x88, 0xc1, 0x55,
    0xa2, 0x88, 0xa5, 0x88, 0x8e, 0x88, 0x7f, 0xa4, 0x88, 0xaf, 0x88, 0x15, 0xc0, 0xa2, 0x88, 0x99,
    0x98, 0xb4, 0x68, 0xfe, 0xc9, 0x8e, 0xa2, 0xfe, 0xaf, 0x5a, 0x76, 0xab, 0x27, 0x50, 0xc3, 0x0a,
    0x92, 0xfa, 0xfe, 0xda, 0xb2, 0xc0, 0xfe, 0xe8, 0xe9, 0xe9, 0x92, 0xb9, 0xa6, 0x67, 0x15, 0xc1,
    0x6f, 0x9c, 0xc9, 0xfe, 0xe1, 0xe8, 0xe6, 0xfe, 0xf6, 0xaa, 0xca, 0xfe, 0xf1, 0x06, 0x5f, 0xfe,
    0xf0, 0x16, 0x6c, 0x9a, 0xca, 0x5d, 0xa0, 0x57, 0xa0, 0x57, 0x9f, 0x67, 0xa0, 0x47, 0xa0, 0x57,
    0xa0, 0x46, 0x9f, 0x67, 0xa0, 0x57, 0x9f, 0x47, 0xa0, 0x57, 0xa0, 0x46, 0xa0, 0x37, 0xa0, 0x35,
    0x9f, 0x68, 0xa0, 0x36, 0x9f, 0x46, 0xa0, 0x46, 0xa0, 0x36, 0x9f, 0x57, 0xa0, 0x36, 0xa0, 0x46,
    0xa0, 0x37, 0x9f, 0x46, 0xa0, 0x36, 0x9f, 0x47, 0xa0, 0x36, 0xa0, 0x37, 0x9f, 0x45, 0xa0, 0x36,
    0xa1, 0x35, 0x9e, 0x47, 0xa0, 0x47, 0x9f, 0x47, 0xa0, 0x36, 0x9f, 0x56, 0xa0, 0x37, 0xa1, 0x25,
    0x9f, 0x56, 0xa0, 0x37, 0x9f, 0x57, 0x9f, 0x56, 0xa1, 0x36, 0x9f, 0x47, 0xa0, 0x47, 0xa0, 0x36,
    0x9f, 0x57, 0xa0, 0x55, 0xa0, 0x47, 0xa0, 0x57, 0x45, 0xa0, 0x36, 0x49, 0xa0, 0x57, 0x9f, 0x58,
    0x5e, 0x9f, 0x33, 0xb0, 0x68, 0xfe, 0x41, 0x41, 0x41, 0x9d, 0x88, 0xd8, 0x08, 0xa6, 0x88, 0x8b,
    0x88, 0xfe, 0xb9, 0xb9, 0xb9, 0xfe, 0xe7, 0xe7, 0xe7, 0x95, 0x88, 0xa5, 0x88, 0x15, 0xc1, 0x24,
    0x9b, 0x89, 0xad, 0x85, 0xfe, 0xbf, 0xb9, 0xd8, 0xfe, 0x72, 0x67, 0xaa, 0xad, 0x73, 0x41, 0xc3,
    0x11, 0x95, 0x9c, 0xfe, 0xa1, 0x99, 0xc7, 0xfe, 0xef, 0xef, 0xee, 0x8c, 0x89, 0xa8, 0x88, 0x9a,
    0x88, 0xb0, 0x88, 0xc0, 0x91, 0x88, 0xa4, 0x88, 0x9d, 0x88, 0x14, 0x09, 0x40, 0x7f, 0xc1, 0xfe,
    0x0f, 0x0f, 0x0f, 0xc0, 0x7f, 0x16, 0xb9, 0x88, 0xfe, 0xce, 0xce, 0xce, 0x19, 0x98, 0x88, 0x55,
    0x02, 0x18, 0x88, 0x88, 0xa3, 0x88, 0x98, 0x99, 0xbe, 0x26, 0xfe, 0xca, 0x8f, 0xa3, 0xfe, 0xae,
    0x59, 0x76, 0xac, 0x26, 0x50, 0xc3, 0xa2, 0x67, 0xfe, 0xae, 0x57, 0x75, 0xfe, 0xda, 0xb3, 0xc0,
    0x2a, 0xfe, 0xd3, 0xd1, 0xd1, 0x1d, 0x55, 0xc1, 0x1d, 0x9b, 0x9b, 0xfe, 0xe0, 0xe0, 0xd8, 0xfe,
    0xc6, 0xb9, 0xf7, 0xfe, 0x59, 0x31, 0xf5, 0xfe, 0x66, 0x43, 0xf5, 0x9b, 0x8d, 0x68, 0x9f, 0x85,
    0x54, 0x9f, 0x76, 0x9f, 0x85, 0xa0, 0x74, 0x44, 0x9e, 0x95, 0xa0, 0x74, 0x9e, 0x86, 0xa0, 0x84,
    0x9e, 0x76, 0x9f, 0x75, 0xa0, 0x64, 0x9f, 0x94, 0x9e, 0x86, 0x9f, 0x63, 0x9f, 0x75, 0x9f, 0x84,
    0x9e, 0x85, 0x9f, 0x74, 0x9e, 0x85, 0x9f, 0x75, 0x9f, 0x74, 0x9f, 0x83, 0x9e, 0x86, 0x9f, 0x64,
    0x9f, 0x74, 0x9f, 0x83, 0x9f, 0x64, 0x9f, 0x74, 0x9e, 0x85, 0x9f, 0x75, 0x9f, 0x83, 0x9e, 0x85,
    0x9f, 0x64, 0x9f, 0x85, 0x9f, 0x74, 0x9f, 0x84, 0x9e, 0x86, 0x9e, 0x85, 0x9f, 0x74, 0x9e, 0x86,
    0xa0, 0x64, 0x9f, 0x84, 0x9f, 0x74, 0x44, 0x9f, 0x84, 0xa0, 0x75, 0x9f, 0x85, 0x9e, 0x87, 0x9f,
    0x75, 0x68, 0x9f, 0x85, 0x44, 0x6c, 0x9d, 0x54, 0xaf, 0x98, 0xfe, 0x41, 0x40, 0x41, 0x9e, 0x77,
    0xd8, 0x08, 0xa5, 0x88, 0x8c, 0x88, 0x0c, 0xfe, 0xe0, 0xe0, 0xe0, 0x92, 0x88, 0xa6, 0x88, 0x0e,
    0xc1, 0x1d, 0x99, 0x8a, 0xb6, 0x71, 0xfe, 0xbf, 0xba, 0xd8, 0xfe, 0x73, 0x67, 0xab, 0xac, 0x62,
    0x56, 0xc3, 0xa2, 0x87, 0x0b, 0xfe, 0xa2, 0x9a, 0xc8, 0xfe, 0xed, 0xed, 0xe9, 0x84, 0x8c, 0xa5,
    0x88, 0x24, 0xad, 0x88, 0x12, 0x1d, 0x12, 0xa9, 0x88, 0x92, 0x88, 0xfe, 0x28, 0x28, 0x28, 0x87,
    0x88, 0x7f, 0x16, 0xc0, 0x91, 0x88, 0xc2, 0xbe, 0x88, 0xfe, 0xb7, 0xb7, 0xb7, 0xfe, 0x78, 0x78,
    0x78, 0x96, 0x88, 0x55, 0xfe, 0x8f, 0x8f, 0x8f, 0xfe, 0xc1, 0xc1, 0xc1, 0xfe, 0x71, 0x71, 0x71,
    0xa5, 0x88, 0x8c, 0x98, 0xfe, 0xab, 0xb2, 0xb0, 0xfe, 0xd1, 0x97, 0xab, 0xfe, 0xad, 0x58, 0x75,
    0xad, 0x15, 0x61, 0xc3, 0x5a, 0xfe, 0xb0, 0x59, 0x76, 0xfe, 0xda, 0xb5, 0xc2, 0xfe, 0x8c, 0x95,
    0x92, 0xfe, 0x69, 0x67, 0x68, 0xae, 0x67, 0x23, 0xc1, 0xa2, 0x88, 0x96, 0x9d, 0xfe, 0x86, 0x88,
    0x78, 0xfe, 0xc0, 0xb7, 0xf1, 0xfe, 0x52, 0x34, 0xff, 0xfe, 0x60, 0x45, 0xfd, 0x9a, 0xac, 0xa0,
    0x75, 0x58, 0x9f, 0x86, 0x9f, 0x75, 0x9f, 0x86, 0x9f, 0x85, 0xa0, 0x75, 0x9e, 0x86, 0xa0, 0x74,
    0x9e, 0xa6, 0xa0, 0x53, 0x9e, 0x86, 0x9f, 0x95, 0x9f, 0x74, 0x9f, 0x85, 0x9f, 0x74, 0x9e, 0x86,
    0x9e, 0x84, 0x9f, 0x85, 0x9f, 0x74, 0xa0, 0x62, 0x9f, 0x84, 0x9d, 0x97, 0xa0, 0x62, 0x9e, 0x85,
    0x9e, 0x86, 0x9f, 0x73, 0x9f, 0x73, 0x9e, 0x85, 0x9f, 0x74, 0x9f, 0x85, 0x9e, 0x84, 0x9f, 0x74,
    0x9f, 0x84, 0x9f, 0x63, 0x9e, 0x86, 0x9f, 0x84, 0x9f, 0x74, 0x9f, 0x84, 0x9e, 0x85, 0xa0, 0x64,
    0x9e, 0x85, 0x9e, 0x96, 0xa0, 0x72, 0x9f, 0x76, 0x9e, 0x95, 0xa0, 0x63, 0x50, 0x9f, 0x74, 0x9f,
    0x86, 0x9f, 0x76, 0xa0, 0x84, 0x9f, 0x86, 0x9f, 0x86, 0x9f, 0x75, 0x6c, 0x9d, 0x66, 0xb0, 0x85,
    0xfe, 0x41, 0x41, 0x41, 0x9d, 0x88, 0xd8, 0x55, 0xa5, 0x88, 0x8e, 0x88, 0xfe, 0xb5, 0xb5, 0xb5,
    0xfe, 0x89, 0x89, 0x89, 0x81, 0x88, 0xaa, 0x88, 0x23, 0xc1, 0xa3, 0x88, 0x92, 0x9a, 0xfe, 0x92,
    0x94, 0x8c, 0xfe, 0xc0, 0xbc, 0xd9, 0xfe, 0x74, 0x69, 0xad, 0xa9, 0x72, 0x3a, 0xc3, 0x7e, 0x95,
    0x9d, 0xfe, 0xa9, 0xa2, 0xcf, 0xfe, 0xb0, 0xb1, 0xab, 0xfe, 0x64, 0x63, 0x65, 0x18, 0xfe, 0xa5,
    0xa5, 0xa5, 0xac, 0x88, 0xfe, 0x6b, 0x6b, 0x6b, 0xaa, 0x88, 0x18, 0xab, 0x88, 0x2e, 0xfe, 0x1e,
    0x1e, 0x1e, 0x82, 0x88, 0xc4, 0x7f, 0xc0, 0xbf, 0x88, 0xfe, 0xbc, 0xbc, 0xbc, 0xfe, 0x8a, 0x8a,
    0x8a, 0x95, 0x88, 0xa5, 0x88, 0x26, 0xfe, 0xcb, 0xcb, 0xcb, 0xfe, 0xa1, 0xa1, 0xa1, 0x80, 0x88,
    0x95, 0x99, 0xfe, 0xb6, 0xbc, 0xba, 0xfe, 0xd0, 0x96, 0xaa, 0xfe, 0xad, 0x58, 0x75, 0xad, 0x15,
    0x61, 0xc3, 0x5e, 0xfe, 0xaf, 0x59, 0x76, 0xfe, 0xda, 0xb4, 0xc1, 0xfe, 0x9b, 0xa3, 0xa1, 0xfe,
    0x7c, 0x7a, 0x7a, 0xad, 0x58, 0x9d, 0x98, 0xc1, 0xa2, 0x87, 0x96, 0x9e, 0xfe, 0x96, 0x97, 0x89,
    0xfe, 0xc1, 0xb7, 0xf1, 0xfe, 0x55, 0x33, 0xff, 0xfe, 0x62, 0x43, 0xfb, 0x9b, 0x8b, 0xa0, 0x85,
    0x58, 0x9f, 0x86, 0x9f, 0x86, 0xa0, 0x73, 0x9e, 0x87, 0x9f, 0x86, 0x9f, 0x75, 0xa0, 0x74, 0x9e,
    0x96, 0xa0, 0x64, 0x9e, 0x86, 0xa0, 0x74, 0x9e, 0x85, 0x9f, 0x85, 0x9f, 0x74, 0x9f, 0x74, 0x9e,
    0x95, 0x9f, 0x75, 0x9f, 0x74, 0x9e, 0x84, 0xa0, 0x74, 0x9f, 0x74, 0x9e, 0x85, 0x9f, 0x73, 0x9e,
    0x84, 0x9f, 0x75, 0x9e, 0x84, 0xa0, 0x63, 0x9e, 0x86, 0x9f, 0x83, 0x9e, 0x85, 0x9f, 0x74, 0x9f,
    0x74, 0x9e, 0x95, 0x9f, 0x64, 0x9e, 0x85, 0x9f, 0x84, 0x9f, 0x64, 0x9f, 0x84, 0xa0, 0x74, 0x9e,
    0x85, 0x9f, 0x84, 0x9e, 0x86, 0x9f, 0x75, 0x9f, 0x85, 0xa0, 0x75, 0x9f, 0x75, 0x9e, 0x95, 0x9f,
    0x86, 0xa0, 0x64, 0x9e, 0x87, 0xa0, 0x75, 0xa0, 0x84, 0x40, 0x68, 0x9e, 0x43, 0xb0, 0x86, 0xfe,
    0x41, 0x41, 0x41, 0x9d, 0x88, 0xd8, 0x55, 0xa5, 0x88, 0x05, 0xfe, 0xb5, 0xb5, 0xb5, 0x83, 0x88,
    0x84, 0x88, 0xaa, 0x88, 0x40, 0xc1, 0xa3, 0x87, 0x93, 0x8b, 0xfe, 0xa1, 0xa2, 0x9c, 0xfe, 0xc0,
    0xbb, 0xd9, 0xfe, 0x74, 0x68, 0xac, 0xaa, 0x62, 0x6b, 0xc3, 0xa2, 0x76, 0x94, 0xad, 0xfe, 0xa8,
    0xa1, 0xce, 0xfe, 0xbb, 0xbc, 0xb7, 0xfe, 0x74, 0x74, 0x75, 0xb6, 0x87, 0xfe, 0xce, 0xce, 0xce,
    0xfe, 0x96, 0x96, 0x96, 0x85, 0x88, 0xad, 0x88, 0x97, 0x88, 0x0b, 0xfe, 0xbc, 0xbc, 0xbc, 0xfe,
    0x20, 0x20, 0x20, 0x81, 0x88, 0xc0, 0x55, 0xc2, 0x04, 0x35, 0x15, 0xfe, 0xbb, 0xbb, 0xbb, 0xfe,
    0x85, 0x85, 0x85, 0x95, 0x88, 0x31, 0x91, 0x88, 0xfe, 0xa9, 0xa9, 0xa9, 0xb4, 0x88, 0xfe, 0x7d,
    0x7d, 0x7d, 0x95, 0x98, 0xfe, 0xb4, 0xba, 0xb8, 0xfe, 0xd0, 0x96, 0xaa, 0x27, 0xad, 0x15, 0x2f,
    0xc3, 0x5e, 0xfe, 0xaf, 0x59, 0x76, 0xfe, 0xda, 0xb4, 0xc1, 0xfe, 0x97, 0x9f, 0x9e, 0xfe, 0x77,
    0x75, 0x75, 0xad, 0x68, 0x9d, 0x88, 0xc1, 0xa2, 0x87, 0x96, 0x9e, 0xfe, 0x91, 0x93, 0x84, 0xfe,
    0xc1, 0xb7, 0xf1, 0xfe, 0x55, 0x34, 0xff, 0xfe, 0x62, 0x44, 0xfb, 0x9b, 0x8c, 0xa0, 0x84, 0x58,
    0x9f, 0x86, 0x9e, 0x87, 0x9f, 0x95, 0xa0, 0x65, 0x9f, 0x84, 0x9f, 0x75, 0x9f, 0x96, 0x1a, 0xa0,
    0x54, 0x9f, 0x85, 0x9f, 0x84, 0x9e, 0x96, 0xa0, 0x53, 0x9e, 0x96, 0x9f, 0x74, 0x9f, 0x74, 0x9f,
    0x74, 0x9f, 0x75, 0x9e, 0x95, 0x9e, 0x84, 0x9f, 0x75, 0x9f, 0x73, 0x9f, 0x84, 0x9e, 0x85, 0x9f,
    0x84, 0x9f, 0x74, 0x9e, 0x75, 0x9f, 0x73, 0x24, 0x9e, 0x85, 0x03, 0x9e, 0x85, 0xa0, 0x63, 0x9e,
    0x75, 0x9f, 0x94, 0x9f, 0x64, 0x9d, 0x96, 0xa0, 0x74, 0x9f, 0x74, 0x9f, 0x84, 0x9e, 0x96, 0xa0,
    0x64, 0x9e, 0x95, 0x9f, 0x64, 0x9f, 0x95, 0x9f, 0x66, 0x9f, 0x85, 0x9f, 0x85, 0x44, 0xa0, 0x74,
    0x9f, 0x96, 0x9f, 0x85, 0x21, 0x78, 0x9e, 0x43, 0xb0, 0x77, 0xfe, 0x41, 0x41, 0x41, 0x9d, 0x88,
    0xd8, 0x55, 0xa5, 0x88, 0x05, 0xfe, 0xb5, 0xb5, 0xb5, 0xfe, 0x94, 0x94, 0x94, 0x83, 0x88, 0xaa,
    0x88, 0x40, 0xc1, 0xa3, 0x88, 0x93, 0x8a, 0xfe, 0x9e, 0x9e, 0x98, 0xfe, 0xc0, 0xbb, 0xd9, 0xfe,
    0x74, 0x68, 0xac, 0x33, 0x6b, 0xc3, 0xa2, 0x76, 0x94, 0xad, 0x34, 0xfe, 0xb9, 0xba, 0xb5, 0xfe,
    0x6b, 0x6a, 0x6c, 0xfe, 0xa0, 0xa0, 0xa0, 0xfe, 0xc8, 0xc8, 0xc8, 0xfe, 0x78, 0x78, 0x78, 0x04,
    0xc0, 0x99, 0x88, 0xab, 0x88, 0x2a, 0xfe, 0x20, 0x20, 0x20, 0x80, 0x88, 0x7f, 0x35, 0xc2, 0x04,
    0x35, 0x15, 0x2a, 0xfe, 0x86, 0x86, 0x86, 0x95, 0x88, 0xa8, 0x88, 0x9a, 0x88, 0x00, 0xfe, 0xcd,
    0xcd, 0xcd, 0xfe, 0x91, 0x91, 0x91, 0xfe, 0x6f, 0x6d, 0x6e, 0xfe, 0xb5, 0xbc, 0xb9, 0xfe, 0xd0,
    0x96, 0xaa, 0xfe, 0xad, 0x58, 0x75, 0xad, 0x15, 0x61, 0xc3, 0x5e, 0xfe, 0xaf, 0x59, 0x76, 0x0e,
    0xfe, 0x98, 0xa0, 0x9e, 0xfe, 0x78, 0x76, 0x76, 0x22, 0x9d, 0x88, 0xc1, 0xa2, 0x87, 0x96, 0x9e,
    0xfe, 0x92, 0x94, 0x85, 0xfe, 0xc1, 0xb7, 0xf1, 0xfe, 0x54, 0x33, 0xff, 0xfe, 0x62, 0x44, 0xfa,
    0x9a, 0xad, 0x4c, 0x9f, 0x96, 0xa0, 0x75, 0x9e, 0x97, 0xa0, 0x63, 0x9f, 0x86, 0x9e, 0x97, 0x9f,
    0x76, 0xa0, 0x74, 0x1a, 0xa0, 0x53, 0x64, 0x9f, 0x64, 0x9e, 0x94, 0xa0, 0x75, 0x9e, 0x85, 0x9f,
    0x74, 0x9f, 0x74, 0x9f, 0x75, 0x9e, 0x95, 0x9e, 0x84, 0xa0, 0x64, 0x9e, 0x94, 0x9f, 0x74, 0x06,
    0x9e, 0x86, 0x9f, 0x64, 0x9e, 0x93, 0x9f, 0x84, 0x9f, 0x65, 0x9f, 0x84, 0x9e, 0x73, 0x9f, 0x76,
    0x9f, 0x84, 0x9e, 0x84, 0x9f, 0x74, 0x9e, 0x85, 0xa0, 0x73, 0x9e, 0x85, 0x9f, 0x75, 0x9f, 0x74,
    0x9e, 0x85, 0xa0, 0x84, 0x9e, 0x85, 0x9f, 0x75, 0xa0, 0x74, 0x9e, 0x95, 0x9f, 0x76, 0xa0, 0x64,
    0x9f, 0x86, 0x9e, 0x97, 0x9f, 0x75, 0xa0, 0x75, 0x9f, 0x85, 0x54, 0x68, 0x9e, 0x52, 0xb0, 0x77,
    0xfe, 0x41, 0x41, 0x41, 0x17, 0xd8, 0x55, 0xa5, 0x88, 0x8e, 0x88, 0x10, 0x80, 0x88, 0x3d, 0xaa,
    0x88, 0x40, 0xc1, 0xa3, 0x88, 0x93, 0x8a, 0xfe, 0x9e, 0x9f, 0x99, 0xfe, 0xc0, 0xbb, 0xd9, 0x0d,
    0xaa, 0x62, 0x6b, 0xc3, 0xa2, 0x76, 0x94, 0xad, 0xfe, 0xa8, 0xa1, 0xce, 0xfe, 0xbb, 0xbb, 0xb6,
    0xfe, 0x6a, 0x6a, 0x6c, 0xfe, 0xc8, 0xc8, 0xc7, 0xfe, 0xa2, 0xa2, 0xa2, 0xfe, 0x79, 0x79, 0x79,
    0x13, 0x55, 0x9a, 0x88, 0xab, 0x88, 0xfe, 0xbb, 0xbb, 0xbb, 0x15, 0x80, 0x88, 0x7f, 0x35, 0xc2,
    0x04, 0x35, 0x15, 0x2a, 0x0f, 0x95, 0x88, 0xa6, 0x88, 0x22, 0x92, 0x88, 0xfe, 0xb6, 0xb6, 0xb6,
    0xa3, 0x88, 0xfe, 0x6a, 0x68, 0x69, 0xfe, 0xb6, 0xbc, 0xbb, 0xfe, 0xd0, 0x96, 0xaa, 0xfe, 0xad,
    0x58, 0x75, 0xad, 0x15, 0x61, 0xc3, 0x5e, 0xfe, 0xaf, 0x59, 0x76, 0x0e, 0xfe, 0x98, 0xa0, 0x9e,
    0xfe, 0x78, 0x76, 0x76, 0x22, 0x9d, 0x88, 0xc1, 0xa2, 0x87, 0x23, 0x32, 0xfe, 0xc1, 0xb7, 0xf1,
    0xfe, 0x55, 0x34, 0xff, 0xfe, 0x62, 0x44, 0xfb, 0x9b, 0x8c, 0xa0, 0x84, 0x54, 0x9f, 0x86, 0x9f,
    0x86, 0xa0, 0x74, 0x9f, 0x86, 0x9e, 0x87, 0x9f, 0x74, 0xa0, 0x74, 0x9f, 0x85, 0x9f, 0x75, 0x9e,
    0x95, 0xa0, 0x64, 0x9e, 0x86, 0x9f, 0x84, 0x9f, 0x75, 0x9f, 0x74, 0x9f, 0x84, 0x9e, 0x85, 0x9f,
    0x64, 0x9f, 0x84, 0x9e, 0x95, 0xa0, 0x53, 0x9e, 0x95, 0x9e, 0x85, 0x9f, 0x74, 0xa0, 0x63, 0x9e,
    0x84, 0x9e, 0x85, 0x9f, 0x84, 0x9f, 0x65, 0x9d, 0x94, 0xa0, 0x65, 0x9f, 0x93, 0x9e, 0x75, 0x9e,
    0x75, 0xa0, 0x73, 0x9f, 0x74, 0x9f, 0x74, 0x9e, 0x96, 0x9f, 0x84, 0x9f, 0x74, 0x9f, 0x75, 0x9e,
    0x85, 0x9f, 0x85, 0x9f, 0x85, 0x9f, 0x85, 0x9f, 0x66, 0x9f, 0x94, 0x9f, 0x85, 0x9f, 0x76, 0x9f,
    0x86, 0xa0, 0x75, 0x9f, 0x86, 0x9f, 0x75, 0x69, 0x9e, 0x43, 0xaf, 0x97, 0xfe, 0x41, 0x40, 0x41,
    0x9e, 0x77, 0xd8, 0x55, 0xa5, 0x88, 0x05, 0xfe, 0xb5, 0xb5, 0xb5, 0x80, 0x88, 0x83, 0x88, 0xaa,
    0x88, 0x40, 0xc1, 0xa3, 0x88, 0x2d, 0x19, 0x0b, 0x0d, 0xaa, 0x62, 0x6b, 0xc3, 0xa2, 0x76, 0x3c,
    0xfe, 0xaa, 0xa3, 0xd1, 0xfe, 0xb3, 0xb4, 0xaf, 0xfe, 0x86, 0x85, 0x86, 0xfe, 0xd1, 0xd1, 0xd1,
    0x35, 0xc1, 0x13, 0x99, 0x88, 0xab, 0x88, 0xfe, 0xbb, 0xbb, 0xbb, 0x15, 0x80, 0x88, 0x7f, 0x35,
    0xc2, 0x04, 0x35, 0x15, 0x2a, 0x0f, 0x95, 0x88, 0x13, 0x40, 0x40, 0xad, 0x88, 0xfe, 0xd5, 0xd5,
    0xd5, 0xfe, 0x76, 0x74, 0x75, 0xfe, 0xb2, 0xb9, 0xb7, 0xfe, 0xd1, 0x97, 0xab, 0x27, 0xad, 0x15,
    0x61, 0xc3, 0x5e, 0x39, 0xfe, 0xda, 0xb4, 0xc1, 0xfe, 0x98, 0xa0, 0x9e, 0x25, 0x22, 0x35, 0xc1,
    0xa2, 0x87, 0x96, 0x9e, 0x32, 0xfe, 0xc1, 0xb7, 0xf1, 0xfe, 0x54, 0x33, 0xff, 0xfe, 0x62, 0x44,
    0xfc, 0x9a, 0x9b, 0xa0, 0x75, 0x58, 0xa0, 0x85, 0x9e, 0x87, 0x9f, 0x84, 0x9f, 0x86, 0x09, 0xa0,
    0x65, 0x9f, 0x84, 0x9f, 0x95, 0x38, 0x9e, 0x96, 0xa0, 0x53, 0x9f, 0x84, 0x9f, 0x85, 0x9e, 0x86,
    0x9e, 0x85, 0xa0, 0x63, 0x9f, 0x85, 0x9e, 0x95, 0x9f, 0x64, 0x9f, 0x74, 0x9e, 0x85, 0x9f, 0x83,
    0x9e, 0x75, 0x9f, 0x75, 0x9f, 0x82, 0x9e, 0x86, 0x9f, 0x83, 0x9f, 0x64, 0x9f, 0x84, 0x9e, 0x85,
    0x9f, 0x64, 0x9f, 0x84, 0x9f, 0x74, 0x9e, 0x85, 0x9f, 0x84, 0x18, 0x9f, 0x74, 0x9e, 0x95, 0x16,
    0x9f, 0x74, 0x9e, 0x86, 0xa0, 0x73, 0x9e, 0x87, 0xa0, 0x72, 0x9f, 0x86, 0x3b, 0x9f, 0x75, 0x9f,
    0x86, 0xa0, 0x65, 0x36, 0xa0, 0x75, 0x9f, 0x75, 0x21, 0x6c, 0x9d, 0x53, 0xaf, 0x98, 0xfe, 0x41,
    0x40, 0x41, 0x9e, 0x77, 0xd8, 0x55, 0xa5, 0x88, 0x05, 0x10, 0x80, 0x88, 0x3d, 0xaa, 0x88, 0x40,
    0xc1, 0xa3, 0x88, 0x2d, 0xfe, 0x9e, 0x9f, 0x99, 0x0b, 0x0d, 0x33, 0x6b, 0xc3, 0x7e, 0x94, 0xad,
    0xfe, 0xaa, 0xa3, 0xd1, 0xfe, 0xae, 0xaf, 0xaa, 0xa0, 0xae, 0xa2, 0x67, 0xfe, 0x79, 0x79, 0x79,
    0xa8, 0x88, 0x35, 0x04, 0x9a, 0x88, 0xab, 0x88, 0xfe, 0xbb, 0xbb, 0xbb, 0xfe, 0x20, 0x20, 0x20,
    0x80, 0x88, 0x7f, 0x35, 0xc0, 0xa2, 0x88, 0xc0, 0x7f, 0x13, 0xfe, 0x22, 0x22, 0x22, 0xfe, 0xbc,
    0xbc, 0xbc, 0xfe, 0x88, 0x88, 0x88, 0x95, 0x88, 0xa6, 0x88, 0x55, 0xc0, 0x99, 0x88, 0xfe, 0xc1,
    0xc1, 0xc1, 0x81, 0xa9, 0xae, 0x05, 0xfe, 0xd3, 0x99, 0xad, 0xfe, 0xad, 0x58, 0x75, 0xad, 0x15,
    0x61, 0xc3, 0x5e, 0xfe, 0xaf, 0x59, 0x76, 0x0e, 0xfe, 0x9a, 0xa1, 0x9f, 0xfe, 0x7a, 0x78, 0x79,
    0xad, 0x57, 0x13, 0xc1, 0xa2, 0x87, 0x96, 0x9e, 0xfe, 0x94, 0x96, 0x87, 0xfe, 0xc2, 0xb8, 0xf1,
    0xfe, 0x57, 0x36, 0xff, 0xfe, 0x64, 0x46, 0xfb, 0x9a, 0x9c, 0xa1, 0x74, 0x9f, 0x76, 0x78, 0x9e,
    0x87, 0xa0, 0x63, 0x54, 0x9f, 0x85, 0x9e, 0x86, 0xa0, 0x74, 0x9e, 0x96, 0xa0, 0x64, 0x9f, 0x76,
    0x9f, 0x84, 0x9e, 0x95, 0x9f, 0x75, 0x9f, 0x75, 0x9f, 0x74, 0x9c, 0x74, 0x9f, 0x85, 0x9f, 0x84,
    0x9e, 0x74, 0x9e, 0x86, 0xa0, 0x73, 0x9f, 0x74, 0x9e, 0x84, 0x9f, 0x65, 0x9f, 0x83, 0x9e, 0x86,
    0x9f, 0x93, 0x9f, 0x55, 0x9f, 0x93, 0x9e, 0x74, 0x9f, 0x74, 0x9f, 0x85, 0x9f, 0x73, 0x9e, 0x77,
    0x09, 0x9e, 0x74, 0x9f, 0x74, 0x9f, 0x85, 0x9f, 0x84, 0x9e, 0x75, 0xa0, 0x64, 0x9f, 0x84, 0x50,
    0x9f, 0x74, 0x9f, 0x85, 0x3b, 0x9f, 0x75, 0xa0, 0x74, 0x9e, 0x87, 0xa0, 0x75, 0x9f, 0x96, 0x9f,
    0x75, 0x58, 0x64, 0x9e, 0x43, 0xb0, 0x96, 0xfe, 0x40, 0x40, 0x40, 0x9d, 0x88, 0xc6, 0x17, 0x35,
    0xcf, 0x55, 0xa5, 0x88, 0x8e, 0x88, 0xfe, 0xb6, 0xb6, 0xb6, 0x81, 0x88, 0x83, 0x88, 0xaa, 0x88,
    0x40, 0xc1, 0xa3, 0x87, 0x93, 0x8b, 0xfe, 0x9f, 0xa0, 0x9a, 0xfe, 0xc0, 0xbb, 0xd9, 0xfe, 0x74,
    0x69, 0xac, 0xa9, 0x73, 0x6b, 0xc3, 0x7e, 0x97, 0x9d, 0xfe, 0xa2, 0x9b, 0xc9, 0xfe, 0xc8, 0xca,
    0xc4, 0x96, 0xbf, 0xfe, 0x8e, 0x8e, 0x8d, 0x90, 0x89, 0x22, 0x13, 0x22, 0x9a, 0x88, 0x2d, 0xfe,
    0xbc, 0xbc, 0xbc, 0xfe, 0x22, 0x22, 0x22, 0x80, 0x88, 0x7f, 0x13, 0xc0, 0x55, 0xc0, 0x13, 0x40,
    0xfe, 0x21, 0x21, 0x21, 0xfe, 0xb7, 0xb7, 0xb7, 0xfe, 0x7b, 0x7b, 0x7b, 0x94, 0x88, 0xa7, 0x88,
    0x40, 0x7f, 0x99, 0x88, 0xbc, 0x78, 0xfe, 0xb7, 0xb5, 0xb5, 0xaa, 0x06, 0xfe, 0xcd, 0x93, 0xa7,
    0xfe, 0xaf, 0x5a, 0x76, 0xab, 0x16, 0x2f, 0xc3, 0x5e, 0xfe, 0xaf, 0x59, 0x76, 0xfe, 0xd9, 0xb4,
    0xc1, 0xfe, 0x8e, 0x98, 0x94, 0xfe, 0x6b, 0x69, 0x6a, 0xae, 0x67, 0x01, 0xc1, 0xa3, 0x87, 0x95,
    0x9e, 0xfe, 0x88, 0x8b, 0x7a, 0xfe, 0xc0, 0xb6, 0xf0, 0xfe, 0x52, 0x31, 0xff, 0xfe, 0x60, 0x41,
    0xfa, 0x9b, 0x9c, 0xa0, 0x75, 0x54, 0xa1, 0x64, 0x9e, 0x87, 0xa0, 0x73, 0x9f, 0x96, 0x9f, 0x66,
    0x9e, 0x95, 0x9f, 0x86, 0x9f, 0x85, 0xa0, 0x54, 0x9e, 0x95, 0x9f, 0x75, 0x9f, 0x85, 0x9e, 0x85,
    0xa0, 0x63, 0x9e, 0x95, 0xa2, 0x64, 0x9f, 0x85, 0x9e, 0x94, 0x9f, 0x74, 0x9f, 0x84, 0x9f, 0x74,
    0x9e, 0x75, 0x9f, 0x83, 0x9f, 0x65, 0x9f, 0x74, 0x9e, 0x84, 0x9e, 0x95, 0x9f, 0x74, 0x9f, 0x73,
    0x9f, 0x64, 0x9e, 0x96, 0xa0, 0x72, 0x9e, 0x75, 0x9e, 0x85, 0x9f, 0x84, 0x9f, 0x74, 0x9f, 0x74,
    0x9e, 0x95, 0x9f, 0x85, 0x9f, 0x64, 0x9f, 0x74, 0x9f, 0x85, 0x9e, 0x86, 0x9f, 0x84, 0xa0, 0x75,
    0x9e, 0x86, 0x14, 0x9f, 0x85, 0x44, 0xa0, 0x74, 0x9e, 0x97, 0xa0, 0x75, 0x9f, 0x85, 0x6d, 0x9d,
    0x54, 0xb0, 0x87, 0xfe, 0x42, 0x42, 0x42, 0x9d, 0x88, 0xc6, 0x55, 0x40, 0x55, 0x39, 0xcd, 0x2a,
    0x26, 0x8e, 0x88, 0xfe, 0xb4, 0xb4, 0xb4, 0xfe, 0x8b, 0x8b, 0x8b, 0x81, 0x88, 0xab, 0x88, 0x9d,
    0x88, 0xc1, 0x2e, 0x93, 0x89, 0xfe, 0x95, 0x97, 0x8f, 0xfe, 0xc0, 0xbb, 0xd8, 0xfe, 0x74, 0x68,
    0xad, 0xaa, 0x61, 0x6b, 0xc3, 0xa2, 0x86, 0x12, 0xfe, 0xa3, 0x9b, 0xc8, 0xfe, 0xee, 0xee, 0xea,
    0xfe, 0x97, 0x97, 0x99, 0xfe, 0x70, 0x70, 0x6f, 0x1f, 0x01, 0xc0, 0x1f, 0x99, 0x88, 0xac, 0x88,
    0xfe, 0xb7, 0xb7, 0xb7, 0xfe, 0x21, 0x21, 0x21, 0xfe, 0x00, 0x00, 0x00, 0xa2, 0x88, 0x55, 0xc0,
    0xad, 0x88, 0xc0, 0x7f, 0x07, 0xb9, 0x88, 0xfe, 0xc6, 0xc6, 0xc6, 0x9b, 0x88, 0x97, 0x88, 0xa5,
    0x88, 0x55, 0xc1, 0x55, 0xfe, 0xdb, 0xdb, 0xdb, 0xb3, 0x57, 0xfe, 0xc8, 0x8d, 0xa1, 0xfe, 0xaf,
    0x5a, 0x77, 0x00, 0x61, 0xc3, 0x6f, 0x94, 0xfa, 0xfe, 0xda, 0xb3, 0xc0, 0xfe, 0xc9, 0xce, 0xcc,
    0x88, 0xea, 0x08, 0x39, 0xc1, 0xa2, 0x87, 0x99, 0x9d, 0xfe, 0xc7, 0xc9, 0xbf, 0xfe, 0xc3, 0xb9,
    0xf8, 0xfe, 0x54, 0x32, 0xff, 0xfe, 0x62, 0x44, 0xfb, 0x9b, 0x8b, 0x9f, 0x96, 0x58, 0x9f, 0x76,
    0x9f, 0x86, 0x9f, 0x86, 0x9f, 0x85, 0xa0, 0x74, 0x9e, 0x87, 0x9f, 0x85, 0x9f, 0x84, 0x9f, 0x65,
    0x9e, 0x95, 0xa0, 0x74, 0x9f, 0x75, 0x9e, 0x95, 0xa0, 0x65, 0x9e, 0x84, 0xa0, 0x65, 0x9e, 0x93,
    0x9f, 0x75, 0x9f, 0x84, 0x9f, 0x73, 0x9e, 0x86, 0x9f, 0x84, 0x9f, 0x64, 0x9f, 0x83, 0x9e, 0x76,
    0x9f, 0x83, 0x9e, 0x85, 0x9f, 0x73, 0x9f, 0x75, 0x9f, 0x73, 0x9e, 0x75, 0xa0, 0x84, 0x9e, 0x84,
    0x9e, 0x76, 0x9f, 0x74, 0x9f, 0x84, 0x9e, 0x94, 0x9f, 0x75, 0x9f, 0x75, 0x9f, 0x84, 0x9f, 0x74,
    0x9e, 0x97, 0x31, 0x9f, 0x74, 0xa0, 0x64, 0x9e, 0x96, 0x9f, 0x85, 0xa0, 0x75, 0x9e, 0x87, 0x9f,
    0x85, 0xa0, 0x85, 0x9f, 0x86, 0x9f, 0x75, 0x6d, 0x9d, 0x64, 0xb0, 0x76, 0xfe, 0x41, 0x42, 0x42,
    0x9c, 0x98, 0xc4, 0x26, 0x17, 0xc0, 0x55, 0x17, 0xce, 0x08, 0xa5, 0x88, 0x8d, 0x88, 0xfe, 0xb7,
    0xb7, 0xb7, 0xb2, 0x88, 0x2e, 0xa7, 0x88, 0x39, 0xc1, 0x7f, 0x99, 0x89, 0xb8, 0x72, 0xfe, 0xbf,
    0xba, 0xd8, 0xfe, 0x73, 0x68, 0xab, 0xab, 0x73, 0x56, 0xc3, 0xa2, 0x87, 0x95, 0x9c, 0xfe, 0x9c,
    0x94, 0xc4, 0xfe, 0xfc, 0xfc, 0xfa, 0xfe, 0xbf, 0xbe, 0xbf, 0x9c, 0x77, 0x17, 0x39, 0xc0, 0x08,
    0x3d, 0xa9, 0x88, 0x0f, 0xfe, 0x27, 0x27, 0x27, 0x87, 0x88, 0x7f, 0x07, 0xc0, 0xfe, 0xbf, 0xbf,
    0xbf, 0xc1, 0x17, 0xa6, 0x88, 0xfe, 0xeb, 0xeb, 0xeb, 0x97, 0x88, 0xa3, 0x88, 0xc4, 0x99, 0x98,
    0xbe, 0x57, 0xfe, 0xc6, 0x8a, 0x9e, 0xfe, 0xae, 0x5a, 0x77, 0xab, 0x36, 0x50, 0xc3, 0x0a, 0xfe,
    0xae, 0x57, 0x74, 0xfe, 0xd9, 0xb2, 0xbf, 0xfe, 0xeb, 0xef, 0xee, 0x91, 0xe9, 0xa6, 0x68, 0x20,
    0xc2, 0x56, 0x7b, 0xfe, 0xed, 0xeb, 0xfc, 0xfe, 0xd5, 0xcd, 0xff, 0xa5, 0x72, 0x51, 0x6e, 0x69,
    0x56, 0x69, 0x59, 0x69, 0xc0, 0x64, 0x69, 0x56, 0x58, 0xc0, 0x68, 0x65, 0x48, 0x7a, 0x94, 0x87,
    0xfe, 0x1f, 0x1a, 0x34, 0x91, 0x8d, 0x69, 0x69, 0x55, 0x59, 0x64, 0x69, 0x69, 0x55, 0x69, 0x58,
    0x59, 0x65, 0x68, 0x55, 0x69, 0x69, 0x55, 0x58, 0x69, 0x59, 0x69, 0x69, 0x54, 0x59, 0x7a, 0x59,
    0x64, 0x69, 0x69, 0x5a, 0x69, 0x69, 0x55, 0xc0, 0x69, 0x6d, 0x66, 0x65, 0xa4, 0x67, 0xab, 0x88,
    0x55, 0xc4, 0x25, 0x16, 0xaf, 0x88, 0xfe, 0xc5, 0xc5, 0xc5, 0xac, 0x88, 0x55, 0xce, 0xa2, 0x88,
    0x9a, 0x88, 0xbf, 0x88, 0x99, 0x88, 0x7f, 0xc3, 0x7f, 0x9a, 0x89, 0xae, 0x74, 0xfe, 0xbe, 0xb9,
    0xd7, 0xfe, 0x72, 0x67, 0xab, 0xad, 0x72, 0x41, 0xc3, 0x11, 0x95, 0x9d, 0xfe, 0xb8, 0xb3, 0xd6,
    0xfe, 0xec, 0xed, 0xec, 0x92, 0xab, 0xa8, 0x76, 0x20, 0xc3, 0x9d, 0x88, 0xa9, 0x88, 0x31, 0x9a,
    0x88, 0x26, 0xc1, 0xfe, 0xff, 0xff, 0xff, 0xc3, 0xfe, 0xd7, 0xd7, 0xd7, 0xfe, 0x74, 0x74, 0x74,
    0xa7, 0x88, 0xc0, 0x55, 0xc1, 0xa4, 0x88, 0x92, 0xa9, 0xfe, 0xbf, 0xc5, 0xc2, 0xfe, 0xd9, 0xab,
    0xbb, 0xfe, 0xac, 0x58, 0x75, 0x0a, 0x50, 0xc3, 0x5a, 0xfe, 0xb0, 0x59, 0x76, 0xfe, 0xda, 0xb4,
    0xc1, 0xfe, 0x94, 0x9d, 0x9a, 0x12, 0xad, 0x67, 0x1b, 0xc1, 0x2a, 0x9d, 0x88, 0xa8, 0x88, 0xfe,
    0xf3, 0xf3, 0xf1, 0x26, 0x69, 0x26, 0xcf, 0x96, 0x73, 0xbf, 0x76, 0x8c, 0xaf, 0x7e, 0x35, 0xc3,
    0x6e, 0xc8, 0x76, 0xc0, 0x3d, 0xc4, 0x3a, 0x3d, 0x3a, 0x3d, 0x6b, 0x6e, 0xc0, 0x69, 0x09, 0xc1,
    0x7a, 0xc0, 0x6b, 0x04, 0x35, 0xc7, 0xb3, 0x88, 0x82, 0x88, 0x26, 0xd1, 0x94, 0x88, 0xfe, 0x80,
    0x80, 0x80, 0x97, 0x88, 0xa5, 0x88, 0x1b, 0xc1, 0x08, 0x93, 0x9a, 0xfe, 0x9b, 0x9c, 0x94, 0xfe,
    0xc0, 0xbc, 0xd9, 0xfe, 0x74, 0x69, 0xad, 0xa9, 0x72, 0x6b, 0xc2, 0x7f, 0x9b, 0x8a, 0xb0, 0x60,
    0xfe, 0xf4, 0xf2, 0xfc, 0xfe, 0xb1, 0xb1, 0xaf, 0xfe, 0x6d, 0x6d, 0x6e, 0xb2, 0x87, 0x1b, 0xc1,
    0x7f, 0xc0, 0x01, 0xfe, 0xd7, 0xd7, 0xd7, 0xfe, 0xff, 0xff, 0xff, 0xc3, 0x9c, 0x88, 0xc1, 0x9d,
    0x88, 0xa4, 0x88, 0xfe, 0xd6, 0xd6, 0xd6, 0xfe, 0x79, 0x79, 0x79, 0xa8, 0x88, 0xc0, 0x35, 0xc0,
    0x66, 0xa6, 0x77, 0x8d, 0x88, 0xfe, 0xae, 0xb1, 0xb0, 0xfe, 0xfc, 0xef, 0xf4, 0xfe, 0xb7, 0x6b,
    0x85, 0x95, 0xda, 0xa4, 0x67, 0x65, 0xc2, 0x5e, 0xfe, 0xaf, 0x59, 0x76, 0xfe, 0xda, 0xb4, 0xc1,
    0xfe, 0x98, 0xa0, 0x9d, 0xfe, 0x78, 0x76, 0x76, 0xad, 0x58, 0x35, 0xc1, 0x7f, 0x08, 0xa8, 0x88,
    0xfe, 0xf0, 0xef, 0xf1, 0xad, 0x79, 0x55, 0x0e, 0xc6, 0x69, 0xc4, 0x66, 0x07, 0xc0, 0x91, 0x88,
    0xfe, 0x16, 0x15, 0x19, 0x8c, 0x76, 0xa3, 0x88, 0x55, 0xc3, 0x69, 0xc8, 0x66, 0xc0, 0x1d, 0xc4,
    0x5a, 0xc5, 0x13, 0xc6, 0x22, 0xc5, 0x7f, 0x9d, 0x88, 0xb5, 0x88, 0xfe, 0xed, 0xed, 0xed, 0xaf,
    0x88, 0xcf, 0x2a, 0x39, 0x93, 0x88, 0x00, 0x08, 0xa4, 0x88, 0x35, 0xc1, 0xa3, 0x87, 0x93, 0x8b,
    0xfe, 0x9d, 0x9f, 0x98, 0x10, 0xfe, 0x74, 0x68, 0xac, 0x33, 0x3a, 0xc2, 0xa2, 0x88, 0x96, 0x9c,
    0xfe, 0xbc, 0xb6, 0xd7, 0xb7, 0x62, 0xfe, 0xb2, 0xb2, 0xb0, 0xfe, 0x72, 0x72, 0x73, 0xb2, 0x87,
    0x35, 0xc1, 0x04, 0xc0, 0x98, 0x88, 0xfe, 0xd6, 0xd6, 0xd6, 0x39, 0x3d, 0xa3, 0x88, 0xc1, 0xa4,
    0x88, 0xc1, 0x40, 0x26, 0xfe, 0xd7, 0xd7, 0xd7, 0xfe, 0x7a, 0x7a, 0x7a, 0xa8, 0x88, 0xc0, 0x04,
    0xc1, 0x00, 0x8f, 0x88, 0xfe, 0xb1, 0xb2, 0xb2, 0xfe, 0xeb, 0xce, 0xd8, 0xfe, 0xd7, 0xae, 0xbb,
    0xfe, 0xae, 0x59, 0x76, 0xad, 0x15, 0x2f, 0xc2, 0x5e, 0xfe, 0xaf, 0x59, 0x76, 0xfe, 0xda, 0xb4,
    0xc1, 0xfe, 0x99, 0xa1, 0x9f, 0xfe, 0x79, 0x77, 0x77, 0xad, 0x68, 0x04, 0xc1, 0x13, 0x17, 0xa8,
    0x88, 0xfe, 0xf1, 0xf1, 0xf1, 0x26, 0x55, 0x26, 0xcf, 0x91, 0x88, 0xfe, 0x15, 0x15, 0x15, 0x8b,
    0x88, 0x22, 0x55, 0xeb, 0x22, 0x35, 0x30, 0x05, 0x26, 0xcf, 0x17, 0x26, 0x14, 0x0f, 0x98, 0x88,
    0xa4, 0x88, 0x04, 0xc1, 0x31, 0x93, 0x8a, 0xfe, 0x9f, 0xa0, 0x9a, 0xfe, 0xc0, 0xbb, 0xd9, 0x0d,
    0x33, 0x3a, 0xc1, 0xa3, 0x87, 0x92, 0x9e, 0xfe, 0xa2, 0x9b, 0xc7, 0xfe, 0xbf, 0xba, 0xd8, 0xfe,
    0xa4, 0x9c, 0xcc, 0xfe, 0xb8, 0xb9, 0xb5, 0xfe, 0x73, 0x72, 0x74, 0xb4, 0x75, 0x04, 0xc1, 0x7f,
    0xc0, 0x1b, 0xfe, 0xd7, 0xd7, 0xd7, 0x26, 0x40, 0x26, 0xc4, 0x08, 0x26, 0x0e, 0x0c, 0x04, 0xc0,
    0x55, 0xc1, 0x00, 0x8c, 0x98, 0xfe, 0xb4, 0xb9, 0xb8, 0xfe, 0xce, 0x92, 0xa7, 0xfe, 0xda, 0xb4,
    0xc2, 0xfe, 0xc7, 0x8c, 0xa1, 0xfe, 0xad, 0x57, 0x75, 0xb0, 0x05, 0x2f, 0xc1, 0x5e, 0x39, 0xfe,
    0xda, 0xb4, 0xc1, 0xfe, 0x98, 0xa0, 0x9e, 0xfe, 0x78, 0x76, 0x76, 0xad, 0x68, 0x35, 0xc1, 0x04,
    0x9c, 0x88, 0x00, 0x14, 0x26, 0x55, 0x26, 0xcf, 0x05, 0x30, 0x8b, 0x88, 0xa3, 0x88, 0x55, 0xeb,
    0x22, 0x35, 0x30, 0x05, 0x26, 0xcf, 0x17, 0x26, 0x14, 0x00, 0x08, 0x04, 0x55, 0xc1, 0xa3, 0x88,
    0x93, 0x8a, 0xfe, 0x9e, 0x9f, 0x99, 0x0b, 0x0d, 0x33, 0x3a, 0xc0, 0x09, 0x9c, 0x89, 0xa6, 0x96,
    0xfe, 0xd0, 0xcc, 0xe3, 0xfe, 0x89, 0x81, 0xb8, 0xb9, 0x81, 0xfe, 0xbb, 0xbb, 0xb5, 0xfe, 0x71,
    0x71, 0x72, 0xb4, 0x87, 0x35, 0xc1, 0x04, 0xc0, 0x0c, 0xfe, 0xd7, 0xd7, 0xd7, 0x26, 0x40, 0x26,
    0xc4, 0x08, 0x26, 0x0e, 0x0c, 0x04, 0xc0, 0x35, 0xc1, 0x00, 0x8c, 0x98, 0xfe, 0xb5, 0xbd, 0xbb,
    0xfe, 0xcc, 0x8e, 0xa3, 0xfe, 0xba, 0x72, 0x8a, 0xfe, 0xe3, 0xc6, 0xd1, 0xfe, 0xb5, 0x66, 0x81,
    0x9a, 0xa8, 0xa5, 0x67, 0x51, 0xc0, 0x31, 0x39, 0xfe, 0xda, 0xb4, 0xc1, 0xfe, 0x98, 0xa0, 0x9e,
    0x25, 0xad, 0x68, 0x35, 0xc1, 0x04, 0x9c, 0x88, 0x00, 0xfe, 0xf1, 0xf1, 0xf1, 0x26, 0x55, 0x26,
    0xcf, 0x91, 0x88, 0x30, 0x8b, 0x88, 0xa3, 0x88, 0x13, 0xeb, 0x22, 0x35, 0x30, 0x05, 0x26, 0xcf,
    0x17, 0x26, 0x14, 0x00, 0x08, 0x04, 0x55, 0xc1, 0xa3, 0x88, 0x2d, 0xfe, 0x9e, 0x9f, 0x99, 0x0b,
    0x0d, 0xaa, 0x62, 0x3a, 0xc0, 0x09, 0x95, 0xac, 0xfe, 0xb7, 0xb1, 0xd4, 0x59, 0xfe, 0x69, 0x5d,
    0xa6, 0xfe, 0xab, 0xa3, 0xd0, 0xfe, 0xb8, 0xba, 0xb4, 0xfe, 0x71, 0x71, 0x72, 0x00, 0x35, 0xc1,
    0x04, 0xc0, 0x0c, 0xfe, 0xd7, 0xd7, 0xd7, 0x26, 0x40, 0x26, 0xc4, 0x08, 0x26, 0x0e, 0xfe, 0x78,
    0x78, 0x78, 0x35, 0xc0, 0x55, 0xc1, 0xa5, 0x98, 0x8c, 0x88, 0xfe, 0xb4, 0xba, 0xb8, 0xfe, 0xd1,
    0x98, 0xab, 0xfe, 0xa8, 0x4d, 0x6a, 0xfe, 0xd4, 0xa7, 0xb7, 0xa5, 0x57, 0xfe, 0xae, 0x58, 0x75,
    0xad, 0x05, 0x61, 0xc0, 0x31, 0x39, 0xfe, 0xda, 0xb4, 0xc1, 0xfe, 0x97, 0x9f, 0x9e, 0xfe, 0x77,
    0x75, 0x75, 0xad, 0x78, 0x26, 0xc1, 0x7f, 0x9c, 0x88, 0xa8, 0x88, 0xfe, 0xf1, 0xf1, 0xf1, 0xae,
    0x88, 0x17, 0x26, 0xcf, 0x05, 0xfe, 0x15, 0x15, 0x15, 0x8b, 0x88, 0xa3, 0x88, 0x13, 0xeb, 0x22,
    0x35, 0x30, 0x05, 0x26, 0xcf, 0x17, 0x26, 0x14, 0x31, 0x39, 0xa4, 0x88, 0x55, 0xc1, 0xa3, 0x89,
    0x93, 0x89, 0xfe, 0x9e, 0x9e, 0x99, 0xfe, 0xc0, 0xbb, 0xd9, 0xfe, 0x74, 0x68, 0xac, 0x33, 0x3a,
    0xa2, 0x87, 0x21, 0xfe, 0x95, 0x8d, 0xc1, 0xfe, 0xce, 0xca, 0xe1, 0x11, 0x92, 0xae, 0xfe, 0xaa,
    0xa2, 0xcf, 0x2b, 0xfe, 0x70, 0x70, 0x71, 0xb4, 0x88, 0x26, 0xc1, 0x35, 0xc0, 0x3d, 0xfe, 0xd7,
    0xd7, 0xd7, 0xfe, 0xff, 0xff, 0xff, 0x40, 0x26, 0xc4, 0x17, 0x26, 0xfe, 0xd8, 0xd8, 0xd8, 0xfe,
    0x7d, 0x7d, 0x7d, 0xa8, 0x88, 0xc0, 0x31, 0xc1, 0xa5, 0x78, 0x8c, 0xa8, 0xfe, 0xb6, 0xbc, 0xba,
    0xfe, 0xd1, 0x97, 0xab, 0xfe, 0xad, 0x56, 0x73, 0xaf, 0x06, 0xfe, 0xe3, 0xc6, 0xd0, 0xfe, 0xc5,
    0x88, 0x9c, 0xfe, 0xae, 0x59, 0x77, 0x0a, 0x50, 0x5e, 0xfe, 0xaf, 0x59, 0x76, 0xfe, 0xda, 0xb4,
    0xc1, 0xfe, 0x9b, 0xa3, 0xa1, 0xfe, 0x7c, 0x7a, 0x7a, 0xad, 0x58, 0x9d, 0x98, 0xc1, 0x00, 0x04,
    0xa7, 0x88, 0xfe, 0xf1, 0xf1, 0xf1, 0x26, 0x17, 0x26, 0xcf, 0x05, 0xfe, 0x14, 0x14, 0x15, 0x8c,
    0x87, 0xa2, 0x89, 0x55, 0xcf, 0x6e, 0xc9, 0x0b, 0xcf, 0x1a, 0x35, 0x28, 0x05, 0x26, 0xcf, 0x17,
    0x26, 0x14, 0x2d, 0x04, 0x00, 0x31, 0xc1, 0xa3, 0x87, 0x93, 0x8b, 0xfe, 0xa1, 0xa2, 0x9c, 0xfe,
    0xc0, 0xbb, 0xd9, 0x0d, 0x33, 0x09, 0x9d, 0x8a, 0x09, 0xfe, 0xd1, 0xcd, 0xe4, 0xfe, 0x98, 0x90,
    0xc2, 0xfe, 0x76, 0x6b, 0xad, 0x69, 0xfe, 0xa8, 0xa1, 0xce, 0xfe, 0xba, 0xbc, 0xb6, 0xfe, 0x75,
    0x75, 0x76, 0xb4, 0x86, 0x31, 0xc1, 0x00, 0xc0, 0x98, 0x88, 0x1d, 0x26, 0x55, 0x26, 0xc1, 0x9c,
    0x88, 0xc1, 0x40, 0x26, 0xfe, 0xd3, 0xd3, 0xd3, 0xfe, 0x6e, 0x6e, 0x6e, 0xa8, 0x88, 0x2e, 0x40,
    0xc1, 0xa6, 0x78, 0x8a, 0xa9, 0xfe, 0xad, 0xb4, 0xb2, 0xfe, 0xd1, 0x97, 0xab, 0xfe, 0xaf, 0x5b,
    0x78, 0x7e, 0xfe, 0xbf, 0x7c, 0x94, 0xfe, 0xe6, 0xca, 0xd4, 0xfe, 0xb6, 0x6a, 0x84, 0x96, 0xda,
    0x0a, 0x40, 0xfe, 0xb0, 0x59, 0x77, 0x0e, 0xfe, 0x90, 0x98, 0x94, 0xfe, 0x6d, 0x6b, 0x6c, 0xae,
    0x57, 0x10, 0xc1, 0x2e, 0x9b, 0x88, 0xa9, 0x88, 0xfe, 0xf0, 0xf0, 0xef, 0xaf, 0x88, 0x54, 0x7e,
    0xce, 0x1f, 0x91, 0x86, 0xfe, 0x19, 0x19, 0x16, 0x8a, 0x89, 0xa4, 0x87, 0x55, 0xcf, 0x62, 0x66,
    0xc7, 0x30, 0x3a, 0xcf, 0x09, 0x14, 0x17, 0xfe, 0xf0, 0xf0, 0xed, 0x1f, 0x11, 0xce, 0x56, 0x1f,
    0x3e, 0x2a, 0x23, 0x2e, 0x10, 0xc1, 0xa4, 0x87, 0x92, 0x9b, 0xfe, 0x95, 0x97, 0x8f, 0xfe, 0xc0,
    0xbc, 0xd9, 0xfe, 0x74, 0x69, 0xad, 0x33, 0x20, 0x93, 0x9e, 0xfe, 0xbe, 0xb8, 0xd7, 0x98, 0x8b,
    0xfe, 0x72, 0x67, 0xab, 0x20, 0x92, 0xad, 0xfe, 0xa9, 0xa2, 0xcf, 0xfe, 0xb2, 0xb3, 0xad, 0xfe,
    0x66, 0x65, 0x66, 0xb6, 0x76, 0x9a, 0x89, 0xc1, 0x2e, 0x55, 0x98, 0x88, 0x12, 0x26, 0x9a, 0x88,
    0xa2, 0x88, 0xc1, 0x26, 0xc3, 0x85, 0x88, 0xfe, 0xa3, 0xa3, 0xa3, 0xa5, 0x88, 0xc3, 0xa3, 0x88,
    0x91, 0x99, 0xfe, 0xcd, 0xd3, 0xd0, 0xfe, 0xcd, 0x93, 0xa7, 0xfe, 0xae, 0x58, 0x75, 0xaf, 0x06,
    0x90, 0xfa, 0xfe, 0xd0, 0x9e, 0xb0, 0xfe, 0xdd, 0xb9, 0xc5, 0xfe, 0xae, 0x57, 0x75, 0xae, 0x15,
    0x4a, 0xfe, 0xaf, 0x58, 0x75, 0xfe, 0xd9, 0xb3, 0xc0, 0xfe, 0xba, 0xc2, 0xbf, 0xfe, 0xa2, 0xa0,
    0xa0, 0xaa, 0x68, 0x40, 0xc2, 0x40, 0x3a, 0xfe, 0xf6, 0xf6, 0xf6, 0xa9, 0x88, 0xcf, 0x56, 0x26,
    0x8f, 0x8b, 0xfe, 0x07, 0x07, 0x12, 0xfe, 0x00, 0x00, 0x00, 0x6b, 0x35, 0xeb, 0x3c, 0x35, 0x2b,
    0x87, 0x80, 0x26, 0x1e, 0x26, 0xcf, 0x1f, 0x3a, 0x2f, 0x0d, 0xc2, 0xa2, 0x88, 0x96, 0x89, 0xfe,
    0xbf, 0xc0, 0xba, 0xfe, 0xbf, 0xba, 0xd8, 0x0a, 0xae, 0x60, 0x3b, 0xfe, 0xa2, 0x9b, 0xc7, 0xfe,
    0xcd, 0xca, 0xe1, 0xfe, 0x78, 0x70, 0xaf, 0xa1, 0xa8, 0xa2, 0x87, 0x96, 0x9c, 0xfe, 0xa5, 0x9e,
    0xcb, 0xfe, 0xd1, 0xd2, 0xcd, 0x23, 0x3a, 0x0d, 0xc3, 0x9b, 0x88, 0x11, 0x26, 0xc3, 0xfe, 0x58,
    0x58, 0x58, 0xc0, 0x7f, 0x40, 0xb0, 0x88, 0xfe, 0xde, 0xde, 0xde, 0xb3, 0x88, 0x40, 0x7f, 0xc2,
    0x14, 0x9c, 0x98, 0xab, 0x67, 0xfe, 0xc7, 0x8c, 0xa0, 0xfe, 0xaf, 0x5a, 0x76, 0xab, 0x27, 0x54,
    0x98, 0xca, 0xfe, 0xde, 0xbb, 0xc7, 0xfe, 0xd0, 0x9f, 0xb0, 0xfe, 0xad, 0x56, 0x74, 0xfe, 0xb6,
    0x68, 0x82, 0xfe, 0xad, 0x57, 0x74, 0xfe, 0xd9, 0xb2, 0xbf, 0xfe, 0xf4, 0xf5, 0xf4, 0x97, 0xb9,
    0x05, 0xc3, 0x68, 0xa1, 0x8b, 0xfe, 0xfc, 0xfb, 0xd3, 0xfe, 0xfa, 0xf8, 0x7c, 0xfe, 0xfa, 0xf9,
    0x89, 0xa0, 0x84, 0x6b, 0xcc, 0x66, 0x7f, 0x9a, 0x77, 0xfe, 0xa9, 0xa8, 0x39, 0x9a, 0x97, 0x6f,
    0xce, 0x62, 0xa6, 0x22, 0xfe, 0xa0, 0x60, 0x2f, 0xfe, 0x9d, 0x23, 0x2c, 0xfe, 0x9e, 0x33, 0x2c,
    0x9c, 0xcc, 0xc3, 0x02, 0x2f, 0x3e, 0x09, 0x2b, 0x35, 0xce, 0x29, 0x07, 0x10, 0x34, 0x25, 0x2a,
    0xcc, 0x23, 0x3f, 0x1f, 0x15, 0x1b, 0x37, 0x05, 0xc3, 0x9c, 0x89, 0xa9, 0x86, 0xfe, 0xbd, 0xb8,
    0xd7, 0xfe, 0x75, 0x69, 0xac, 0xa4, 0x77, 0xfe, 0x8a, 0x82, 0xba, 0xfe, 0xd4, 0xd1, 0xe6, 0xfe,
    0x8c, 0x83, 0xba, 0xfe, 0x77, 0x6c, 0xae, 0xa8, 0x63, 0x7b, 0x95, 0x9d, 0xfe, 0x9f, 0x97, 0xc5,
    0xfe, 0xf7, 0xf7, 0xf7, 0x96, 0x89, 0x14, 0x05, 0xc2, 0x36, 0x14, 0x8d, 0x88, 0xfe, 0x67, 0x67,
    0x67, 0x0e, 0x2c, 0x1d, 0xc0, 0xfe, 0x00, 0x00, 0x00, 0xc2, 0xb9, 0x88, 0xfe, 0xb7, 0xb7, 0xb7,
    0xfe, 0x8a, 0x8a, 0x8a, 0x94, 0x88, 0x00, 0x31, 0xc1, 0xa4, 0x88, 0x8d, 0x98, 0xfe, 0xb6, 0xbd,
    0xbb, 0xfe, 0xd0, 0x96, 0xaa, 0xfe, 0xad, 0x58, 0x75, 0xad, 0x15, 0xc0, 0x9b, 0xb9, 0xa9, 0x46,
    0xfe, 0xe6, 0xcb, 0xd4, 0xfe, 0xc3, 0x84, 0x9b, 0xfe, 0xae, 0x59, 0x75, 0xa3, 0x88, 0xfe, 0xda,
    0xb4, 0xc1, 0xfe, 0x9b, 0xa4, 0xa1, 0xfe, 0x7c, 0x7a, 0x7b, 0xac, 0x67, 0x31, 0xc1, 0xa1, 0x89,
    0x9c, 0x82, 0xfe, 0x89, 0x89, 0x97, 0xfe, 0xf1, 0xf0, 0xb5, 0xfe, 0xf8, 0xf5, 0x2f, 0xfe, 0xf6,
    0xf4, 0x41, 0xa0, 0x83, 0x6b, 0xcd, 0x7a, 0x6f, 0xaa, 0x6f, 0xa0, 0x8a, 0xd0, 0x6b, 0xfe, 0xff,
    0x99, 0x4a, 0xfe, 0xfb, 0x37, 0x45, 0xfe, 0xfc, 0x51, 0x46, 0xfe, 0xfc, 0x49, 0x46, 0x6e, 0xc1,
    0x00, 0x28, 0x1c, 0x35, 0x2b, 0x24, 0xd0, 0x16, 0x15, 0x09, 0x06, 0xcd, 0x3f, 0x22, 0x2f, 0xfe,
    0xf1, 0xf0, 0xb5, 0x1e, 0x21, 0x07, 0x31, 0xc1, 0x0f, 0x94, 0x9a, 0xfe, 0xa2, 0xa3, 0x9b, 0xfe,
    0xc0, 0xbd, 0xd9, 0xfe, 0x72, 0x67, 0xac, 0xab, 0x71, 0xfe, 0xd0, 0xcc, 0xe3, 0xfe, 0xa1, 0x99,
    0xc7, 0xfe, 0x72, 0x68, 0xab, 0x20, 0x9d, 0x89, 0xa2, 0x76, 0x94, 0xad, 0xfe, 0xa8, 0xa1, 0xce,
    0xfe, 0xbb, 0xbc, 0xb6, 0xfe, 0x75, 0x75, 0x76, 0x2d, 0x31, 0xc1, 0x7f, 0x99, 0x88, 0x0b, 0x2e,
    0xfe, 0x19, 0x19, 0x19, 0x87, 0x88, 0xc2, 0xa4, 0x88, 0xc0, 0x7f, 0x9d, 0x88, 0xfe, 0x24, 0x24,
    0x24, 0xfe, 0xbb, 0xbb, 0xbb, 0xfe, 0x83, 0x83, 0x83, 0x95, 0x88, 0xa7, 0x88, 0x40, 0xc1, 0xa5,
    0x88, 0x8c, 0x98, 0xfe, 0xb1, 0xb9, 0xb7, 0x39, 0x27, 0xad, 0x15, 0x61, 0xa3, 0x78, 0x93, 0xeb,
    0xfe, 0xc1, 0x7e, 0x94, 0xfe, 0xe8, 0xcf, 0xd7, 0xfe, 0xb7, 0x70, 0x88, 0xfe, 0xac, 0x53, 0x70,
    0xfe, 0xdb, 0xb7, 0xc3, 0xfe, 0x95, 0x9e, 0x9b, 0xfe, 0x75, 0x73, 0x74, 0xad, 0x67, 0x08, 0xc1,
    0xa2, 0x88, 0x9b, 0x84, 0xfe, 0x83, 0x83, 0x91, 0xfe, 0xf0, 0xf1, 0xbb, 0xfe, 0xf9, 0xf6, 0x43,
    0xfe, 0xf6, 0xf5, 0x52, 0xa0, 0x94, 0x6b, 0xcf, 0x9c, 0x87, 0x69, 0xcf, 0x9d, 0xbb, 0xfe, 0xf4,
    0xfb, 0x4a, 0xfe, 0xea, 0x8b, 0x44, 0xfe, 0xe4, 0x32, 0x3f, 0xfe, 0xe5, 0x49, 0x40, 0x9a, 0xee,
    0x6e, 0xc1, 0x33, 0x11, 0x14, 0x06, 0x3e, 0xfe, 0xf3, 0xee, 0x49, 0x02, 0xcf, 0x09, 0x0c, 0xcf,
    0x05, 0x1e, 0x03, 0x17, 0x04, 0x3f, 0x26, 0x08, 0xc1, 0x35, 0x93, 0x8a, 0xfe, 0x9c, 0x9d, 0x96,
    0xfe, 0xc1, 0xbc, 0xda, 0xfe, 0x6b, 0x60, 0xa8, 0xfe, 0xc2, 0xbd, 0xda, 0x94, 0x9e, 0x3b, 0xae,
    0x62, 0x9d, 0x99, 0xc0, 0xa2, 0x76, 0x3c, 0xfe, 0xa8, 0xa1, 0xce, 0xfe, 0xb7, 0xb8, 0xb1, 0xfe,
    0x6e, 0x6e, 0x6f, 0x13, 0x08, 0xc1, 0x26, 0x99, 0x88, 0xab, 0x88, 0xfe, 0xbb, 0xbb, 0xbb, 0xfe,
    0x24, 0x24, 0x24, 0xfe, 0x02, 0x02, 0x02, 0xa3, 0x88, 0x31, 0xc0, 0x9c, 0x88, 0xc2, 0xbf, 0x88,
    0x2a, 0xfe, 0x87, 0x87, 0x87, 0x95, 0x88, 0xa6, 0x88, 0x55, 0xc1, 0x0f, 0x8c, 0x98, 0xfe, 0xb5,
    0xbb, 0xb9, 0xfe, 0xd0, 0x96, 0xaa, 0x27, 0xad, 0x15, 0x2f, 0xc0, 0xa3, 0x67, 0xfe, 0xae, 0x58,
    0x75, 0xfe, 0xcc, 0x94, 0xa7, 0xfe, 0xe4, 0xc8, 0xd2, 0xfe, 0xb0, 0x59, 0x76, 0xfe, 0xd8, 0xb0,
    0xbd, 0xfe, 0x9a, 0xa3, 0xa0, 0xfe, 0x79, 0x77, 0x78, 0xad, 0x67, 0x04, 0xc1, 0xa1, 0x89, 0x9c,
    0x83, 0xfe, 0x87, 0x87, 0x95, 0xfe, 0xf1, 0xf1, 0xba, 0xfe, 0xf9, 0xf6, 0x3d, 0xfe, 0xf6, 0xf5,
    0x4d, 0xa0, 0x94, 0x6b, 0xcf, 0x7f, 0xd0, 0x62, 0xfe, 0xf9, 0xff, 0x4c, 0xfe, 0xf0, 0x8f, 0x45,
    0xfe, 0xea, 0x33, 0x40, 0xfe, 0xeb, 0x4b, 0x41, 0x99, 0xff, 0x6e, 0xc1, 0x11, 0x34, 0x32, 0x33,
    0x2f, 0x2e, 0x38, 0xd0, 0x29, 0xcf, 0x22, 0x3b, 0x19, 0x13, 0x00, 0xfe, 0x7e, 0x7e, 0x7a, 0x1a,
    0x04, 0xc1, 0xa3, 0x87, 0x93, 0x8b, 0xfe, 0xa2, 0xa3, 0x9c, 0xfe, 0xb6, 0xb1, 0xd4, 0x94, 0xae,
    0xfe, 0xc7, 0xc3, 0xdd, 0xfe, 0x76, 0x6c, 0xae, 0x3a, 0x7f, 0x3a, 0xc0, 0xa2, 0x76, 0x94, 0xad,
    0xfe, 0xa8, 0xa1, 0xce, 0xfe, 0xb9, 0xbb, 0xb5, 0xfe, 0x72, 0x72, 0x73, 0xb4, 0x87, 0x04, 0xc1,
    0x7f, 0x9a, 0x88, 0x1e, 0xfe, 0xbb, 0xbb, 0xbb, 0x06, 0x81, 0x88, 0xc4, 0x7f, 0x35, 0xfe, 0x20,
    0x20, 0x20, 0x2a, 0x0f, 0x95, 0x88, 0xa6, 0x88, 0x55, 0xc1, 0xa5, 0x88, 0x8c, 0x98, 0xfe, 0xb4,
    0xba, 0xb8, 0xfe, 0xd0, 0x96, 0xaa, 0x27, 0xad, 0x15, 0x61, 0xc1, 0xa3, 0x77, 0x91, 0xfb, 0xfe,
    0xd1, 0xa4, 0xb3, 0xae, 0x37, 0x59, 0xfe, 0x9a, 0xa2, 0x9f, 0xfe, 0x78, 0x76, 0x77, 0xad, 0x57,
    0x35, 0xc1, 0xa1, 0x89, 0x9c, 0x83, 0xfe, 0x86, 0x86, 0x94, 0xfe, 0xf1, 0xf1, 0xba, 0xfe, 0xf9,
    0xf6, 0x3e, 0xfe, 0xf6, 0xf5, 0x4e, 0x29, 0x6b, 0xe1, 0x62, 0xfe, 0xf8, 0xff, 0x4c, 0xfe, 0xef,
    0x8e, 0x45, 0xfe, 0xe9, 0x33, 0x40, 0xfe, 0xea, 0x4b, 0x41, 0x99, 0xff, 0x6e, 0xc1, 0x0e, 0x31,
    0x2f, 0x2b, 0x2c, 0x26, 0x30, 0xe1, 0x29, 0x02, 0x20, 0xfe, 0xf1, 0xf1, 0xba, 0xfe, 0x86, 0x86,
    0x94, 0xfe, 0x7d, 0x7d, 0x79, 0x0b, 0x35, 0xc1, 0xa2, 0x88, 0x98, 0x88, 0xb8, 0x86, 0xfe, 0xe6,
    0xe4, 0xf0, 0xfe, 0xc7, 0xc2, 0xdf, 0xfe, 0x7c, 0x72, 0xb0, 0x42, 0xa4, 0x86, 0x41, 0xc1, 0x07,
    0x3c, 0x34, 0xfe, 0xb8, 0xba, 0xb4, 0xfe, 0x71, 0x71, 0x72, 0xb4, 0x87, 0x9b, 0x88, 0xc1, 0x04,
    0x2a, 0x0f, 0xfe, 0xbb, 0xbb, 0xbb, 0x15, 0x80, 0x88, 0x7f, 0x35, 0xc2, 0x04, 0x35, 0x15, 0x2a,
    0x0f, 0x95, 0x88, 0xa6, 0x88, 0x55, 0xc1, 0x00, 0x17, 0x3b, 0x39, 0x27, 0xad, 0x15, 0x61, 0xc2,
    0xa2, 0x77, 0x94, 0xdb, 0xfe, 0xd7, 0xab, 0xba, 0xfe, 0xf7, 0xf0, 0xf2, 0xfe, 0x8d, 0x90, 0x8f,
    0x89, 0xc9, 0xaa, 0x78, 0x35, 0xc1, 0x0b, 0x2c, 0x31, 0xfe, 0xf1, 0xf1, 0xba, 0x20, 0x02, 0x29,
    0x30, 0xe1, 0x26, 0xfe, 0xf8, 0xff, 0x4c, 0xfe, 0xef, 0x8e, 0x45, 0xfe, 0xe9, 0x33, 0x40, 0xfe,
    0xea, 0x4b, 0x41, 0x0e, 0x6e, 0xc1, 0x0e, 0x31, 0x2f, 0x2b, 0x2c, 0x26, 0x30, 0xe1, 0x29, 0x02,
    0x20, 0xfe, 0xf1, 0xf1, 0xba, 0xfe, 0x86, 0x86, 0x94, 0xfe, 0x7d, 0x7d, 0x79, 0x0b, 0x35, 0xc1,
    0xa4, 0x88, 0x90, 0x89, 0xfe, 0xa7, 0xa7, 0xa4, 0xfe, 0xe7, 0xe6, 0xf2, 0xfe, 0x83, 0x79, 0xb5,
    0x94, 0x8c, 0x11, 0x3a, 0xc2, 0x07, 0x3c, 0x34, 0xfe, 0xb8, 0xba, 0xb4, 0x1b, 0xb4, 0x87, 0x35,
    0xc1, 0x04, 0x2a, 0xab, 0x88, 0xfe, 0xbb, 0xbb, 0xbb, 0xfe, 0x20, 0x20, 0x20, 0x80, 0x88, 0x7f,
    0x35, 0xc2, 0x04, 0x35, 0x15, 0x2a, 0x0f, 0x95, 0x88, 0xa6, 0x88, 0x55, 0xc1, 0x00, 0x17, 0x3b,
    0x39, 0xfe, 0xad, 0x58, 0x75, 0xad, 0x15, 0x61, 0xc2, 0x7e, 0x41, 0x99, 0xca, 0xfe, 0xe9, 0xce,
    0xd8, 0xfe, 0xbd, 0xc2, 0xc0, 0xfe, 0x76, 0x75, 0x76, 0xad, 0x67, 0x35, 0xc1, 0x0b, 0x2c, 0xfe,
    0x86, 0x86, 0x94, 0x13, 0xfe, 0xf9, 0xf6, 0x3e, 0x02, 0xa0, 0x94, 0x30, 0xe1, 0x26, 0xfe, 0xf8,
    0xff, 0x4c, 0xfe, 0xef, 0x8e, 0x45, 0xfe, 0xe9, 0x33, 0x40, 0xfe, 0xea, 0x4b, 0x41, 0x99, 0xff,
    0x6e, 0xc1, 0x0e, 0x31, 0x2f, 0x2b, 0x2c, 0x26, 0x30, 0xe1, 0x29, 0x02, 0x20, 0xfe, 0xf1, 0xf1,
    0xba, 0xfe, 0x86, 0x86, 0x94, 0xfe, 0x7d, 0x7d, 0x79, 0x0b, 0x35, 0xc0, 0xa2, 0x88, 0x97, 0x88,
    0xba, 0x89, 0xfe, 0xec, 0xec, 0xe6, 0xfe, 0xb9, 0xb4, 0xd5, 0xfe, 0x70, 0x65, 0xab, 0xfe, 0x7f,
    0x75, 0xb2, 0x3a, 0xc3, 0x07, 0x3c, 0x34, 0xfe, 0xb8, 0xba, 0xb4, 0x1b, 0xb4, 0x87, 0x35, 0xc1,
    0x04, 0x2a, 0x0f, 0xfe, 0xbb, 0xbb, 0xbb, 0x15, 0x80, 0x88, 0x7f, 0x35, 0xc2, 0x04, 0x35, 0x15,
    0x2a, 0xfe, 0x88, 0x88, 0x88, 0x96, 0x88, 0x22, 0x13, 0xc0, 0x22, 0xa4, 0x88, 0x8d, 0x98, 0xfe,
    0xb6, 0xbb, 0xba, 0x39, 0x27, 0xad, 0x15, 0x61, 0xc3, 0xa2, 0x68, 0x94, 0xfa, 0xfe, 0xd3, 0xaa,
    0xb8, 0xfe, 0xe3, 0xeb, 0xe8, 0xfe, 0xb0, 0xae, 0xaf, 0xfe, 0x7b, 0x7b, 0x7b, 0xa6, 0x88, 0x22,
    0x13, 0xa2, 0x89, 0x9c, 0x83, 0xfe, 0x88, 0x88, 0x96, 0xfe, 0xf1, 0xf1, 0xba, 0x20, 0x02, 0x29,
    0x30, 0xe1, 0x26, 0xfe, 0xf8, 0xff, 0x4c, 0xfe, 0xef, 0x8e, 0x45, 0xfe, 0xe9, 0x33, 0x40, 0xfe,
    0xea, 0x4b, 0x41, 0x0e, 0x6e, 0xc1, 0x0e, 0x31, 0x2f, 0x2b, 0x2c, 0x26, 0x30, 0xe1, 0x29, 0x02,
    0x20, 0xfe, 0xf1, 0xf1, 0xba, 0x0f, 0x19, 0xa3, 0x8e, 0xa0, 0x85, 0x22, 0x95, 0x88, 0xfe, 0x9a,
    0x9a, 0x9a, 0xfe, 0xd0, 0xd0, 0xd2, 0x88, 0x70, 0xfe, 0xbd, 0xb8, 0xd6, 0xfe, 0x77, 0x6b, 0xaf,
    0xa7, 0x62, 0x6b, 0xc3, 0xa2, 0x76, 0x3c, 0xfe, 0xa8, 0xa1, 0xce, 0xfe, 0xba, 0xbb, 0xb6, 0xfe,
    0x74, 0x74, 0x75, 0xb3, 0x87, 0x22, 0x55, 0xc0, 0x22, 0x17, 0x2d, 0xfe, 0xbb, 0xbb, 0xbb, 0x15,
    0x35, 0x7f, 0x35, 0xc0, 0xa6, 0x88, 0xc0, 0x7f, 0x0f, 0xfe, 0x26, 0x26, 0x26, 0xfe, 0xba, 0xba,
    0xba, 0xfe, 0x7f, 0x7f, 0x7f, 0x95, 0x88, 0xa7, 0x88, 0x0c, 0xc1, 0xa6, 0x78, 0x8a, 0xa9, 0xfe,
    0xb0, 0xb6, 0xb4, 0xfe, 0xd1, 0x97, 0xab, 0x27, 0x00, 0x61, 0xc3, 0x5a, 0x98, 0xfa, 0xfe, 0xd7,
    0xb2, 0xbe, 0xfe, 0x91, 0x99, 0x94, 0xfe, 0xbb, 0xb8, 0xb7, 0x98, 0x57, 0xfe, 0x75, 0x75, 0x74,
    0xa4, 0x88, 0x50, 0x6b, 0x9c, 0x83, 0xfe, 0x7d, 0x7c, 0x88, 0xfe, 0xee, 0xee, 0xb8, 0xfe, 0xf9,
    0xf6, 0x43, 0xfe, 0xf5, 0xf4, 0x52, 0xa1, 0x93, 0x6b, 0xc3, 0x6b, 0x0c, 0xa0, 0x84, 0xda, 0x62,
    0xfe, 0xf8, 0xff, 0x4c, 0x2b, 0xfe, 0xe9, 0x33, 0x40, 0xfe, 0xea, 0x4b, 0x41, 0x0e, 0x6e, 0xc1,
    0x0e, 0x31, 0x2f, 0x2b, 0x2c, 0x26, 0x30, 0xda, 0x0c, 0x6b, 0x0c, 0xc3, 0x05, 0x16, 0x03, 0x2d,
    0xfe, 0x7d, 0x7c, 0x89, 0x12, 0xa4, 0x8d, 0xa3, 0x77, 0x9a, 0x88, 0xbb, 0x97, 0xfe, 0xd1, 0xd0,
    0xce, 0xfe, 0x85, 0x83, 0x84, 0xfe, 0x8c, 0x8d, 0x85, 0xfe, 0xc1, 0xbb, 0xd7, 0xfe, 0x74, 0x69,
    0xad, 0x33, 0x6b, 0xc3, 0x07, 0x3c, 0xfe, 0xa9, 0xa2, 0xcf, 0xfe, 0xb4, 0xb5, 0xb0, 0xfe, 0x6a,
    0x69, 0x6a, 0xb6, 0x76, 0x9a, 0x89, 0xc1, 0xa2, 0x88, 0x01, 0xab, 0x88, 0x1b, 0xfe, 0x26, 0x26,
    0x26, 0x0f, 0x1e, 0x0f, 0xc0, 0x35, 0xc2, 0xab, 0x88, 0xfe, 0xb9, 0xb9, 0xb9, 0xfe, 0x98, 0x98,
    0x98, 0x94, 0x88, 0xa7, 0x88, 0x55, 0xc0, 0x55, 0xa4, 0x88, 0x8f, 0x99, 0xfe, 0xbf, 0xc6, 0xc4,
    0xfe, 0xcf, 0x95, 0xa9, 0x27, 0xad, 0x15, 0x61, 0xc3, 0x5e, 0xfe, 0xae, 0x57, 0x74, 0xfe, 0xe0,
    0xbb, 0xcc, 0xfe, 0xaf, 0xb9, 0xbd, 0xfe, 0x96, 0x96, 0x9c, 0xfe, 0xe9, 0xeb, 0xf1, 0xfe, 0xc0,
    0xc1, 0xc4, 0xfe, 0x8e, 0x8f, 0x8f, 0xb1, 0x7d, 0xa0, 0x8a, 0x9b, 0x82, 0xfe, 0xa2, 0xa5, 0xb8,
    0xfe, 0xf9, 0xfa, 0xc0, 0xfe, 0xf9, 0xf5, 0x2b, 0xfe, 0xf6, 0xf4, 0x3e, 0xa1, 0x81, 0xa0, 0x8a,
    0xc3, 0x65, 0x0d, 0xfe, 0xf7, 0xf5, 0x4b, 0xda, 0x62, 0xfe, 0xf8, 0xff, 0x4c, 0xfe, 0xef, 0x8e,
    0x45, 0xfe, 0xe9, 0x33, 0x40, 0xfe, 0xea, 0x4b, 0x41, 0x0e, 0x6e, 0xc1, 0x0e, 0x31, 0x2f, 0x2b,
    0x2c, 0x26, 0x30, 0xda, 0x0d, 0x2d, 0x39, 0xc3, 0x68, 0x0d, 0x16, 0xfe, 0xf9, 0xfa, 0xc1, 0xfe,
    0xa2, 0xa5, 0xb7, 0xfe, 0x99, 0x9c, 0x9c, 0xfe, 0xa0, 0xa2, 0xaa, 0x91, 0x93, 0xb0, 0x87, 0xfe,
    0xed, 0xee, 0xf4, 0xfe, 0xb9, 0xbb, 0xc0, 0xfe, 0x8a, 0x8c, 0x93, 0xfe, 0xba, 0xbe, 0xbd, 0xfe,
    0xc5, 0xc1, 0xe2, 0xfe, 0x73, 0x67, 0xab, 0xac, 0x52, 0x3a, 0xc3, 0x7e, 0x95, 0x9d, 0xfe, 0xa7,
    0xa0, 0xcd, 0xfe, 0xc4, 0xc5, 0xbf, 0x38, 0xb1, 0x87, 0x34, 0x7f, 0xc0, 0x12, 0x99, 0x88, 0x1d,
    0x0c, 0x1a, 0x35, 0xc2, 0xfe, 0x7f, 0x7f, 0x7f, 0xc2, 0xab, 0x88, 0xfe, 0xe9, 0xe9, 0xe9, 0xb6,
    0x88, 0xc7, 0xfe, 0xc7, 0x8c, 0xa0, 0xfe, 0xaf, 0x5a, 0x76, 0xab, 0x27, 0x50, 0xc3, 0xa2, 0x67,
    0x97, 0xfd, 0xfe, 0xbe, 0x92, 0x92, 0xfe, 0xcd, 0xc9, 0xa8, 0xfe, 0xc8, 0xbd, 0xa4, 0x9b, 0x85,
    0xfe, 0xe0, 0xd8, 0xc5, 0xfe, 0xf3, 0xf1, 0xeb, 0xfe, 0xc8, 0xbd, 0xa1, 0x59, 0xa6, 0x8a, 0x99,
    0x87, 0xfe, 0xda, 0xd2, 0xa0, 0xfe, 0xfe, 0xfd, 0x9c, 0xfe, 0xff, 0xfe, 0xa6, 0x69, 0xc3, 0x69,
    0xa1, 0x7a, 0xfe, 0xfb, 0xfa, 0x8d, 0xfe, 0xf7, 0xf5, 0x4a, 0xc0, 0xa0, 0x8a, 0x69, 0xd7, 0x62,
    0x2c, 0xfe, 0xef, 0x8e, 0x45, 0xfe, 0xe9, 0x33, 0x40, 0xfe, 0xea, 0x4b, 0x41, 0x99, 0xff, 0x6e,
    0xc1, 0x0e, 0x31, 0x2f, 0x2b, 0x2c, 0x26, 0x30, 0xd7, 0x37, 0x29, 0xc0, 0x23, 0x3e, 0x24, 0x6b,
    0xc3, 0x32, 0xfe, 0xfe, 0xfd, 0x9c, 0xfe, 0xd9, 0xd2, 0xa0, 0xfe, 0xc6, 0xba, 0xa0, 0xa8, 0x67,
    0x93, 0xa4, 0xfe, 0xe5, 0xdf, 0xd2, 0xad, 0x5b, 0xfe, 0xc8, 0xbc, 0xa0, 0x57, 0xa4, 0x69, 0xfe,
    0xd0, 0xc5, 0xa1, 0xfe, 0xa4, 0x99, 0xaa, 0xfe, 0x76, 0x6c, 0xb2, 0xfe, 0x7d, 0x73, 0xb0, 0x57,
    0xc3, 0xa2, 0x87, 0x95, 0x9d, 0xfe, 0x9f, 0x97, 0xc5, 0xfe, 0xff, 0xff, 0xff, 0xc7, 0x1c, 0x0b,
    0x95, 0x88, 0xc2, 0xfe, 0xff, 0xff, 0xff, 0xc3, 0x82, 0x88, 0xfe, 0x93, 0x93, 0x93, 0xa7, 0x88,
    0x55, 0x1d, 0xc1, 0xa4, 0x88, 0x8f, 0x99, 0xfe, 0xc2, 0xc7, 0xc5, 0xfe, 0xce, 0x94, 0xa8, 0x27,
    0x00, 0x61, 0xc3, 0x69, 0xfe, 0xb7, 0x62, 0x84, 0xfe, 0x9d, 0x6b, 0x57, 0xfe, 0x86, 0x75, 0x2e,
    0xfe, 0x8d, 0x76, 0x3b, 0x9d, 0x75, 0xa2, 0x8c, 0xfe, 0xc5, 0xb9, 0x98, 0xa4, 0x8c, 0xfe, 0x89,
    0x72, 0x34, 0xc0, 0x97, 0x94, 0xfe, 0xb8, 0xa8, 0x85, 0xfe, 0xbe, 0xbf, 0xd3, 0xfe, 0x8c, 0x8c,
    0x97, 0xae, 0x8c, 0x9c, 0x87, 0x6f, 0xc0, 0x7b, 0xa0, 0x82, 0xfe, 0x94, 0x94, 0xac, 0xfe, 0xe3,
    0xe3, 0xd0, 0xfe, 0xfc, 0xfb, 0x51, 0x97, 0xa6, 0xa3, 0x7c, 0x30, 0xd7, 0x62, 0xfe, 0xf8, 0xff,
    0x4c, 0xfe, 0xef, 0x8e, 0x45, 0xfe, 0xe9, 0x33, 0x40, 0x31, 0x0e, 0x13, 0xc1, 0x0e, 0x31, 0x2f,
    0x2b, 0x2c, 0x26, 0x30, 0xd7, 0x3e, 0x38, 0x07, 0x3d, 0x09, 0x0d, 0x37, 0x2d, 0xc0, 0x21, 0x24,
    0x36, 0xfe, 0xbd, 0xc0, 0xd2, 0xfe, 0xb9, 0xa9, 0x85, 0xfe, 0x7e, 0x64, 0x22, 0xa6, 0x8a, 0xfe,
    0xaf, 0x9f, 0x74, 0xfe, 0xd4, 0xcb, 0xb2, 0xfe, 0x9b, 0x86, 0x53, 0xfe, 0x85, 0x6b, 0x2e, 0xa9,
    0x68, 0x9e, 0x6b, 0xfe, 0x8b, 0x71, 0x27, 0xfe, 0x82, 0x71, 0x6e, 0xfe, 0x7a, 0x73, 0xbc, 0xfe,
    0x7c, 0x72, 0xaf, 0x3a, 0xc3, 0xa2, 0x76, 0x94, 0xae, 0xfe, 0xa6, 0x9f, 0xcd, 0xfe, 0xc5, 0xc6,
    0xc2, 0xfe, 0x8c, 0x8b, 0x8c, 0x19, 0x9c, 0x88, 0xc1, 0x7f, 0x3b, 0x99, 0x88, 0xfe, 0xe1, 0xe1,
    0xe1, 0xbe, 0x88, 0xc3, 0x9c, 0x88, 0xc1, 0x40, 0xa3, 0x88, 0xfe, 0xd4, 0xd4, 0xd4, 0xfe, 0x71,
    0x71, 0x71, 0xa8, 0x88, 0xc0, 0x55, 0xc1, 0xa6, 0x88, 0x8a, 0x98, 0xfe, 0xaf, 0xb6, 0xb4, 0xfe,
    0xd1, 0x97, 0xab, 0x27, 0x00, 0x61, 0xc3, 0x28, 0xfe, 0xb6, 0x61, 0x83, 0xfe, 0xa2, 0x71, 0x61,
    0xfe, 0x8e, 0x80, 0x3e, 0xfe, 0x92, 0x7b, 0x45, 0xa3, 0x56, 0x9d, 0x97, 0x99, 0x85, 0xfe, 0xc0,
    0xb4, 0x94, 0xfe, 0xd7, 0xcf, 0xba, 0xfe, 0x9a, 0x87, 0x54, 0xfe, 0x7f, 0x67, 0x27, 0xfe, 0xc2,
    0xb5, 0x90, 0xfe, 0xaa, 0xac, 0xaf, 0xfe, 0x6c, 0x6c, 0x68, 0xb2, 0x8a, 0x9b, 0x87, 0x7f, 0xc0,
    0x7f, 0x9f, 0x84, 0xfe, 0x77, 0x77, 0x7e, 0xfe, 0xdb, 0xdb, 0xbf, 0xfe, 0xfd, 0xfb, 0x52, 0x97,
    0x84, 0x3e, 0x68, 0xd7, 0x62, 0xfe, 0xf8, 0xff, 0x4c, 0x2b, 0xfe, 0xe9, 0x33, 0x40, 0x31, 0x0e,
    0x13, 0xc1, 0x0e, 0x31, 0x2f, 0x2b, 0x2c, 0x26, 0x30, 0xd7, 0x3e, 0x2e, 0x11, 0x06, 0x1f, 0x2a,
    0x15, 0x55, 0xc0, 0x37, 0x09, 0x2d, 0xfe, 0xad, 0xb0, 0xb2, 0xfe, 0xbd, 0xaf, 0x87, 0xfe, 0x7e,
    0x67, 0x26, 0xfe, 0xc4, 0xb9, 0x9b, 0xfe, 0xd6, 0xcd, 0xb9, 0xfe, 0x95, 0x81, 0x4a, 0x93, 0xb3,
    0xa9, 0x6c, 0x9d, 0x98, 0xa0, 0x7b, 0xfe, 0x93, 0x7c, 0x37, 0xfe, 0x87, 0x77, 0x78, 0xfe, 0x7a,
    0x72, 0xba, 0xfe, 0x7c, 0x72, 0xaf, 0x3a, 0xc3, 0xa2, 0x76, 0x94, 0xad, 0xfe, 0xa9, 0xa2, 0xcf,
    0xfe, 0xb4, 0xb6, 0xaf, 0xfe, 0x68, 0x68, 0x69, 0x17, 0x3d, 0xc1, 0x0c, 0xc0, 0x98, 0x88, 0x21,
    0x39, 0x9d, 0x88, 0xa2, 0x88, 0xc1, 0xa4, 0x88, 0xc1, 0x40, 0x26, 0xfe, 0xd7, 0xd7, 0xd7, 0xfe,
    0x7a, 0x7a, 0x7a, 0xa8, 0x88, 0xc0, 0x55, 0xc1, 0xa5, 0x88, 0x8d, 0x97, 0xfe, 0xb5, 0xbb, 0xb9,
    0xfe, 0xd0, 0x96, 0xaa, 0xfe, 0xad, 0x58, 0x75, 0x00, 0x61, 0xc3, 0x69, 0xfe, 0xb6, 0x61, 0x83,
    0xfe, 0xa1, 0x70, 0x5f, 0xfe, 0x8e, 0x7f, 0x3d, 0x35, 0x5c, 0x7f, 0xc0, 0x95, 0x94, 0xfe, 0xb5,
    0xa7, 0x81, 0xfe, 0xdf, 0xd8, 0xc7, 0xfe, 0x9a, 0x87, 0x53, 0xfe, 0xb7, 0xa8, 0x7f, 0xfe, 0xb2,
    0xb4, 0xb9, 0xfe, 0x75, 0x75, 0x72, 0xb0, 0x8b, 0x9b, 0x88, 0x04, 0xc0, 0x13, 0x9f, 0x84, 0xfe,
    0x7e, 0x7e, 0x88, 0xfe, 0xdd, 0xdd, 0xc2, 0xfe, 0xfd, 0xfb, 0x52, 0x97, 0x84, 0x3e, 0x30, 0xd7,
    0x62, 0xfe, 0xf8, 0xff, 0x4c, 0xfe, 0xef, 0x8e, 0x45, 0xfe, 0xe9, 0x33, 0x40, 0x31, 0x99, 0xff,
    0x6e, 0xc1, 0x0e, 0x31, 0x2f, 0x2b, 0x2c, 0x26, 0x30, 0xd7, 0x3e, 0x2e, 0x11, 0xfe, 0xdd, 0xdd,
    0xc2, 0x1d, 0x28, 0xa1, 0x8c, 0x04, 0xc0, 0x35, 0xa5, 0x89, 0x91, 0x85, 0xfe, 0xac, 0xae, 0xb2,
    0xfe, 0xc3, 0xb6, 0x93, 0x9f, 0x7d, 0xb2, 0x5e, 0xfe, 0x8e, 0x78, 0x3e, 0x50, 0xa6, 0x7b, 0x9e,
    0x86, 0xc0, 0xa0, 0x7b, 0xfe, 0x92, 0x7b, 0x36, 0xfe, 0x86, 0x76, 0x77, 0x33, 0xfe, 0x7c, 0x72,
    0xaf, 0xa0, 0x8a, 0xc3, 0xa2, 0x76, 0x3c, 0xfe, 0xa8, 0xa1, 0xce, 0xfe, 0xb9, 0xbb, 0xb5, 0xfe,
    0x72, 0x73, 0x74, 0x0f, 0x04, 0xc1, 0x13, 0xc0, 0x98, 0x88, 0xfe, 0xd7, 0xd7, 0xd7, 0xfe, 0xff,
    0xff, 0xff, 0x08, 0x26, 0xc4, 0x08, 0x26, 0x0e, 0xfe, 0x79, 0x79, 0x79, 0x04, 0xc0, 0x35, 0xc1,
    0x00, 0x8c, 0x98, 0xfe, 0xb4, 0xba, 0xb8, 0x39, 0x27, 0xad, 0x15, 0x61, 0xc3, 0x69, 0xfe, 0xb6,
    0x61, 0x83, 0x21, 0x05, 0xfe, 0x92, 0x7b, 0x44, 0x5d, 0xc0, 0x6e, 0xa1, 0x9b, 0x93, 0xa2, 0xfe,
    0xaa, 0x99, 0x6c, 0xfe, 0xd1, 0xc9, 0xb2, 0xb3, 0x6b, 0xfe, 0xa4, 0xa5, 0xa7, 0xfe, 0x72, 0x72,
    0x72, 0x0f, 0x99, 0x88, 0x35, 0xc0, 0x04, 0x9f, 0x84, 0xfe, 0x7d, 0x7d, 0x87, 0xfe, 0xdd, 0xdd,
    0xc2, 0xfe, 0xfd, 0xfb, 0x52, 0x97, 0x84, 0x3e, 0x30, 0xd7, 0x62, 0xfe, 0xf8, 0xff, 0x4c, 0xfe,
    0xef, 0x8e, 0x45, 0xfe, 0xe9, 0x33, 0x40, 0x31, 0x99, 0xff, 0x6e, 0xc1, 0x0e, 0x31, 0x2f, 0x2b,
    0x2c, 0x26, 0x30, 0xd7, 0x3e, 0x2e, 0x11, 0xfe, 0xdd, 0xdd, 0xc2, 0xfe, 0x7d, 0x7d, 0x87, 0x19,
    0x04, 0x35, 0xc1, 0xa4, 0x88, 0x8a, 0x87, 0xfe, 0xac, 0xad, 0xad, 0xfe, 0xed, 0xe9, 0xdf, 0xfe,
    0xb6, 0xa8, 0x83, 0xfe, 0x8b, 0x75, 0x39, 0xa3, 0x8a, 0xa4, 0x8a, 0x9e, 0x87, 0xc1, 0xa0, 0x7b,
    0xfe, 0x92, 0x7b, 0x36, 0x16, 0xfe, 0x7a, 0x72, 0xba, 0xfe, 0x7c, 0x72, 0xaf, 0xa0, 0x8a, 0xc3,
    0x07, 0x3c, 0xfe, 0xa8, 0xa1, 0xce, 0xfe, 0xb8, 0xba, 0xb4, 0xfe, 0x71, 0x71, 0x72, 0xb4, 0x87,
    0x35, 0xc1, 0x04, 0xc0, 0x98, 0x88, 0xfe, 0xd7, 0xd7, 0xd7, 0xfe, 0xff, 0xff, 0xff, 0x08, 0x26,
    0xc4, 0x08, 0x26, 0x0e, 0x0c, 0x04, 0xc0, 0x35, 0xc1, 0x00, 0x17, 0x3b, 0x39, 0x27, 0xad, 0x15,
    0x61, 0xc3, 0x28, 0xfe, 0xb6, 0x61, 0x83, 0x21, 0x05, 0xfe, 0x92, 0x7b, 0x44, 0x5d, 0xc2, 0xa3,
    0x79, 0x96, 0xb4, 0xab, 0x6e, 0xfe, 0xe1, 0xda, 0xc7, 0xfe, 0xce, 0xcf, 0xcf, 0xfe, 0x7f, 0x7f,
    0x7e, 0x9b, 0x89, 0x04, 0xc0, 0x35, 0x04, 0x19, 0xfe, 0x7d, 0x7d, 0x87, 0xfe, 0xdd, 0xdd, 0xc2,
    0xfe, 0xfd, 0xfb, 0x52, 0x97, 0x84, 0x3e, 0x30, 0xd7, 0x62, 0xfe, 0xf8, 0xff, 0x4c, 0xfe, 0xef,
    0x8e, 0x45, 0xfe, 0xe9, 0x33, 0x40, 0xfe, 0xea, 0x4b, 0x41, 0x99, 0xff, 0x6e, 0xc1, 0x0e, 0x31,
    0x2f, 0x2b, 0x2c, 0x26, 0x30, 0xd7, 0x3e, 0x2e, 0x11, 0xfe, 0xdd, 0xdd, 0xc2, 0xfe, 0x7d, 0x7d,
    0x87, 0x19, 0x04, 0xc0, 0x7f, 0x9b, 0x88, 0x1b, 0xfe, 0xa3, 0xa3, 0xa2, 0xfe, 0xec, 0xed, 0xf0,
    0xfe, 0xc1, 0xb3, 0x92, 0xfe, 0x82, 0x69, 0x29, 0x29, 0x66, 0x9f, 0x86, 0x6b, 0xc1, 0x20, 0xfe,
    0x92, 0x7b, 0x36, 0x16, 0x33, 0xfe, 0x7c, 0x72, 0xaf, 0xa0, 0x8a, 0xc3, 0xa2, 0x76, 0x3c, 0x34,
    0xfe, 0xb8, 0xba, 0xb4, 0xfe, 0x71, 0x71, 0x72, 0xb4, 0x87, 0x9b, 0x88, 0xc1, 0x04, 0xc0, 0x98,
    0x88, 0xfe, 0xd7, 0xd7, 0xd7, 0xfe, 0xff, 0xff, 0xff, 0x40, 0x26, 0xc4, 0x08, 0x26, 0x0e, 0x0c,
    0x04, 0xc0, 0x35, 0xc1, 0x00, 0x17, 0xfe, 0xb4, 0xba, 0xb8, 0x39, 0xfe, 0xad, 0x58, 0x75, 0xad,
    0x15, 0x61, 0xc3, 0x28, 0xfe, 0xb6, 0x61, 0x83, 0x21, 0x05, 0xfe, 0x92, 0x7b, 0x44, 0x29, 0xc2,
    0x55, 0xa6, 0x7a, 0x8c, 0xc0, 0xfe, 0xb4, 0xa5, 0x7d, 0xfe, 0xda, 0xdb, 0xdf, 0x8b, 0xa3, 0xfe,
    0x9b, 0x9c, 0x9c, 0xfe, 0x76, 0x76, 0x76, 0xa8, 0x88, 0xa6, 0x88, 0x04, 0x19, 0xfe, 0x7d, 0x7d,
    0x87, 0xfe, 0xdd, 0xdd, 0xc2, 0xfe, 0xfd, 0xfb, 0x52, 0x97, 0x84, 0x3e, 0x30, 0xd7, 0x62, 0xfe,
    0xf8, 0xff, 0x4c, 0xfe, 0xef, 0x8e, 0x45, 0xfe, 0xe9, 0x33, 0x40, 0xfe, 0xea, 0x4b, 0x41, 0x99,
    0xff, 0x6e, 0xc1, 0x0e, 0x31, 0x2f, 0x2b, 0x2c, 0x26, 0x30, 0xd7, 0x3e, 0x2e, 0x11, 0xfe, 0xdd,
    0xdd, 0xc2, 0xfe, 0x7d, 0x7d, 0x87, 0xfe, 0x80, 0x80, 0x7b, 0xa3, 0x8d, 0x04, 0x96, 0x88, 0xae,
    0x88, 0xfe, 0xc6, 0xc6, 0xc6, 0x96, 0x77, 0xa2, 0x7e, 0xfe, 0xba, 0xab, 0x84, 0xfe, 0x86, 0x6e,
    0x31, 0xb0, 0x6e, 0x9b, 0x86, 0x7f, 0xc2, 0x20, 0xfe, 0x92, 0x7b, 0x36, 0xfe, 0x86, 0x76, 0x77,
    0x33, 0xfe, 0x7c, 0x72, 0xaf, 0x3a, 0xc3, 0x07, 0x3c, 0xfe, 0xa8, 0xa1, 0xce, 0xfe, 0xb8, 0xba,
    0xb4, 0x1b, 0x00, 0x9b, 0x88, 0xc1, 0x7f, 0xc0, 0x98, 0x88, 0xfe, 0xd7, 0xd7, 0xd7, 0xfe, 0xff,
    0xff, 0xff, 0x08, 0x26, 0xc4, 0x08, 0x26, 0x0e, 0x0c, 0x04, 0xc0, 0x35, 0xc1, 0x00, 0x8c, 0x98,
    0x3b, 0x39, 0xfe, 0xad, 0x58, 0x75, 0xad, 0x15, 0x61, 0xc3, 0x28, 0xfe, 0xb6, 0x61, 0x83, 0x21,
    0x05, 0xfe, 0x92, 0x7b, 0x44, 0x29, 0xc2, 0x1a, 0xa4, 0x89, 0x91, 0xa2, 0xfe, 0xc2, 0xb3, 0x8f,
    0xfe, 0xa8, 0xa9, 0xaf, 0x81, 0xa1, 0xfe, 0xd5, 0xd6, 0xd6, 0x83, 0x98, 0xfe, 0x82, 0x82, 0x82,
    0x95, 0x88, 0xae, 0x88, 0x19, 0xfe, 0x7d, 0x7d, 0x87, 0xfe, 0xdd, 0xdd, 0xc2, 0xfe, 0xfd, 0xfb,
    0x52, 0x97, 0x84, 0x3e, 0x30, 0xd7, 0x62, 0xfe, 0xf8, 0xff, 0x4c, 0xfe, 0xef, 0x8e, 0x45, 0xfe,
    0xe9, 0x33, 0x40, 0x31, 0x99, 0xff, 0x6e, 0xc1, 0x0e, 0x31, 0x2f, 0x2b, 0x2c, 0x26, 0x30, 0xd7,
    0x3e, 0x2e, 0x11, 0xfe, 0xdd, 0xdd, 0xc2, 0xfe, 0x7d, 0x7d, 0x87, 0xfe, 0x83, 0x83, 0x7e, 0x9a,
    0x8d, 0x9a, 0x88, 0xfe, 0xa2, 0xa2, 0xa2, 0xfe, 0xd2, 0xd2, 0xd2, 0x83, 0x89, 0xfe, 0x6d, 0x6d,
    0x6c, 0xfe, 0xab, 0xad, 0xb1, 0xfe, 0xc0, 0xb2, 0x8c, 0xfe, 0x85, 0x6d, 0x2f, 0xb0, 0x6e, 0x9c,
    0x87, 0x7f, 0xc2, 0x20, 0xfe, 0x92, 0x7b, 0x36, 0x16, 0xfe, 0x7a, 0x72, 0xba, 0xfe, 0x7c, 0x72,
    0xaf, 0x3a, 0xc3, 0xa2, 0x76, 0x94, 0xad, 0x34, 0xfe, 0xb8, 0xba, 0xb4, 0x1b, 0x00, 0x35, 0xc1,
    0x04, 0xc0, 0x98, 0x88, 0xfe, 0xd7, 0xd7, 0xd7, 0xfe, 0xff, 0xff, 0xff, 0x40, 0x26, 0xc1, 0x08,
    0xc1, 0x40, 0xa3, 0x88, 0xfe, 0xd6, 0xd6, 0xd6, 0xfe, 0x78, 0x78, 0x78, 0x35, 0xc0, 0x55, 0xc1,
    0xa5, 0x88, 0x8c, 0x98, 0xfe, 0xb3, 0xb9, 0xb7, 0xfe, 0xd0, 0x98, 0xab, 0xfe, 0xad, 0x5a, 0x76,
    0xad, 0x15, 0x61, 0xc3, 0x69, 0xfe, 0xb6, 0x63, 0x84, 0xfe, 0xa2, 0x72, 0x61, 0xfe, 0x8f, 0x80,
    0x3f, 0xfe, 0x93, 0x7c, 0x46, 0x5d, 0xc2, 0x55, 0xa4, 0x89, 0x90, 0xa2, 0xfe, 0xbf, 0xb2, 0x8d,
    0xfe, 0xb0, 0xb2, 0xb7, 0xfe, 0x6a, 0x6b, 0x68, 0xba, 0x9c, 0xfe, 0xb9, 0xb9, 0xb9, 0xb6, 0x88,
    0xfe, 0x9d, 0x9d, 0x9d, 0x3d, 0xa6, 0x83, 0xfe, 0x7d, 0x7d, 0x87, 0xfe, 0xdd, 0xdd, 0xc2, 0xfe,
    0xfd, 0xfb, 0x54, 0x97, 0x84, 0xa3, 0x8d, 0x3e, 0xd7, 0x62, 0xfe, 0xf8, 0xff, 0x4e, 0xfe, 0xef,
    0x8f, 0x47, 0xfe, 0xe9, 0x35, 0x42, 0xfe, 0xea, 0x4d, 0x43, 0x99, 0xff, 0x6e, 0xc1, 0x26, 0x09,
    0x07, 0x3e, 0x3a, 0x34, 0xa2, 0x66, 0xd7, 0x0c, 0x3c, 0x1f, 0xfe, 0xdd, 0xdd, 0xc2, 0xfe, 0x7e,
    0x7e, 0x87, 0xfe, 0x76, 0x76, 0x72, 0xb3, 0x8c, 0xfe, 0xc3, 0xc3, 0xc3, 0xa7, 0x88, 0xfe, 0x92,
    0x92, 0x92, 0x87, 0x88, 0x99, 0x96, 0xfe, 0xaf, 0xb2, 0xb6, 0xfe, 0xbf, 0xb1, 0x8b, 0xfe, 0x86,
    0x6f, 0x31, 0xaf, 0x7f, 0x9c, 0x87, 0x24, 0xc2, 0xa0, 0x7b, 0xfe, 0x93, 0x7d, 0x38, 0xfe, 0x88,
    0x78, 0x78, 0xfe, 0x7b, 0x74, 0xba, 0xfe, 0x7d, 0x73, 0xaf, 0xa1, 0x79, 0xc3, 0xa2, 0x76, 0x94,
    0xad, 0xfe, 0xa9, 0xa2, 0xce, 0xfe, 0xb7, 0xba, 0xb3, 0xfe, 0x70, 0x70, 0x71, 0x31, 0x9b, 0x88,
    0xc1, 0x35, 0xc0, 0x3d, 0xfe, 0xd6, 0xd6, 0xd6, 0x17, 0x2a, 0xa2, 0x88, 0xc1, 0xa2, 0x88, 0xc3,
    0xfe, 0xd8, 0xd8, 0xd8, 0x3d, 0x35, 0x55, 0x55, 0xc1, 0xa5, 0x88, 0x8c, 0x99, 0x2c, 0xfe, 0xcc,
    0x90, 0xa4, 0xfe, 0xa6, 0x4d, 0x6c, 0x38, 0x61, 0xc3, 0x69, 0xfe, 0xb0, 0x56, 0x7b, 0xfe, 0x9c,
    0x67, 0x56, 0xfe, 0x86, 0x76, 0x30, 0xfe, 0x8a, 0x72, 0x37, 0x5d, 0xc2, 0x55, 0xa4, 0x8a, 0x90,
    0x91, 0xfe, 0xba, 0xab, 0x84, 0xfe, 0xad, 0xaf, 0xb5, 0xfe, 0x74, 0x74, 0x72, 0xac, 0x8b, 0x95,
    0x87, 0xfe, 0x98, 0x98, 0x98, 0xfe, 0xcd, 0xcd, 0xcd, 0x90, 0x89, 0xfe, 0x84, 0x84, 0x80, 0xfe,
    0x7a, 0x7a, 0x84, 0xfe, 0xdd, 0xdd, 0xbf, 0xfe, 0xfd, 0xfb, 0x47, 0x96, 0x95, 0xa2, 0x7c, 0x68,
    0x6b, 0xc0, 0x05, 0x0c, 0x05, 0xa1, 0x89, 0x7e, 0x0c, 0xc6, 0x7e, 0x23, 0x05, 0x0c, 0xc3, 0x05,
    0x62, 0xfe, 0xf6, 0xfe, 0x3f, 0xfe, 0xee, 0x87, 0x3a, 0xfe, 0xe6, 0x25, 0x33, 0xfe, 0xe7, 0x3e,
    0x34, 0x99, 0xff, 0x6e, 0xc1, 0x29, 0x0c, 0x05, 0x38, 0x06, 0x3b, 0xa2, 0x66, 0x6b, 0xc3, 0x05,
    0x23, 0x14, 0x0c, 0xc6, 0x23, 0x1b, 0x05, 0x0c, 0x05, 0x0c, 0xc0, 0x05, 0xa1, 0x8a, 0x9e, 0x83,
    0xa9, 0x7c, 0x16, 0xfe, 0x7a, 0x7a, 0x83, 0xfe, 0xa5, 0xa5, 0xa1, 0xfe, 0xd3, 0xd3, 0xd3, 0xfe,
    0xaf, 0xaf, 0xaf, 0xfe, 0x7c, 0x7c, 0x7c, 0x9b, 0x88, 0xaf, 0x88, 0x8b, 0x86, 0xfe, 0xad, 0xb0,
    0xb4, 0xfe, 0xba, 0xaa, 0x82, 0xfe, 0x7c, 0x63, 0x21, 0xb1, 0x6f, 0x9c, 0x86, 0x7f, 0xc2, 0xa0,
    0x7b, 0xfe, 0x8a, 0x71, 0x29, 0xfe, 0x80, 0x6d, 0x6e, 0xfe, 0x71, 0x68, 0xb5, 0xfe, 0x73, 0x68,
    0xa8, 0xa0, 0x8a, 0xc3, 0xa2, 0x77, 0x93, 0xad, 0xfe, 0xa2, 0x9b, 0xcb, 0xfe, 0xb7, 0xb9, 0xb3,
    0xfe, 0x6f, 0x6f, 0x70, 0xb4, 0x87, 0x17, 0xc1, 0x7f, 0x35, 0x98, 0x88, 0xfe, 0xd8, 0xd8, 0xd8,
    0xfe, 0xff, 0xff, 0xff, 0xc3, 0xfe, 0xbb, 0xbb, 0xbb, 0xc2, 0xa6, 0x88, 0xfe, 0xf1, 0xf1, 0xf1,
    0xaa, 0x88, 0xc0, 0x55, 0xc3, 0x51, 0x08, 0xfe, 0xd7, 0xac, 0xba, 0xfe, 0xcd, 0x8f, 0xa4, 0x0a,
    0x61, 0xc3, 0x6e, 0x9b, 0xdf, 0xfe, 0xba, 0x95, 0x89, 0xfe, 0xb4, 0xa9, 0x7a, 0x9f, 0xdf, 0x59,
    0xc2, 0x69, 0xa3, 0x79, 0x95, 0xa4, 0xfe, 0xcb, 0xc0, 0xa4, 0x08, 0x9c, 0x87, 0x08, 0x55, 0x98,
    0x88, 0xa6, 0x88, 0x26, 0x9d, 0x86, 0x9e, 0x8d, 0xfe, 0xfc, 0xfb, 0xde, 0xfe, 0xf9, 0xf8, 0x7c,
    0xa5, 0x77, 0xfe, 0xff, 0xff, 0x8a, 0xa0, 0x83, 0x69, 0xc0, 0x10, 0x09, 0xa0, 0x8a, 0x9c, 0x94,
    0x55, 0x17, 0x10, 0xc3, 0x09, 0x17, 0x9d, 0x85, 0x9d, 0x96, 0x10, 0xc6, 0x68, 0xfe, 0xf4, 0xad,
    0x77, 0xfe, 0xf6, 0x72, 0x7c, 0xfe, 0xf9, 0x85, 0x7e, 0x9a, 0xed, 0x6e, 0xc1, 0x06, 0x2b, 0x35,
    0x33, 0x02, 0x10, 0xc6, 0x1d, 0x15, 0x17, 0x09, 0x10, 0xc3, 0x17, 0x9b, 0x94, 0x7f, 0x17, 0x09,
    0x10, 0x09, 0xc0, 0xa0, 0x8b, 0xc0, 0x99, 0x83, 0xa0, 0xa9, 0xfe, 0xfd, 0xfd, 0xdf, 0xfe, 0xfa,
    0xfa, 0xfc, 0x26, 0xc0, 0x94, 0x88, 0xa6, 0x88, 0x08, 0x2a, 0x05, 0x08, 0xfe, 0xca, 0xbf, 0xa4,
    0xfe, 0xaf, 0x9e, 0x72, 0xab, 0x7c, 0x9e, 0x75, 0x6b, 0xc2, 0xa0, 0x8b, 0xfe, 0xb7, 0xa7, 0x75,
    0xfe, 0xa6, 0x9a, 0x9a, 0xfe, 0xa4, 0x9e, 0xd4, 0xfe, 0xa9, 0xa2, 0xce, 0x56, 0xc3, 0xa2, 0x87,
    0x2f, 0xfe, 0xb9, 0xb4, 0xd6, 0x08, 0x0c, 0x1b, 0xc3, 0x2a, 0xc0, 0x96, 0x88, 0x04, 0x9a, 0x88,
    0xc2, 0xfe, 0x00, 0x00, 0x00, 0xc2, 0xb0, 0x88, 0x04, 0x97, 0x88, 0x95, 0x88, 0xa7, 0x88, 0x40,
    0xc1, 0xa3, 0x88, 0x96, 0x88, 0xfe, 0xd1, 0xd1, 0xd1, 0x26, 0xfe, 0xb4, 0xbb, 0xb8, 0x66, 0xc3,
    0x6f, 0x9b, 0x98, 0xb3, 0x87, 0x26, 0xfe, 0xc3, 0xc5, 0xc9, 0x8f, 0x9a, 0xa6, 0x88, 0x40, 0xc1,
    0x7e, 0x9e, 0x78, 0xa5, 0x88, 0x30, 0xfe, 0xca, 0xca, 0xc9, 0x82, 0x89, 0x01, 0x23, 0x01, 0x9d,
    0x88, 0x40, 0x6b, 0xb1, 0x87, 0xfe, 0xf9, 0xf9, 0xfb, 0xfe, 0xe4, 0xe4, 0xf0, 0xfe, 0xae, 0xae,
    0xbb, 0x97, 0x89, 0xaa, 0x87, 0xa2, 0x88, 0x55, 0x11, 0xa2, 0x89, 0x96, 0x88, 0xfe, 0xe6, 0xe6,
    0xf3, 0xa7, 0x85, 0xfe, 0xa6, 0xa7, 0xb4, 0x2f, 0x41, 0xc2, 0x36, 0x16, 0xfe, 0xd5, 0xd6, 0xe0,
    0xfe, 0xf9, 0xf9, 0xff, 0xfe, 0xac, 0xac, 0xbb, 0x18, 0xc3, 0x7f, 0x9a, 0x88, 0xb6, 0x97, 0xfe,
    0xf9, 0xff, 0xff, 0xfe, 0xb8, 0xc6, 0xc6, 0x94, 0x98, 0xa5, 0x89, 0x44, 0xc1, 0x06, 0x34, 0x25,
    0x14, 0x13, 0x0d, 0x27, 0x18, 0xc3, 0x32, 0x36, 0x02, 0x16, 0xaa, 0x99, 0x18, 0xc2, 0x2f, 0x16,
    0x1e, 0x0a, 0x20, 0x2f, 0x11, 0xa1, 0x99, 0x2f, 0x97, 0x88, 0x69, 0xbe, 0x8a, 0xfe, 0xf6, 0xf6,
    0xff, 0x97, 0x80, 0x23, 0x9c, 0x89, 0x7e, 0x01, 0x55, 0x23, 0x01, 0x09, 0x04, 0x30, 0xfe, 0xba,
    0xbd, 0xc1, 0x0b, 0xa3, 0x87, 0x56, 0xc1, 0xa2, 0x88, 0x9a, 0x88, 0xb0, 0x88, 0x26, 0xfe, 0xc8,
    0xc8, 0xc3, 0x8d, 0x78, 0xa5, 0x87, 0x5a, 0xc2, 0x66, 0x2e, 0xfe, 0xff, 0xff, 0xff, 0xfe, 0xd1,
    0xd1, 0xd1, 0x3a, 0x10, 0x23, 0xc1, 0x01, 0x99, 0x88, 0xab, 0x88, 0xa9, 0x88, 0xfe, 0x10, 0x10,
    0x10, 0x90, 0x88, 0xc2, 0xa4, 0x88, 0xc0, 0x7f, 0x40, 0xfe, 0x24, 0x24, 0x24, 0x3d, 0xfe, 0x79,
    0x79, 0x79, 0x95, 0x88, 0xa7, 0x88, 0x40, 0xc1, 0xa5, 0x88, 0x8d, 0x88, 0x3a, 0xfe, 0xf8, 0xf8,
    0xf8, 0xfe, 0x70, 0x6f, 0x70, 0x7e, 0x7f, 0xc2, 0x7f, 0x96, 0x99, 0xfe, 0x8d, 0x8c, 0x8d, 0xfe,
    0xfe, 0xfd, 0xfd, 0xfe, 0x85, 0x85, 0x83, 0x86, 0x89, 0xa9, 0x88, 0x9d, 0x98, 0xc1, 0x7f, 0x9c,
    0x78, 0xa8, 0x87, 0xfe, 0xee, 0xee, 0xed, 0xfe, 0x9f, 0x9f, 0x9f, 0xfe, 0x68, 0x68, 0x68, 0xb0,
    0x88, 0x9a, 0x88, 0x7f, 0xc0, 0xa2, 0x88, 0x23, 0x32, 0xfe, 0xe0, 0xe0, 0xe0, 0x9f, 0x84, 0xfe,
    0xb6, 0xb6, 0xb3, 0x89, 0x88, 0xfe, 0x74, 0x74, 0x71, 0x98, 0x87, 0xa4, 0x89, 0x2c, 0x37, 0x8c,
    0x87, 0xfe, 0xd3, 0xd2, 0xcf, 0xab, 0x78, 0xfe, 0x65, 0x65, 0x62, 0xb2, 0x88, 0x2c, 0xc2, 0x19,
    0x8d, 0x88, 0x0a, 0xfe, 0xf3, 0xf3, 0xf0, 0xfe, 0x6e, 0x6e, 0x6b, 0x2c, 0xc3, 0xa2, 0x88, 0x95,
    0x87, 0xfe, 0x93, 0x93, 0x8f, 0xfe, 0xf3, 0xf0, 0xf0, 0xfe, 0x80, 0x7c, 0x7d, 0x8f, 0x77, 0xa9,
    0x87, 0x9c, 0x99, 0xc1, 0x03, 0x97, 0x89, 0x0c, 0x0e, 0x36, 0x1e, 0x0a, 0x2c, 0xc3, 0x12, 0x1d,
    0xfe, 0xb6, 0xb6, 0xb3, 0x3c, 0x19, 0x2c, 0xc2, 0x19, 0x0b, 0x13, 0x95, 0x88, 0xfe, 0x66, 0x66,
    0x62, 0xb4, 0x89, 0x98, 0x88, 0x9a, 0x98, 0xc0, 0xbf, 0x88, 0xfe, 0xb9, 0xb9, 0xb6, 0x98, 0x88,
    0xfe, 0xd1, 0xd1, 0xcd, 0xae, 0x8c, 0xfe, 0x6f, 0x6f, 0x6f, 0x32, 0x10, 0x32, 0xc0, 0x23, 0x3d,
    0x0d, 0xfe, 0x9f, 0x9f, 0x9f, 0x20, 0xfe, 0x76, 0x76, 0x74, 0x98, 0x89, 0x1f, 0x55, 0xc1, 0x3a,
    0x96, 0x99, 0xbb, 0x76, 0xfe, 0xfe, 0xfd, 0xfd, 0xfe, 0x8c, 0x8c, 0x8d, 0xfe, 0x69, 0x69, 0x6a,
    0xa9, 0x88, 0x55, 0xc2, 0x55, 0x00, 0xfe, 0xf8, 0xf8, 0xf8, 0xfe, 0xab, 0xab, 0xab, 0xfe, 0x65,
    0x65, 0x65, 0xb3, 0x88, 0x9b, 0x88, 0xc1, 0xa2, 0x88, 0x27, 0xab, 0x88, 0xfe, 0xb8, 0xb8, 0xb8,
    0xfe, 0x24, 0x24, 0x24, 0x22, 0xa2, 0x88, 0x55, 0xc0, 0x35, 0xc0, 0x7f, 0x35, 0xfe, 0x20, 0x20,
    0x20, 0xfe, 0xbc, 0xbc, 0xbc, 0xfe, 0x8a, 0x8a, 0x8a, 0x96, 0x88, 0xa5, 0x88, 0x55, 0xc1, 0xa4,
    0x88, 0x90, 0x88, 0xfe, 0xb5, 0xb5, 0xb5, 0xfe, 0xfa, 0xfa, 0xfa, 0xfe, 0x82, 0x83, 0x83, 0x31,
    0x00, 0xc2, 0x6f, 0x97, 0x98, 0xbf, 0x88, 0xfe, 0xff, 0xff, 0xff, 0xfe, 0x96, 0x96, 0x96, 0x88,
    0x88, 0xa8, 0x89, 0x00, 0xc1, 0x0f, 0x9c, 0x88, 0xa6, 0x89, 0xfe, 0xf1, 0xf1, 0xf1, 0x3a, 0xfe,
    0x7a, 0x7a, 0x7a, 0x2d, 0x9b, 0x88, 0x31, 0xc0, 0x00, 0xc0, 0x97, 0x88, 0xfe, 0xe4, 0xe4, 0xe4,
    0xfe, 0xbc, 0xbc, 0xbc, 0xfe, 0x8f, 0x8f, 0x8f, 0xfe, 0xc5, 0xc5, 0xc5, 0xae, 0x89, 0x80, 0x87,
    0xfe, 0x8d, 0x8d, 0x8d, 0x8f, 0x88, 0x13, 0x95, 0x88, 0xfe, 0xd9, 0xd9, 0xd9, 0xa8, 0x89, 0x3d,
    0xaf, 0x88, 0x31, 0xc0, 0x6b, 0xc0, 0x1e, 0x2e, 0xfe, 0xbe, 0xbe, 0xbf, 0xfe, 0xf5, 0xf5, 0xf5,
    0xfe, 0x80, 0x80, 0x81, 0x38, 0xc3, 0xa2, 0x88, 0x08, 0xfe, 0xa0, 0xa0, 0xa0, 0xfe, 0xf4, 0xf5,
    0xf4, 0xfe, 0x90, 0x90, 0x90, 0x35, 0xa8, 0x78, 0x9d, 0x88, 0xc1, 0x2a, 0x35, 0x25, 0x06, 0x15,
    0x08, 0x16, 0x38, 0xc3, 0x3c, 0x10, 0x1e, 0x2e, 0xb0, 0x88, 0x38, 0xc0, 0x31, 0x38, 0xa3, 0x88,
    0x91, 0x87, 0xfe, 0xe2, 0xe2, 0xe2, 0x96, 0x88, 0xfe, 0x73, 0x73, 0x73, 0xac, 0x89, 0x31, 0xbd,
    0x78, 0xfe, 0xc9, 0xc9, 0xca, 0xa6, 0x77, 0x09, 0xfe, 0x79, 0x79, 0x79, 0xfe, 0xba, 0xba, 0xba,
    0xfe, 0xe6, 0xe6, 0xe6, 0xfe, 0x7f, 0x7f, 0x7f, 0x31, 0x7f, 0x31, 0xc0, 0x22, 0xa5, 0x88, 0x92,
    0x88, 0x3a, 0x14, 0x34, 0x9a, 0x87, 0x0f, 0x00, 0xc1, 0x16, 0x17, 0x3f, 0xfe, 0xff, 0xff, 0xff,
    0xfe, 0x9c, 0x9c, 0x9c, 0x08, 0xa9, 0x87, 0x00, 0xc2, 0x31, 0x54, 0xfe, 0xfa, 0xfa, 0xfa, 0xfe,
    0xb5, 0xb5, 0xb5, 0x3d, 0x2d, 0x31, 0xc1, 0x00, 0x35, 0x0b, 0xfe, 0xbc, 0xbc, 0xbc, 0xfe, 0x20,
    0x20, 0x20, 0x80, 0x88, 0x04, 0x35, 0xc2, 0x04, 0x35, 0x15, 0xfe, 0xbb, 0xbb, 0xbb, 0x0f, 0x95,
    0x88, 0xa6, 0x88, 0x55, 0xc1, 0x31, 0x32, 0xfe, 0xb2, 0xb2, 0xb2, 0x1b, 0x17, 0x7f, 0x35, 0xc2,
    0x04, 0x3d, 0xfe, 0x98, 0x98, 0x98, 0xfe, 0xff, 0xff, 0xff, 0xfe, 0x92, 0x92, 0x92, 0x3d, 0x13,
    0x35, 0xc1, 0x04, 0x9c, 0x88, 0x31, 0xfe, 0xf0, 0xf0, 0xf0, 0xfe, 0xa8, 0xa8, 0xa8, 0xfe, 0x74,
    0x74, 0x74, 0x31, 0x9b, 0x88, 0x35, 0xc0, 0x04, 0x26, 0x9b, 0x88, 0x2f, 0xfe, 0xbb, 0xbb, 0xbb,
    0xfe, 0x6f, 0x6f, 0x6e, 0xac, 0x89, 0xb3, 0x88, 0x39, 0xb0, 0x88, 0x8d, 0x88, 0x82, 0x88, 0x36,
    0xfe, 0xd4, 0xd4, 0xd4, 0xac, 0x88, 0xfe, 0x72, 0x72, 0x72, 0x00, 0x04, 0x35, 0x26, 0xc0, 0x13,
    0x23, 0x39, 0xfe, 0xf4, 0xf4, 0xf4, 0xfe, 0x7c, 0x7c, 0x7c, 0x35, 0xc3, 0x13, 0x3d, 0x19, 0x01,
    0xfe, 0x8c, 0x8c, 0x8c, 0x2a, 0x22, 0x35, 0xc1, 0x22, 0x2a, 0x29, 0x01, 0x19, 0x3d, 0x13, 0x35,
    0xc3, 0x39, 0x01, 0xfe, 0xbc, 0xbc, 0xbc, 0x23, 0x13, 0x26, 0x35, 0x04, 0xc0, 0x00, 0x27, 0xfe,
    0xde, 0xde, 0xde, 0x98, 0x88, 0xfe, 0x7c, 0x7c, 0x7c, 0xfe, 0xb1, 0xb1, 0xb1, 0xb7, 0x88, 0x40,
    0xfe, 0x9e, 0x9e, 0x9e, 0x17, 0x1b, 0x23, 0xfe, 0xbd, 0xbd, 0xbd, 0xfe, 0xe5, 0xe5, 0xe5, 0x1b,
    0x35, 0x04, 0x35, 0xc0, 0x26, 0x31, 0x90, 0x88, 0x0d, 0x05, 0x31, 0x99, 0x88, 0x04, 0x35, 0xc1,
    0x13, 0x3d, 0x03, 0xfe, 0xff, 0xff, 0xff, 0x1d, 0x3d, 0x04, 0x35, 0xc2, 0x55, 0x17, 0xfe, 0xfa,
    0xfa, 0xfa, 0xfe, 0xb2, 0xb2, 0xb2, 0x32, 0x31, 0x35, 0xc1, 0x04, 0x2a, 0xab, 0x88, 0xfe, 0xbb,
    0xbb, 0xbb, 0xfe, 0x20, 0x20, 0x20, 0x80, 0x88, 0x7f, 0x35, 0xc2, 0x04, 0x35, 0x15, 0x2a, 0x0f,
    0x95, 0x88, 0xa6, 0x88, 0x55, 0xc1, 0x31, 0x32, 0x23, 0x1b, 0x17, 0x26, 0x35, 0xc2, 0x04, 0x3d,
    0x1d, 0xfe, 0xff, 0xff, 0xff, 0x03, 0x87, 0x88, 0x13, 0x35, 0xc1, 0x04, 0x08, 0x31, 0x05, 0x0d,
    0xfe, 0x75, 0x75, 0x75, 0x31, 0x9b, 0x88, 0x35, 0xc0, 0x04, 0x35, 0x9a, 0x88, 0x20, 0xfe, 0xbc,
    0xbc, 0xbc, 0x10, 0x22, 0x08, 0x99, 0x88, 0x0b, 0xfe, 0xad, 0xad, 0xad, 0xbf, 0x88, 0x39, 0xfe,
    0xea, 0xea, 0xea, 0x95, 0x88, 0x27, 0x1b, 0xa2, 0x88, 0x26, 0x13, 0xc0, 0x31, 0x8e, 0x88, 0xfe,
    0xbc, 0xbc, 0xbc, 0xfe, 0xf4, 0xf4, 0xf4, 0xfe, 0x7c, 0x7c, 0x7c, 0x35, 0xc3, 0x13, 0x3d, 0x19,
    0x01, 0xfe, 0x8c, 0x8c, 0x8c, 0x2a, 0x22, 0x35, 0xc1, 0x22, 0x2a, 0x29, 0x01, 0x19, 0x3d, 0x13,
    0x35, 0xc3, 0x39, 0x01, 0xfe, 0xbc, 0xbc, 0xbc, 0x23, 0x00, 0x22, 0x35, 0x08, 0x1b, 0x3d, 0x08,
    0x33, 0x05, 0xfe, 0xc5, 0xc5, 0xc5, 0x98, 0x88, 0x1d, 0x0c, 0xc0, 0x35, 0x22, 0x10, 0x39, 0x20,
    0x1b, 0x35, 0x04, 0x35, 0xc0, 0x26, 0x31, 0x10, 0x0d, 0x05, 0x31, 0x99, 0x88, 0x04, 0x35, 0xc1,
    0x13, 0x0c, 0x03, 0xfe, 0xff, 0xff, 0xff, 0x1d, 0x3d, 0x04, 0x35, 0xc2, 0x55, 0x17, 0xfe, 0xfa,
    0xfa, 0xfa, 0xfe, 0xb2, 0xb2, 0xb2, 0x32, 0x31, 0x35, 0xc1, 0x04, 0x2a, 0x0f, 0xfe, 0xbb, 0xbb,
    0xbb, 0x15, 0x80, 0x88, 0x7f, 0x35, 0xc2, 0x04, 0x35, 0x15, 0x2a, 0x0f, 0x95, 0x88, 0xa6, 0x88,
    0x55, 0xc1, 0x31, 0x32, 0x23, 0x1b, 0x17, 0x26, 0x35, 0xc2, 0x04, 0x3d, 0x1d, 0xfe, 0xff, 0xff,
    0xff, 0x03, 0x0c, 0x13, 0x35, 0xc1, 0x04, 0x08, 0x31, 0x05, 0x0d, 0x10, 0x31, 0x9b, 0x88, 0x35,
    0xc0, 0x04, 0x35, 0x9a, 0x88, 0x20, 0x39, 0xfe, 0x74, 0x74, 0x74, 0x13, 0x35, 0x22, 0x99, 0x88,
    0x10, 0x04, 0xb3, 0x88, 0x20, 0xae, 0x88, 0xfe, 0xc0, 0xc0, 0xc0, 0x8a, 0x88, 0x29, 0x26, 0x1f,
    0x2e, 0x04, 0x01, 0xfe, 0xbd, 0xbd, 0xbd, 0xfe, 0xf4, 0xf4, 0xf4, 0xfe, 0x7d, 0x7d, 0x7d, 0xa3,
    0x88, 0xc3, 0x13, 0x3d, 0x19, 0x01, 0x29, 0x2a, 0x22, 0x35, 0xc1, 0x22, 0x2a, 0x29, 0x01, 0x19,
    0x3d, 0x13, 0x35, 0xc2, 0x04, 0x08, 0x01, 0xfe, 0xbd, 0xbd, 0xbd, 0xfe, 0x72, 0x72, 0x72, 0xab,
    0x88, 0x10, 0x2a, 0x0f, 0xb7, 0x88, 0xfe, 0xc0, 0xc0, 0xc0, 0xa2, 0x88, 0x32, 0x89, 0x88, 0x17,
    0x0c, 0x3d, 0xaa, 0x88, 0xc0, 0x40, 0x13, 0x92, 0x88, 0xfe, 0xbc, 0xbc, 0xbc, 0x20, 0x1b, 0x35,
    0x04, 0x35, 0xc0, 0x26, 0x31, 0x10, 0x0d, 0x05, 0x31, 0x08, 0x04, 0x35, 0xc1, 0x13, 0x0c, 0x03,
    0xfe, 0xff, 0xff, 0xff, 0x1d, 0x3d, 0x04, 0x35, 0xc2, 0x55, 0x17, 0xfe, 0xfa, 0xfa, 0xfa, 0xfe,
    0xb2, 0xb2, 0xb2, 0xfe, 0x73, 0x73, 0x73, 0x31, 0x35, 0xc1, 0x04, 0x2a, 0x0f, 0xfe, 0xbb, 0xbb,
    0xbb, 0x15, 0x80, 0x88, 0x7f, 0x35, 0xc2, 0x04, 0x35, 0x15, 0x39, 0x1e, 0x95, 0x88, 0x13, 0x55,
    0xc1, 0xa4, 0x88, 0x10, 0xfe, 0xb3, 0xb3, 0xb3, 0x1b, 0x26, 0x7f, 0x04, 0xc2, 0x13, 0x0c, 0xfe,
    0x99, 0x99, 0x99, 0xfe, 0xff, 0xff, 0xff, 0xfe, 0x93, 0x93, 0x93, 0x87, 0x88, 0x22, 0x04, 0xc1,
    0x13, 0x17, 0x00, 0x05, 0xfe, 0xa9, 0xa9, 0xa9, 0x1f, 0x00, 0x35, 0x04, 0xc0, 0x13, 0x04, 0x9a,
    0x88, 0x20, 0xfe, 0xbd, 0xbd, 0xbd, 0x1f, 0x31, 0x04, 0xc0, 0x22, 0x31, 0x22, 0x89, 0x88, 0xfe,
    0xd4, 0xd4, 0xd4, 0x20, 0xfe, 0x8f, 0x8f, 0x8f, 0x08, 0xaf, 0x88, 0x96, 0x88, 0x23, 0x37, 0x8d,
    0x88, 0x80, 0x88, 0xfe, 0xb9, 0xb9, 0xb9, 0xfe, 0xf4, 0xf4, 0xf4, 0x3d, 0xa7, 0x88, 0x35, 0x04,
    0x7f, 0x22, 0x31, 0x1b, 0x37, 0x01, 0xfe, 0x8d, 0x8d, 0x8d, 0x39, 0x31, 0x04, 0xc1, 0x31, 0x39,
    0x38, 0x01, 0x37, 0x1b, 0x00, 0x22, 0x13, 0x04, 0x35, 0x9d, 0x88, 0x2e, 0xfe, 0xf5, 0xf5, 0xf5,
    0xfe, 0xb8, 0xb8, 0xb8, 0xfe, 0x73, 0x73, 0x73, 0xfe, 0x9a, 0x9a, 0x9a, 0xb1, 0x88, 0xb1, 0x88,
    0xaf, 0x88, 0x98, 0x88, 0x2b, 0x35, 0x33, 0x93, 0x88, 0x36, 0x1e, 0x31, 0x04, 0xc0, 0x13, 0x7f,
    0x1f, 0xfe, 0xbd, 0xbd, 0xbd, 0x20, 0x2a, 0x04, 0x13, 0x04, 0xc0, 0x35, 0x00, 0x1f, 0x1c, 0x05,
    0x00, 0x17, 0x13, 0x04, 0xc1, 0x22, 0x1b, 0x12, 0xfe, 0xff, 0xff, 0xff, 0x2c, 0x80, 0x88, 0x13,
    0x04, 0xc2, 0x35, 0x55, 0xfe, 0xfa, 0xfa, 0xfa, 0xfe, 0xb3, 0xb3, 0xb3, 0xfe, 0x75, 0x75, 0x75,
    0x00, 0x04, 0xc1, 0x13, 0x9a, 0x88, 0x1e, 0xfe, 0xbc, 0xbc, 0xbc, 0x15, 0x80, 0x88, 0x7f, 0x35,
    0xc0, 0xa4, 0x88, 0xc1, 0x55, 0xfe, 0x23, 0x23, 0x23, 0xfe, 0xb7, 0xb7, 0xb7, 0xfe, 0x81, 0x81,
    0x81, 0x1f, 0xa6, 0x88, 0x2a, 0xc1, 0x26, 0x27, 0x18, 0xfe, 0xf9, 0xf9, 0xf9, 0x26, 0x7f, 0x04,
    0xc3, 0x97, 0x88, 0x2c, 0xfe, 0xfe, 0xfe, 0xfe, 0xfe, 0x8c, 0x8c, 0x8c, 0x88, 0x88, 0xa9, 0x88,
    0x2a, 0xc1, 0x39, 0x3d, 0x26, 0xfe, 0xed, 0xed, 0xed, 0x0d, 0x1f, 0x00, 0x26, 0x04, 0xc1, 0x35,
    0x9a, 0x88, 0x11, 0xfe, 0xb8, 0xb8, 0xb8, 0xfe, 0x70, 0x70, 0x70, 0x08, 0x2a, 0xc1, 0x1b, 0x35,
    0x27, 0xfe, 0xd2, 0xd2, 0xd2, 0x06, 0x09, 0x39, 0x26, 0xb8, 0x88, 0x23, 0xae, 0x88, 0x2d, 0x95,
    0x88, 0xbe, 0x88, 0xb5, 0x88, 0xfe, 0x8b, 0x8b, 0x8b, 0x98, 0x88, 0x39, 0x1f, 0x9d, 0x88, 0x55,
    0x1f, 0x27, 0xfe, 0x94, 0x94, 0x94, 0xfe, 0xf2, 0xf2, 0xf2, 0x1a, 0x2a, 0x22, 0x04, 0x55, 0xc0,
    0x22, 0x1b, 0x0b, 0x23, 0x12, 0xfe, 0x6d, 0x6d, 0x6d, 0x10, 0x9d, 0x88, 0x01, 0x1b, 0x04, 0xa7,
    0x88, 0x21, 0xfe, 0xf1, 0xf1, 0xf1, 0x90, 0x88, 0x80, 0x88, 0xa3, 0x88, 0x95, 0x88, 0x89, 0x88,
    0x0f, 0x1b, 0xa3, 0x88, 0x36, 0xfe, 0xe0, 0xe0, 0xe0, 0x03, 0x36, 0x26, 0x9a, 0x88, 0x2a, 0xc1,
    0x08, 0x93, 0x88, 0x3d, 0x11, 0x1b, 0x35, 0x7f, 0xc1, 0x26, 0x00, 0x1f, 0x0d, 0xfe, 0xed, 0xed,
    0xed, 0x26, 0x99, 0x88, 0x39, 0x2a, 0xc1, 0x08, 0x01, 0x29, 0x17, 0x2c, 0x3d, 0x04, 0xc3, 0x35,
    0x26, 0xfe, 0xf9, 0xf9, 0xf9, 0xfe, 0xad, 0xad, 0xad, 0x27, 0x26, 0x2a, 0xc1, 0x39, 0x1f, 0x04,
    0x2e, 0x02, 0x80, 0x88, 0x7f, 0xc1, 0x9c, 0x88, 0xc2, 0xbd, 0x88, 0xfe, 0xc2, 0xc2, 0xc2, 0x29,
    0x94, 0x88, 0x2d, 0x0f, 0xc1, 0x1a, 0x3d, 0xfe, 0xbd, 0xbd, 0xbd, 0xfe, 0xfd, 0xfd, 0xfd, 0x3d,
    0xc0, 0x7f, 0xc2, 0x2a, 0x23, 0xfe, 0x92, 0x92, 0x92, 0xfe, 0xff, 0xff, 0xff, 0x3b, 0x84, 0x88,
    0xab, 0x88, 0x0f, 0xc1, 0x1e, 0x9c, 0x88, 0x1a, 0xfe, 0xf2, 0xf2, 0xf2, 0xfe, 0xa3, 0xa3, 0xa3,
    0x36, 0xae, 0x88, 0x0c, 0xc1, 0x2a, 0x0c, 0x01, 0x11, 0x13, 0x1b, 0x2d, 0x0f, 0xc1, 0x00, 0x0b,
    0x3d, 0x24, 0x06, 0x09, 0x08, 0x1b, 0x01, 0x27, 0x1f, 0xae, 0x88, 0x1e, 0xfe, 0xcb, 0xcb, 0xcb,
    0x26, 0xfe, 0xcd, 0xcd, 0xcd, 0x1a, 0x9a, 0x88, 0x9b, 0x88, 0x2e, 0x9a, 0x88, 0x1c, 0x0e, 0x14,
    0xfe, 0xf5, 0xf5, 0xf5, 0xfe, 0x8d, 0x8d, 0x8d, 0x0c, 0x17, 0x0c, 0x1b, 0x39, 0xa4, 0x88, 0x2a,
    0x16, 0x10, 0xfe, 0xb4, 0xb4, 0xb4, 0x88, 0x88, 0xb3, 0x88, 0x01, 0xa9, 0x88, 0xa6, 0x88, 0xa6,
    0x88, 0xa6, 0x88, 0x00, 0x26, 0xfe, 0xc4, 0xc4, 0xc4, 0xfe, 0x7d, 0x7d, 0x7d, 0xc0, 0x92, 0x88,
    0xa2, 0x88, 0x3d, 0x1b, 0x17, 0x09, 0x06, 0x24, 0x3d, 0x0b, 0x9b, 0x88, 0x0f, 0xc1, 0x2d, 0x1b,
    0x13, 0x11, 0xfe, 0x74, 0x74, 0x74, 0x0c, 0x2a, 0x0c, 0xc1, 0x08, 0x36, 0x02, 0x23, 0xfe, 0x8b,
    0x8b, 0x8b, 0x98, 0x88, 0x1e, 0x0f, 0xc1, 0xa3, 0x88, 0x17, 0x3b, 0x26, 0x03, 0x80, 0x88, 0x2a,
    0x0c, 0xc2, 0x3d, 0xc0, 0xfe, 0xfd, 0xfd, 0xfd, 0xfe, 0xbd, 0xbd, 0xbd, 0x3d, 0x1a, 0x0f, 0xc1,
    0x2d, 0x35, 0x29, 0x13, 0x28, 0x83, 0x88, 0xc2, 0xfe, 0x2c, 0x2c, 0x2c, 0xc0, 0x7f, 0x09, 0xb1,
    0x88, 0xfe, 0xb6, 0xb6, 0xb6, 0xa8, 0x88, 0x2e, 0xa4, 0x88, 0xc2, 0x7f, 0x2e, 0xae, 0x88, 0xfe,
    0xf4, 0xf4, 0xf4, 0x3f, 0xc0, 0x7f, 0xc2, 0x7f, 0x30, 0xa9, 0x88, 0xab, 0x88, 0x2a, 0x40, 0x2a,
    0xc5, 0x15, 0xa3, 0x88, 0x30, 0x1d, 0x0e, 0xc1, 0x1d, 0x0e, 0x3f, 0xb5, 0x88, 0x80, 0x88, 0x8d,
    0x88, 0x2a, 0xc3, 0x39, 0x99, 0x88, 0xbf, 0x88, 0xbf, 0x88, 0x80, 0x88, 0x1d, 0xc0, 0x7f, 0x0a,
    0x1d, 0x21, 0x96, 0x88, 0xbc, 0x88, 0x06, 0xfe, 0xb2, 0xb2, 0xb2, 0xb1, 0x88, 0xaf, 0x88, 0xab,
    0x88, 0x24, 0x06, 0x3f, 0x16, 0x40, 0xbb, 0x88, 0x24, 0x99, 0x88, 0xc0, 0x0e, 0x1d, 0x3b, 0xa2,
    0x88, 0xc0, 0x02, 0x1c, 0x87, 0x88, 0x12, 0x28, 0x24, 0x06, 0x3f, 0x93, 0x88, 0x91, 0x88, 0x94,
    0x88, 0x06, 0x2f, 0x86, 0x88, 0x0e, 0x3b, 0xc0, 0x1d, 0x0e, 0x1d, 0x12, 0x32, 0x21, 0x10, 0x39,
    0x2a, 0xc3, 0x3d, 0x1a, 0x3a, 0x3f, 0x0e, 0x1d, 0x0e, 0xc1, 0x1d, 0x30, 0x02, 0x15, 0x2a, 0xc5,
    0x0c, 0x2a, 0x1c, 0x37, 0x30, 0x1d, 0x0e, 0xc2, 0x3f, 0xc0, 0x01, 0x00, 0x2e, 0x39, 0x2a, 0xc2,
    0x2e, 0x17, 0x1f, 0x08, 0x09, 0x18, 0x09, 0xc0, 0xfe, 0xe7, 0xe7, 0xe7, 0xc0, 0x2f, 0x3e, 0x03,
    0xfe, 0x38, 0x38, 0x38, 0x87, 0x88, 0xa3, 0x88, 0x40, 0xc2, 0x06, 0xa5, 0x88, 0x96, 0x88, 0xfe,
    0xc0, 0xc0, 0xc0, 0x26, 0xc7, 0xfe, 0x89, 0x89, 0x89, 0xfe, 0x1c, 0x1c, 0x1c, 0xa9, 0x88, 0x15,
    0xc3, 0x7f, 0x06, 0xfe, 0x5f, 0x5f, 0x5f, 0x26, 0xc7, 0x35, 0xfe, 0x23, 0x23, 0x23, 0x24, 0xc0,
    0x15, 0xc4, 0xa7, 0x88, 0xfe, 0xec, 0xec, 0xec, 0x26, 0xc7, 0xfe, 0x52, 0x52, 0x52, 0xfe, 0x1e,
    0x1e, 0x1e, 0x7f, 0x9a, 0x88, 0x9d, 0x88, 0x55, 0x3f, 0xa2, 0x88, 0xa3, 0x88, 0x3b, 0x07, 0x26,
    0xc7, 0x07, 0x2c, 0xc0, 0x40, 0x30, 0x3f, 0x1d, 0x0a, 0x24, 0x06, 0x03, 0x26, 0xc7, 0x09, 0x3e,
    0x15, 0xc4, 0x24, 0xc0, 0x02, 0x35, 0x26, 0xc7, 0xfe, 0x5f, 0x5f, 0x5f, 0xfe, 0x1f, 0x1f, 0x1f,
    0x24, 0x15, 0xc3, 0x20, 0x19, 0x3c, 0x26, 0xc7, 0x35, 0x3b, 0x11, 0x06, 0x15, 0xc2, 0x33, 0x06,
    0x3d, 0xfe, 0xd2, 0xd2, 0xd2, 0xb5, 0x88, 0x2f, 0x3e, 0xc0, 0x26, 0xc2, 0x0d, 0xfe, 0x2b, 0x2b,
    0x2b, 0xfe, 0x00, 0x00, 0x00, 0xc7, 0x2a, 0xfe, 0xfd, 0xfd, 0xfd, 0x40, 0x08, 0xc3, 0x9b, 0x88,
    0x08, 0xfe, 0x7e, 0x7e, 0x7e, 0x35, 0xa2, 0x88, 0x35, 0xc5, 0xfe, 0x56, 0x56, 0x56, 0x08, 0x3d,
    0x08, 0xc3, 0x9c, 0x88, 0x08, 0xfe, 0xbe, 0xbe, 0xbe, 0xfe, 0x0b, 0x0b, 0x0b, 0x35, 0xc6, 0xae,
    0x88, 0xfe, 0xea, 0xea, 0xea, 0x08, 0x55, 0x08, 0xc2, 0x39, 0x0c, 0xa5, 0x88, 0xfe, 0x40, 0x40,
    0x40, 0xfe, 0x00, 0x00, 0x00, 0x7f, 0x35, 0xc5, 0xfe, 0x8b, 0x8b, 0x8b, 0x08, 0x9a, 0x88, 0x08,
    0xc3, 0x2e, 0x08, 0x1a, 0x35, 0x04, 0x35, 0xc5, 0xfe, 0x40, 0x40, 0x40, 0x17, 0x0c, 0x39, 0x08,
    0xc2, 0x39, 0x08, 0x2b, 0x07, 0x92, 0x88, 0xc6, 0xab, 0x88, 0xfe, 0xbe, 0xbe, 0xbe, 0x08, 0x0c,
    0x08, 0xc3, 0x3d, 0x08, 0x3f, 0x35, 0xc5, 0x13, 0x35, 0xfe, 0x7e, 0x7e, 0x7e, 0x08, 0x3d, 0x08,
    0xc3, 0x2a, 0x08, 0xfe, 0xbb, 0xbb, 0xbb, 0x35, 0xc7, 0x3a, 0x0d, 0x26, 0xc2, 0x55, 0xc0, 0x08,
    0x17, 0x2f, 0x18, 0x04, 0xa4, 0x88, 0x04, 0xc3, 0x00, 0x04, 0x2a, 0x26, 0x08, 0x26, 0xc3, 0x9c,
    0x88, 0x26, 0xfe, 0x80, 0x80, 0x80, 0x04, 0xa6, 0x88, 0x04, 0xc3, 0x00, 0x04, 0xfe, 0x59, 0x59,
    0x59, 0x26, 0x2a, 0x26, 0xc3, 0x2a, 0x26, 0xfe, 0xbf, 0xbf, 0xbf, 0xfe, 0x0f, 0x0f, 0x0f, 0x13,
    0x7f, 0x04, 0xc4, 0xaf, 0x88, 0xfe, 0xeb, 0xeb, 0xeb, 0xb4, 0x88, 0x17, 0x26, 0xc2, 0x17, 0x39,
    0x26, 0xfe, 0x42, 0x42, 0x42, 0x04, 0xa3, 0x88, 0x04, 0xc3, 0x31, 0x04, 0xfe, 0x8d, 0x8d, 0x8d,
    0x26, 0x0c, 0x26, 0xc3, 0x0c, 0x26, 0x38, 0x04, 0x31, 0x04, 0xc3, 0x31, 0x04, 0x13, 0x26, 0x39,
    0x17, 0x26, 0xc2, 0x17, 0x26, 0x3a, 0x25, 0x04, 0xc4, 0x22, 0x55, 0x16, 0xfe, 0xbf, 0xbf, 0xbf,
    0xfe, 0xff, 0xff, 0xff, 0x2a, 0x26, 0xc3, 0x2a, 0x26, 0x2c, 0x04, 0x00, 0x04, 0xc3, 0x1e, 0x04,
    0x35, 0x26, 0x2a, 0x26, 0xc3, 0x08, 0x26, 0xfe, 0xbb, 0xbb, 0xbb, 0x04, 0x00, 0x04, 0xc3, 0x00,
    0x04, 0x18, 0x2f, 0x17, 0x08, 0x17, 0xc0, 0x26, 0xc0, 0x17, 0x26, 0x3e, 0xfe, 0x2c, 0x2c, 0x2c,
    0xfe, 0x00, 0x00, 0x00, 0x31, 0x35, 0xc3, 0x31, 0x35, 0x2a, 0x26, 0x08, 0x26, 0xc3, 0x9c, 0x88,
    0x26, 0xfe, 0x7f, 0x7f, 0x7f, 0x35, 0xa6, 0x88, 0x35, 0xc3, 0x31, 0x35, 0xfe, 0x58, 0x58, 0x58,
    0xfe, 0xff, 0xff, 0xff, 0x2a, 0x26, 0xc3, 0x2a, 0x26, 0xfe, 0xbf, 0xbf, 0xbf, 0x07, 0x04, 0x13,
    0x35, 0xc4, 0x16, 0x3a, 0xb4, 0x88, 0x17, 0x26, 0xc2, 0x17, 0x39, 0x26, 0xfe, 0x41, 0x41, 0x41,
    0x35, 0x22, 0x35, 0xc3, 0x22, 0x35, 0xfe, 0x8c, 0x8c, 0x8c, 0x26, 0x0c, 0x26, 0xc3, 0x0c, 0x26,
    0x29, 0x35, 0x22, 0x35, 0xc3, 0x22, 0x35, 0x04, 0x26, 0x39, 0x17, 0x26, 0xc2, 0x17, 0x26, 0x3a,
    0x16, 0x35, 0xc4, 0x13, 0x55, 0x07, 0xfe, 0xbf, 0xbf, 0xbf, 0xfe, 0xff, 0xff, 0xff, 0x2a, 0x26,
    0xc3, 0x2a, 0x26, 0x1d, 0x35, 0x31, 0x35, 0xc3, 0x0f, 0x35, 0xfe, 0x7f, 0x7f, 0x7f, 0xfe, 0xff,
    0xff, 0xff, 0x2a, 0x26, 0xc3, 0x08, 0x26, 0xfe, 0xbb, 0xbb, 0xbb, 0x35, 0x31, 0x35, 0xc3, 0x31,
    0x35, 0x09, 0x3e, 0x26, 0x17, 0x26, 0xc2, 0x17, 0x26, 0x3e, 0x09, 0x35, 0x31, 0x35, 0xc3, 0x31,
    0x35, 0x2a, 0x26, 0x08, 0x26, 0xc3, 0x9c, 0x88, 0x26, 0xfe, 0x7f, 0x7f, 0x7f, 0x35, 0x0f, 0x35,
    0xc3, 0x31, 0x35, 0x1d, 0xfe, 0xff, 0xff, 0xff, 0x2a, 0x26, 0xc3, 0x2a, 0x26, 0xfe, 0xbf, 0xbf,
    0xbf, 0x07, 0x04, 0x13, 0x35, 0xc4, 0x16, 0x3a, 0xb4, 0x88, 0x17, 0x26, 0xc2, 0x17, 0x39, 0x26,
    0xfe, 0x41, 0x41, 0x41, 0x35, 0x22, 0x35, 0xc3, 0x22, 0x35, 0x29, 0x26, 0x0c, 0x26, 0xc3, 0x0c,
    0x26, 0x29, 0x35, 0x22, 0x35, 0xc3, 0x22, 0x35, 0x04, 0x26, 0x39, 0x17, 0x26, 0xc2, 0x17, 0x26,
    0x3a, 0x16, 0x35, 0xc4, 0x13, 0x55, 0x07, 0xfe, 0xbf, 0xbf, 0xbf, 0xfe, 0xff, 0xff, 0xff, 0x2a,
    0x26, 0xc3, 0x2a, 0x26, 0x1d, 0x35, 0x31, 0x35, 0xc3, 0x0f, 0x35, 0xfe, 0x7f, 0x7f, 0x7f, 0xfe,
    0xff, 0xff, 0xff, 0x2a, 0x26, 0xc3, 0x08, 0x26, 0xfe, 0xbb, 0xbb, 0xbb, 0x35, 0x31, 0x35, 0xc3,
    0x31, 0x35, 0x09, 0x3e, 0x26, 0x17, 0x26, 0xc0, 0x00, 0x00, 0x00, 0x00, 0x00, 0x00, 0x00, 0x01,
};

/* Note: header field is intentionally omitted here.
 * The QOI decoder (see lv_qoi.c, parse_qoi_header()) parses
 * the image header from the raw QOI data at runtime, so
 * pre-populating it would be redundant. */
const lv_image_dsc_t img_qoi_demo = {
    .data_size = sizeof(img_qoi_demo_map),
    .data = img_qoi_demo_map,
};

#endif /*LV_USE_QOI && LV_BUILD_EXAMPLES*/
